tree_id,score,px_xmin,px_ymin,px_xmax,px_ymax,crown_width_px,crown_height_px,crown_diameter_px,crown_width_m,crown_height_m,crown_diameter_m,geo_x,geo_y,mean_r,mean_g,mean_b,std_r,std_g,std_b,greenness_exg,vari,brightness,tile_idx,tile_origin_col,tile_origin_row
0,0.7458,1064.0,1840.0,1102.0,1880.0,38.0,40.0,39.0,2.036,2.144,2.09,638422.154564,3863613.194496,136.1,141.4,57.9,25.1,30.5,17.2,88.77,0.024,111.8,0,0,0
1,0.7323,1691.0,1970.0,1726.0,2000.0,35.0,30.0,32.5,1.876,1.608,1.742,638455.675336,3863606.496203,121.0,130.3,55.9,19.8,23.7,14.6,83.74,0.0476,102.4,0,0,0
2,0.6995,1324.0,2003.0,1360.0,2038.0,36.0,35.0,35.5,1.929,1.876,1.902,638436.034468,3863604.593888,134.7,138.7,66.2,20.0,22.7,23.5,76.51,0.0194,113.2,0,0,0
3,0.6924,667.0,1874.0,709.0,1915.0,42.0,41.0,41.5,2.251,2.197,2.224,638400.98637,3863611.345767,122.9,133.7,48.2,27.4,29.4,16.3,96.21,0.0516,101.6,0,0,0
4,0.6907,1451.0,1501.0,1482.0,1533.0,31.0,32.0,31.5,1.661,1.715,1.688,638442.706468,3863631.574613,125.1,134.8,45.5,24.0,25.7,16.2,98.95,0.0452,101.8,0,0,0
5,0.6901,881.0,1973.0,922.0,2012.0,41.0,39.0,40.0,2.197,2.09,2.144,638412.427913,3863606.094305,142.1,147.8,55.2,31.9,36.1,19.2,98.36,0.0245,115.1,0,0,0
6,0.681,1215.0,1604.0,1242.0,1632.0,27.0,28.0,27.5,1.447,1.5,1.474,638429.951961,3863626.162392,122.1,130.3,54.7,22.1,27.5,13.5,83.71,0.0415,102.4,0,0,0
7,0.6806,1477.0,1585.0,1513.0,1620.0,36.0,35.0,35.5,1.929,1.876,1.902,638444.233793,3863626.99298,121.6,131.5,44.2,24.3,27.8,14.8,97.03,0.047,99.1,0,0,0
8,0.6783,473.0,1920.0,499.0,1947.0,26.0,27.0,26.5,1.393,1.447,1.42,638390.161117,3863609.2559,119.9,130.1,41.2,25.7,26.7,16.5,99.08,0.0488,97.1,0,0,0
9,0.6584,2016.0,1727.0,2046.0,1759.0,30.0,32.0,31.0,1.608,1.715,1.661,638472.958228,3863619.464099,149.7,154.3,56.3,29.6,30.0,15.8,102.49,0.0183,120.1,0,0,0
10,0.6572,792.0,1851.0,832.0,1887.0,40.0,36.0,38.0,2.144,1.929,2.036,638407.631575,3863612.712219,121.0,133.2,45.8,31.3,32.6,18.8,99.58,0.0585,100.0,0,0,0
11,0.6484,1411.0,1513.0,1434.0,1537.0,23.0,24.0,23.5,1.233,1.286,1.259,638440.348492,3863631.145922,114.1,126.9,39.4,25.8,28.6,15.4,100.19,0.0632,93.5,0,0,0
12,0.644,1966.0,1792.0,1995.0,1823.0,29.0,31.0,30.0,1.554,1.661,1.608,638470.251915,3863616.007779,116.6,126.1,46.1,27.0,26.1,17.8,89.53,0.0484,96.3,0,0,0
13,0.6435,1800.0,1959.0,1836.0,1993.0,36.0,34.0,35.0,1.929,1.822,1.876,638461.543481,3863606.97848,131.1,133.9,58.0,24.2,25.9,17.7,78.7,0.0135,107.6,0,0,0
14,0.6427,1038.0,1635.0,1067.0,1663.0,29.0,28.0,28.5,1.554,1.5,1.527,638420.520057,3863624.501215,93.5,102.9,41.4,21.5,24.6,13.6,71.06,0.0612,79.3,0,0,0
15,0.6389,2010.0,1775.0,2039.0,1804.0,29.0,29.0,29.0,1.554,1.554,1.554,638472.609891,3863616.972334,137.2,143.6,64.7,31.8,31.1,23.7,85.19,0.0292,115.2,0,0,0
16,0.6367,1086.0,1909.0,1115.0,1937.0,29.0,28.0,28.5,1.554,1.5,1.527,638423.092395,3863609.818556,135.2,143.7,51.4,24.3,28.5,16.4,100.85,0.0373,110.1,0,0,0
17,0.636,823.0,1930.0,862.0,1965.0,39.0,35.0,37.0,2.09,1.876,1.983,638409.266081,3863608.505691,125.7,137.8,46.7,32.7,34.9,18.7,103.21,0.0557,103.4,0,0,0
18,0.6358,1124.0,1838.0,1164.0,1879.0,40.0,41.0,40.5,2.144,2.197,2.17,638425.423576,3863613.274876,128.2,136.4,54.8,24.9,27.5,19.7,89.8,0.0391,106.5,0,0,0
19,0.6353,1982.0,1363.0,2011.0,1397.0,29.0,34.0,31.5,1.554,1.822,1.688,638471.109361,3863638.915942,117.3,121.8,53.3,24.5,28.3,16.7,72.91,0.0239,97.5,0,0,0
20,0.633,996.0,1760.0,1024.0,1787.0,28.0,27.0,27.5,1.5,1.447,1.474,638418.242467,3863617.829715,99.7,115.7,36.8,18.6,21.7,10.7,94.87,0.0898,84.1,0,0,0
21,0.6259,1160.0,1934.0,1184.0,1960.0,24.0,26.0,25.0,1.286,1.393,1.34,638426.924106,3863608.532484,145.8,141.5,79.2,22.0,24.9,15.1,58.01,-0.0207,122.1,0,0,0
22,0.6207,1904.0,1538.0,1939.0,1573.0,35.0,35.0,35.0,1.876,1.876,1.876,638467.090083,3863629.511539,132.9,133.2,65.5,28.0,33.5,20.6,67.98,0.0015,110.6,0,0,0
23,0.6201,1239.0,1642.0,1268.0,1671.0,29.0,29.0,29.0,1.554,1.554,1.554,638431.291721,3863624.099318,104.2,115.4,40.0,22.5,26.7,15.4,86.58,0.0624,86.5,0,0,0
24,0.6201,2012.0,1817.0,2042.0,1844.0,30.0,27.0,28.5,1.608,1.447,1.527,638472.743867,3863614.775293,147.5,146.2,146.4,38.6,40.3,40.1,-1.49,-0.0089,146.7,0,0,0
25,0.6161,1799.0,1600.0,1842.0,1634.0,43.0,34.0,38.5,2.304,1.822,2.063,638461.677457,3863626.215978,110.4,119.7,43.7,28.6,33.1,18.2,85.3,0.0499,91.3,0,0,0
26,0.6141,1095.0,1617.0,1123.0,1642.0,28.0,25.0,26.5,1.5,1.34,1.42,638423.547913,3863625.546149,109.7,119.0,40.0,19.8,22.9,16.6,88.32,0.0494,89.6,0,0,0
27,0.6138,1929.0,1392.0,1964.0,1426.0,35.0,34.0,34.5,1.876,1.822,1.849,638468.429842,3863637.361938,144.3,152.3,44.7,31.7,33.8,15.5,115.57,0.0318,113.7,0,0,0
28,0.6127,1936.0,1449.0,1961.0,1475.0,25.0,26.0,25.5,1.34,1.393,1.367,638468.537023,3863634.521862,137.4,138.7,63.1,27.7,31.9,17.7,76.97,0.0063,113.1,0,0,0
29,0.612,644.0,1807.0,670.0,1837.0,26.0,30.0,28.0,1.393,1.608,1.5,638399.325069,3863615.230777,105.3,114.7,37.6,22.5,24.4,12.6,86.39,0.0512,85.9,0,0,0
30,0.6101,1598.0,1630.0,1624.0,1654.0,26.0,24.0,25.0,1.393,1.286,1.34,638450.450275,3863624.87632,125.7,134.3,39.7,26.0,27.4,13.7,103.17,0.0391,99.9,0,0,0
31,0.608,409.0,1917.0,448.0,1958.0,39.0,41.0,40.0,2.09,2.197,2.144,638387.079671,3863609.041554,118.0,119.8,50.8,25.6,30.5,17.4,70.86,0.0097,96.2,0,0,0
32,0.606,1919.0,1897.0,1962.0,1935.0,43.0,38.0,40.5,2.304,2.036,2.17,638468.1083,3863610.193661,132.8,133.9,65.1,31.1,35.5,20.2,69.84,0.0053,110.6,0,0,0
33,0.6059,1595.0,1403.0,1629.0,1436.0,34.0,33.0,33.5,1.822,1.768,1.795,638450.503866,3863636.799282,114.0,123.5,43.4,25.8,27.1,17.5,89.58,0.0488,93.6,0,0,0
34,0.6037,1755.0,1572.0,1783.0,1600.0,28.0,28.0,28.0,1.5,1.5,1.5,638458.917553,3863627.877155,126.8,135.9,50.6,28.0,29.5,17.8,94.51,0.0432,104.4,0,0,0
35,0.5938,1337.0,1806.0,1366.0,1835.0,29.0,29.0,29.0,1.554,1.554,1.554,638436.543576,3863615.311157,142.3,155.4,48.0,30.3,30.0,17.4,120.55,0.0525,115.2,0,0,0
36,0.5935,1598.0,1892.0,1626.0,1920.0,28.0,28.0,28.0,1.5,1.5,1.5,638450.503866,3863610.729524,145.6,151.8,60.5,28.7,31.0,20.7,97.47,0.0262,119.3,0,0,0
37,0.593,1257.0,1961.0,1300.0,1998.0,43.0,37.0,40.0,2.304,1.983,2.144,638432.63148,3863606.790928,118.7,128.4,53.1,23.3,25.6,16.8,84.98,0.0501,100.1,0,0,0
38,0.5923,1626.0,1794.0,1664.0,1835.0,38.0,41.0,39.5,2.036,2.197,2.117,638452.272348,3863615.632675,127.6,133.9,52.2,25.4,30.2,16.6,88.19,0.0305,104.6,0,0,0
39,0.5894,478.0,1977.0,499.0,1998.0,21.0,21.0,21.0,1.125,1.125,1.125,638390.295093,3863606.362237,118.8,127.3,38.5,29.8,30.7,16.1,97.34,0.041,94.9,0,0,0
40,0.5835,1735.0,1528.0,1760.0,1552.0,25.0,24.0,24.5,1.34,1.286,1.313,638457.76536,3863630.342127,128.2,141.2,56.4,27.4,27.5,17.8,97.88,0.0613,108.6,0,0,0
41,0.5834,983.0,1858.0,1009.0,1883.0,26.0,25.0,25.5,1.393,1.34,1.367,638417.492202,3863612.63184,116.7,126.7,45.0,27.5,31.8,14.9,91.58,0.0501,96.1,0,0,0
42,0.5827,1198.0,1981.0,1229.0,2011.0,31.0,30.0,30.5,1.661,1.608,1.634,638429.148106,3863605.906753,131.5,133.4,64.1,24.2,30.8,15.6,71.27,0.0097,109.7,0,0,0
43,0.5812,1982.0,1859.0,2020.0,1898.0,38.0,39.0,38.5,2.036,2.09,2.063,638471.350517,3863612.203149,118.8,128.9,59.3,31.3,34.9,21.4,79.63,0.0535,102.3,0,0,0
44,0.581,1907.0,1289.0,1932.0,1315.0,25.0,26.0,25.5,1.34,1.393,1.367,638466.982903,3863643.095677,157.5,132.7,93.7,18.3,16.4,14.7,14.09,-0.1266,128.0,0,0,0
45,0.5765,1553.0,1657.0,1584.0,1687.0,31.0,30.0,30.5,1.661,1.608,1.634,638448.172685,3863623.268729,131.3,137.0,53.5,26.3,30.6,16.2,89.16,0.0266,107.3,0,0,0
46,0.572,750.0,1910.0,789.0,1951.0,39.0,41.0,40.0,2.09,2.197,2.144,638405.353985,3863609.416659,124.7,138.0,41.2,25.7,25.6,17.2,109.95,0.0597,101.3,0,0,0
47,0.5712,1566.0,1992.0,1594.0,2022.0,28.0,30.0,29.0,1.5,1.608,1.554,638448.788974,3863605.317303,137.5,143.4,63.7,24.8,28.5,18.3,85.63,0.0272,114.9,0,0,0
48,0.5692,1356.0,1494.0,1385.0,1520.0,29.0,26.0,27.5,1.554,1.393,1.474,638437.561793,3863632.110476,96.0,101.8,43.1,18.3,24.1,13.7,64.49,0.0375,80.3,0,0,0
49,0.5663,842.0,1723.0,864.0,1744.0,22.0,21.0,21.5,1.179,1.125,1.152,638409.82878,3863619.973169,124.3,128.3,48.8,22.4,26.6,14.6,83.64,0.0201,100.5,0,0,0
50,0.5663,654.0,1934.0,697.0,1980.0,43.0,46.0,44.5,2.304,2.465,2.385,638400.31649,3863607.996621,134.0,137.1,47.4,31.0,30.5,21.1,92.83,0.0139,106.1,0,0,0
51,0.5646,1831.0,1453.0,1864.0,1488.0,33.0,35.0,34.0,1.768,1.876,1.822,638463.124396,3863634.066378,126.7,138.8,50.7,31.7,33.0,20.3,100.21,0.0564,105.4,0,0,0
52,0.5645,1480.0,1630.0,1512.0,1661.0,32.0,31.0,31.5,1.715,1.661,1.688,638444.287384,3863624.688767,127.9,136.8,51.8,22.5,23.8,20.0,93.84,0.0416,105.5,0,0,0
53,0.5644,1901.0,1602.0,1930.0,1626.0,29.0,24.0,26.5,1.554,1.286,1.42,638466.768541,3863626.376737,114.2,127.1,41.8,27.4,29.9,17.0,98.13,0.0647,94.4,0,0,0
54,0.5626,1983.0,1291.0,2012.0,1320.0,29.0,29.0,29.0,1.554,1.554,1.554,638471.162951,3863642.908125,114.1,123.6,45.5,19.4,21.2,14.8,87.64,0.0497,94.4,0,0,0
55,0.5625,1898.0,1958.0,1933.0,1987.0,35.0,29.0,32.0,1.876,1.554,1.715,638466.768541,3863607.166032,140.9,146.5,68.8,33.4,37.4,21.6,83.39,0.0259,118.7,0,0,0
56,0.5618,1048.0,1688.0,1082.0,1717.0,34.0,29.0,31.5,1.822,1.554,1.688,638421.189937,3863621.634346,111.7,118.5,46.5,20.3,20.0,14.7,78.71,0.0367,92.2,0,0,0
57,0.5595,989.0,1952.0,1025.0,1990.0,36.0,38.0,37.0,1.929,2.036,1.983,638418.081696,3863607.246412,116.6,130.3,43.4,28.0,29.9,17.8,100.46,0.067,96.8,0,0,0
58,0.557,1432.0,1985.0,1471.0,2025.0,39.0,40.0,39.5,2.09,2.144,2.117,638441.902613,3863605.424476,150.8,151.4,65.3,26.2,28.0,20.4,86.76,0.0026,122.5,0,0,0
59,0.5558,1363.0,1885.0,1393.0,1915.0,30.0,30.0,30.0,1.608,1.608,1.608,638437.963721,3863611.051042,104.5,111.8,47.8,19.5,24.7,14.1,71.36,0.0433,88.0,0,0,0
60,0.5535,1015.0,1814.0,1041.0,1839.0,26.0,25.0,25.5,1.393,1.34,1.367,638419.207094,3863614.989639,106.2,113.3,46.3,24.0,27.7,15.3,74.15,0.0414,88.6,0,0,0
61,0.5526,1833.0,1793.0,1858.0,1818.0,25.0,25.0,25.0,1.34,1.34,1.34,638463.017216,3863616.114952,169.9,158.3,148.2,23.6,25.9,27.2,-1.54,-0.0645,158.8,0,0,0
62,0.5521,1536.0,1904.0,1574.0,1940.0,38.0,36.0,37.0,2.036,1.929,1.983,638447.449215,3863609.872143,109.3,117.3,41.8,24.2,30.3,16.6,83.49,0.0431,89.5,0,0,0
63,0.5519,1513.0,1500.0,1544.0,1527.0,31.0,27.0,29.0,1.661,1.447,1.554,638446.02907,3863631.762165,120.7,122.5,48.4,25.5,27.7,17.0,76.0,0.0095,97.2,0,0,0
64,0.5517,1548.0,1424.0,1572.0,1455.0,24.0,31.0,27.5,1.286,1.661,1.474,638447.717167,3863635.727555,120.6,126.8,47.1,21.3,22.7,15.8,85.82,0.0307,98.2,0,0,0
65,0.5515,1023.0,1886.0,1047.0,1909.0,24.0,23.0,23.5,1.286,1.233,1.259,638419.582226,3863611.185008,99.2,119.2,33.5,28.6,29.0,15.2,105.73,0.108,84.0,0,0,0
66,0.5498,1191.0,1662.0,1218.0,1689.0,27.0,27.0,27.0,1.447,1.447,1.447,638428.665793,3863623.081177,87.4,100.5,37.4,21.8,23.7,14.8,76.19,0.0869,75.1,0,0,0
67,0.5479,1568.0,1816.0,1599.0,1847.0,31.0,31.0,31.0,1.661,1.661,1.661,638448.97654,3863614.721707,122.4,130.6,53.0,24.6,30.0,15.6,85.79,0.0411,102.0,0,0,0
68,0.5475,1953.0,1967.0,1994.0,2003.0,41.0,36.0,38.5,2.197,1.929,2.063,638469.876782,3863606.496203,116.3,120.9,48.7,27.5,31.0,16.8,76.86,0.0245,95.3,0,0,0
69,0.5455,1948.0,1273.0,1970.0,1297.0,22.0,24.0,23.0,1.179,1.286,1.233,638469.099722,3863644.006645,124.8,129.6,55.7,23.2,29.2,20.4,78.63,0.024,103.3,0,0,0
70,0.5413,1519.0,1548.0,1548.0,1577.0,29.0,29.0,29.0,1.554,1.554,1.554,638446.297022,3863629.136434,125.3,133.0,61.6,22.7,23.7,19.8,79.16,0.0393,106.6,0,0,0
71,0.5386,2011.0,1915.0,2041.0,1946.0,30.0,31.0,30.5,1.608,1.661,1.634,638472.690276,3863609.416659,121.6,128.9,54.4,31.1,33.8,22.0,81.84,0.0373,101.6,0,0,0
72,0.5349,1348.0,1538.0,1373.0,1563.0,25.0,25.0,25.0,1.34,1.34,1.34,638437.025889,3863629.77947,113.2,121.8,45.8,23.5,27.2,15.5,84.7,0.046,93.6,0,0,0
73,0.5339,1427.0,1960.0,1467.0,1996.0,40.0,36.0,38.0,2.144,1.929,2.036,638441.661456,3863606.871307,131.6,133.4,55.7,27.2,30.8,20.0,79.35,0.0083,106.9,0,0,0
74,0.5331,1305.0,1554.0,1332.0,1582.0,27.0,28.0,27.5,1.447,1.5,1.474,638434.775094,3863628.841709,115.5,125.2,50.9,25.2,28.0,19.8,84.04,0.0513,97.2,0,0,0
75,0.5305,1878.0,1464.0,1902.0,1487.0,24.0,23.0,23.5,1.286,1.233,1.259,638465.401987,3863633.798446,137.6,148.1,51.4,21.7,25.0,15.4,107.28,0.0449,112.4,0,0,0
76,0.53,1047.0,1962.0,1086.0,1996.0,39.0,34.0,36.5,2.09,1.822,1.956,638421.270323,3863606.817721,117.3,124.5,48.3,31.4,31.5,21.9,83.36,0.037,96.7,0,0,0
77,0.5296,1690.0,1403.0,1737.0,1444.0,47.0,41.0,44.0,2.519,2.197,2.358,638455.943288,3863636.584936,102.3,117.4,37.2,27.0,27.8,15.7,95.24,0.0827,85.6,0,0,0
78,0.5287,1413.0,1889.0,1445.0,1921.0,32.0,32.0,32.0,1.715,1.715,1.715,638440.696829,3863610.783111,116.1,127.2,48.7,26.3,28.9,18.8,89.64,0.0572,97.3,0,0,0
79,0.5254,1981.0,1561.0,2005.0,1586.0,24.0,25.0,24.5,1.286,1.34,1.313,638470.921794,3863628.546984,121.8,135.7,49.1,34.7,33.0,23.9,100.56,0.0668,102.2,0,0,0
80,0.5246,1514.0,1785.0,1543.0,1817.0,29.0,32.0,30.5,1.554,1.715,1.634,638446.02907,3863616.356091,147.3,150.3,57.2,23.1,27.7,15.9,96.09,0.0124,118.2,0,0,0
81,0.524,518.0,1930.0,555.0,1964.0,37.0,34.0,35.5,1.983,1.822,1.902,638392.86743,3863608.532484,105.5,114.3,34.9,25.4,27.9,15.6,88.2,0.0477,84.9,0,0,0
82,0.521,1301.0,1694.0,1326.0,1718.0,25.0,24.0,24.5,1.34,1.286,1.313,638434.507142,3863621.446794,100.2,114.0,43.6,16.5,19.9,15.4,84.31,0.0809,85.9,0,0,0
83,0.5206,931.0,1839.0,962.0,1869.0,31.0,30.0,30.5,1.661,1.608,1.634,638414.839479,3863613.516014,116.8,124.8,48.5,21.8,23.6,17.1,84.33,0.0417,96.7,0,0,0
84,0.5189,1059.0,1739.0,1086.0,1765.0,27.0,26.0,26.5,1.447,1.393,1.42,638421.591865,3863618.981822,118.0,125.1,63.1,20.9,24.6,15.2,69.01,0.0389,102.1,0,0,0
85,0.5164,1108.0,1659.0,1145.0,1697.0,37.0,38.0,37.5,1.983,2.036,2.01,638424.485744,3863622.947211,114.2,119.7,40.2,26.9,29.4,16.3,85.02,0.0286,91.4,0,0,0
86,0.5154,1429.0,1641.0,1462.0,1669.0,33.0,28.0,30.5,1.768,1.5,1.634,638441.58107,3863624.179697,129.6,139.9,43.5,24.9,24.7,16.2,106.82,0.0459,104.3,0,0,0
87,0.5147,1568.0,1778.0,1592.0,1802.0,24.0,24.0,24.0,1.286,1.286,1.286,638448.788974,3863616.94554,128.9,137.3,49.5,24.7,27.7,17.5,96.14,0.0386,105.2,0,0,0
88,0.5144,1871.0,1384.0,1901.0,1416.0,30.0,32.0,31.0,1.608,1.715,1.661,638465.187625,3863637.844215,118.8,126.6,53.8,24.5,26.5,16.8,80.63,0.0406,99.7,0,0,0
89,0.5056,1749.0,1965.0,1771.0,1986.0,22.0,21.0,21.5,1.179,1.125,1.152,638458.43524,3863607.005273,126.4,131.1,60.8,22.5,24.9,14.8,75.01,0.024,106.1,0,0,0
90,0.5049,1644.0,1922.0,1666.0,1944.0,22.0,22.0,22.0,1.179,1.179,1.179,638452.808251,3863609.282693,123.1,126.5,54.9,19.6,24.8,13.9,74.95,0.0173,101.5,0,0,0
91,0.5045,1780.0,1515.0,1816.0,1550.0,36.0,35.0,35.5,1.929,1.876,1.902,638460.471673,3863630.744025,119.1,128.0,48.1,29.8,30.3,20.7,88.85,0.0448,98.4,0,0,0
92,0.5036,889.0,1890.0,921.0,1919.0,32.0,29.0,30.5,1.715,1.554,1.634,638412.615479,3863610.809904,143.8,142.8,73.4,29.8,35.6,21.1,68.36,-0.0046,120.0,0,0,0
93,0.5034,1839.0,1291.0,1861.0,1319.0,22.0,28.0,25.0,1.179,1.5,1.34,638463.258372,3863642.934918,143.6,129.1,86.9,28.7,28.2,26.1,27.76,-0.078,119.8,0,0,0
94,0.5023,1981.0,1456.0,2005.0,1480.0,24.0,24.0,24.0,1.286,1.286,1.286,638470.921794,3863634.200344,122.3,128.1,53.9,22.8,25.8,15.0,80.14,0.0299,101.4,0,0,0
95,0.5012,1533.0,1597.0,1557.0,1623.0,24.0,26.0,25.0,1.286,1.393,1.34,638446.913311,3863626.591083,142.9,138.4,131.7,30.0,30.9,30.4,2.23,-0.0299,137.7,0,0,0
96,0.4941,1562.0,1738.0,1583.0,1760.0,21.0,22.0,21.5,1.125,1.179,1.152,638448.387046,3863619.142581,135.2,147.5,53.2,20.5,22.8,15.4,106.55,0.0536,112.0,0,0,0
97,0.4936,1309.0,1884.0,1336.0,1912.0,27.0,28.0,27.5,1.447,1.5,1.474,638434.989456,3863611.158215,110.6,120.4,45.9,22.6,20.1,16.7,84.33,0.0529,92.3,0,0,0
98,0.4934,962.0,1675.0,987.0,1702.0,25.0,27.0,26.0,1.34,1.447,1.393,638416.340009,3863622.384555,113.1,122.1,45.9,27.5,30.8,18.2,85.24,0.0474,93.7,0,0,0
99,0.4934,1292.0,1844.0,1320.0,1868.0,28.0,24.0,26.0,1.5,1.286,1.393,638434.105215,3863613.408842,97.5,111.8,41.4,21.4,22.4,16.2,84.68,0.0851,83.6,0,0,0
100,0.4905,670.0,2031.0,699.0,2047.0,29.0,16.0,22.5,1.554,0.857,1.206,638400.798804,3863603.60254,107.1,107.0,47.2,22.6,24.1,13.0,59.83,-0.0002,87.1,0,0,0
101,0.4904,1912.0,2003.0,1943.0,2030.0,31.0,27.0,29.0,1.661,1.447,1.554,638467.411625,3863604.808233,109.8,121.5,44.9,28.6,28.5,16.7,88.37,0.0628,92.1,0,0,0
102,0.4897,1317.0,1927.0,1354.0,1959.0,37.0,32.0,34.5,1.983,1.715,1.849,638435.68613,3863608.74683,139.6,145.3,64.0,21.2,21.6,16.4,87.08,0.0261,116.3,0,0,0
103,0.4868,1788.0,1818.0,1817.0,1843.0,29.0,25.0,27.0,1.554,1.34,1.447,638460.71283,3863614.775293,135.8,144.4,60.0,28.9,26.3,27.4,92.89,0.0388,113.4,0,0,0
104,0.4863,1622.0,1705.0,1647.0,1730.0,25.0,25.0,25.0,1.34,1.34,1.34,638451.709649,3863620.830551,133.2,143.7,49.6,23.4,25.5,13.4,104.53,0.0459,108.8,0,0,0
105,0.4863,913.0,1803.0,937.0,1824.0,24.0,21.0,22.5,1.286,1.125,1.206,638413.687286,3863615.686261,106.2,119.8,44.6,18.2,20.7,14.6,88.76,0.075,90.2,0,0,0
106,0.4836,1348.0,1722.0,1372.0,1748.0,24.0,26.0,25.0,1.286,1.393,1.34,638436.999094,3863619.89279,96.9,112.6,36.2,20.7,23.8,14.7,92.01,0.0903,81.9,0,0,0
107,0.4831,1810.0,1870.0,1841.0,1898.0,31.0,28.0,29.5,1.661,1.5,1.581,638461.945408,3863611.908424,149.2,149.0,70.8,28.7,35.1,21.7,77.87,-0.0012,123.0,0,0,0
108,0.482,1738.0,1845.0,1759.0,1865.0,21.0,20.0,20.5,1.125,1.072,1.099,638457.81895,3863613.462428,143.3,152.0,64.2,22.3,24.5,15.3,96.53,0.0376,119.8,0,0,0
109,0.4819,1712.0,2016.0,1740.0,2044.0,28.0,28.0,28.0,1.5,1.5,1.5,638456.613167,3863604.084817,114.7,126.7,53.6,23.2,24.0,20.3,85.07,0.0637,98.3,0,0,0
110,0.4816,1396.0,1737.0,1423.0,1766.0,27.0,29.0,28.0,1.447,1.554,1.5,638439.651817,3863619.008615,137.7,146.2,58.9,23.8,24.5,18.0,95.76,0.0377,114.2,0,0,0
111,0.4775,756.0,1770.0,785.0,1794.0,29.0,24.0,26.5,1.554,1.286,1.42,638405.407575,3863617.374231,102.7,112.4,35.1,22.3,25.4,13.9,86.94,0.0538,83.4,0,0,0
112,0.4773,1189.0,1884.0,1213.0,1907.0,24.0,23.0,23.5,1.286,1.233,1.259,638428.478226,3863611.292181,137.2,144.8,55.4,23.4,24.4,14.9,96.93,0.0333,112.4,0,0,0
113,0.4759,1471.0,1548.0,1497.0,1572.0,26.0,24.0,25.0,1.393,1.286,1.34,638443.644299,3863629.2704,105.5,112.3,42.2,21.1,22.9,16.9,76.82,0.0385,86.7,0,0,0
114,0.4747,1780.0,1723.0,1823.0,1765.0,43.0,42.0,42.5,2.304,2.251,2.278,638460.65924,3863619.410512,140.6,145.1,61.3,36.0,41.6,18.9,88.32,0.0203,115.7,0,0,0
115,0.4742,1545.0,1950.0,1570.0,1974.0,25.0,24.0,24.5,1.34,1.286,1.313,638447.583191,3863607.728689,124.7,135.0,49.3,24.3,25.6,17.6,95.98,0.049,103.0,0,0,0
116,0.4725,1158.0,1593.0,1179.0,1615.0,21.0,22.0,21.5,1.125,1.179,1.152,638426.73654,3863626.912601,116.1,101.8,87.3,23.5,22.3,20.7,0.21,-0.1094,101.7,0,0,0
117,0.4714,1260.0,1721.0,1292.0,1752.0,32.0,31.0,31.5,1.715,1.661,1.688,638432.497504,3863619.81241,109.5,123.4,41.3,21.5,22.6,15.9,95.91,0.0722,91.4,0,0,0
118,0.471,1367.0,1931.0,1394.0,1957.0,27.0,26.0,26.5,1.447,1.393,1.42,638438.097697,3863608.693243,121.0,128.7,48.2,24.9,25.2,18.4,88.18,0.0383,99.3,0,0,0
119,0.4691,835.0,1986.0,856.0,2006.0,21.0,20.0,20.5,1.125,1.072,1.099,638409.426852,3863605.906753,105.3,122.9,31.0,23.9,24.3,15.3,109.52,0.0894,86.4,0,0,0
120,0.4688,560.0,1890.0,594.0,1920.0,34.0,30.0,32.0,1.822,1.608,1.715,638395.03784,3863610.783111,108.6,119.1,38.7,24.3,24.6,16.5,90.8,0.0552,88.8,0,0,0
121,0.4654,1679.0,1371.0,1706.0,1398.0,27.0,27.0,27.0,1.447,1.447,1.447,638454.81789,3863638.674804,84.2,99.8,34.5,19.4,22.6,11.7,80.91,0.1047,72.8,0,0,0
122,0.4626,1579.0,1855.0,1608.0,1880.0,29.0,25.0,27.0,1.554,1.34,1.447,638449.512444,3863612.792599,122.9,132.7,52.0,23.6,24.7,16.7,90.48,0.0483,102.5,0,0,0
123,0.4613,1425.0,1704.0,1444.0,1726.0,19.0,22.0,20.5,1.018,1.179,1.099,638440.991576,3863620.964516,174.9,129.1,98.1,37.5,30.4,26.5,-14.8,-0.2224,134.0,0,0,0
124,0.4609,1914.0,1684.0,1949.0,1718.0,35.0,34.0,34.5,1.876,1.822,1.849,638467.625987,3863621.714725,140.0,149.0,52.1,30.9,31.4,18.0,105.79,0.0376,113.7,0,0,0
125,0.4599,1104.0,1982.0,1140.0,2017.0,36.0,35.0,35.5,1.929,1.876,1.902,638424.244588,3863605.719201,134.4,140.7,57.2,27.1,27.0,20.3,89.72,0.0287,110.8,0,0,0
126,0.4588,772.0,1808.0,808.0,1840.0,36.0,32.0,34.0,1.929,1.715,1.822,638406.452587,3863615.123605,90.3,102.1,33.2,19.7,23.9,12.9,80.6,0.0736,75.2,0,0,0
127,0.4585,1745.0,1704.0,1765.0,1726.0,20.0,22.0,21.0,1.072,1.179,1.125,638458.167288,3863620.964516,122.9,132.4,51.5,25.5,27.5,14.1,90.37,0.0464,102.3,0,0,0
128,0.4555,1500.0,1432.0,1528.0,1457.0,28.0,25.0,26.5,1.5,1.34,1.42,638445.25201,3863635.459623,104.2,111.8,42.4,17.3,22.6,11.3,76.96,0.0438,86.1,0,0,0
129,0.4549,1976.0,1416.0,2012.0,1443.0,36.0,27.0,31.5,1.929,1.447,1.688,638470.975385,3863636.263418,119.2,137.7,42.6,25.6,26.2,14.9,113.63,0.0865,99.8,0,0,0
130,0.4548,1123.0,1887.0,1160.0,1918.0,37.0,31.0,34.0,1.983,1.661,1.822,638425.2896,3863610.917077,138.2,145.0,55.3,26.9,30.6,13.5,96.57,0.03,112.8,0,0,0
131,0.4538,1068.0,1879.0,1092.0,1902.0,24.0,23.0,23.5,1.286,1.233,1.259,638421.993792,3863611.560113,107.3,124.9,39.4,19.5,18.1,12.5,103.11,0.0913,90.5,0,0,0
132,0.4526,430.0,1985.0,457.0,2011.0,27.0,26.0,26.5,1.447,1.393,1.42,638387.883526,3863605.79958,135.3,136.6,50.3,33.6,36.0,21.5,87.54,0.0057,107.4,0,0,0
133,0.4506,483.0,1857.0,512.0,1888.0,29.0,31.0,30.0,1.554,1.661,1.608,638390.777406,3863612.524667,91.3,86.4,76.7,14.4,15.3,16.7,4.7,-0.049,84.8,0,0,0
134,0.4499,1941.0,1636.0,1967.0,1660.0,26.0,24.0,25.0,1.393,1.286,1.34,638468.83177,3863624.554802,87.7,107.3,33.1,22.1,23.1,12.6,93.77,0.1211,76.0,0,0,0
135,0.4498,603.0,1830.0,621.0,1849.0,18.0,19.0,18.5,0.965,1.018,0.991,638396.913502,3863614.293016,98.9,110.9,30.2,17.5,18.5,10.6,92.62,0.0664,80.0,0,0,0
136,0.4484,1998.0,1603.0,2027.0,1628.0,29.0,25.0,27.0,1.554,1.34,1.447,638471.966806,3863626.296358,103.0,117.1,45.4,27.7,26.0,17.3,85.7,0.0803,88.5,0,0,0
137,0.4459,228.0,2034.0,259.0,2047.0,31.0,13.0,22.0,1.661,0.697,1.179,638377.165453,3863603.522161,120.6,129.4,47.2,26.0,27.0,14.2,91.03,0.0433,99.1,0,0,0
138,0.4458,1529.0,1697.0,1561.0,1736.0,32.0,39.0,35.5,1.715,2.09,1.902,638446.913311,3863620.884137,162.0,162.1,154.5,39.1,41.0,41.0,7.75,0.0006,159.5,0,0,0
139,0.4436,1662.0,1728.0,1682.0,1749.0,20.0,21.0,20.5,1.072,1.125,1.099,638453.719288,3863619.705237,151.6,153.8,66.7,18.4,24.4,14.4,89.27,0.0093,124.0,0,0,0
140,0.4431,1561.0,1518.0,1585.0,1542.0,24.0,24.0,24.0,1.286,1.286,1.286,638448.413842,3863630.87799,123.2,127.5,49.6,27.3,32.4,22.0,82.09,0.0212,100.1,0,0,0
141,0.4409,1635.0,1838.0,1663.0,1866.0,28.0,28.0,28.0,1.5,1.5,1.5,638452.486709,3863613.623187,135.1,138.7,57.6,22.2,26.7,15.2,84.65,0.0167,110.5,0,0,0
142,0.4409,1022.0,2036.0,1046.0,2047.0,24.0,11.0,17.5,1.286,0.589,0.938,638419.528636,3863603.468574,110.4,128.3,41.6,30.8,31.5,15.2,104.64,0.0909,93.4,0,0,0
143,0.4402,1652.0,1880.0,1672.0,1900.0,20.0,20.0,20.0,1.072,1.072,1.072,638453.183384,3863611.586906,141.6,145.9,70.5,31.9,29.6,39.8,79.68,0.0199,119.3,0,0,0
144,0.4397,1868.0,1648.0,1898.0,1680.0,30.0,32.0,31.0,1.608,1.715,1.661,638465.026854,3863623.69742,137.1,142.6,56.8,22.5,25.1,17.7,91.28,0.0247,112.2,0,0,0
145,0.4383,999.0,1673.0,1018.0,1691.0,19.0,18.0,18.5,1.018,0.965,0.991,638418.162082,3863622.732866,105.8,116.8,41.8,16.9,18.6,11.1,86.08,0.0609,88.2,0,0,0
146,0.4378,973.0,1810.0,996.0,1834.0,23.0,24.0,23.5,1.233,1.286,1.259,638416.875913,3863615.230777,120.5,131.5,50.4,28.7,30.7,19.1,92.05,0.0544,100.8,0,0,0
147,0.4378,1609.0,1737.0,1628.0,1757.0,19.0,20.0,19.5,1.018,1.072,1.045,638450.852203,3863619.249753,120.6,135.8,43.6,20.3,23.4,11.9,107.32,0.0711,100.0,0,0,0
148,0.4378,1770.0,2019.0,1804.0,2047.0,34.0,28.0,31.0,1.822,1.5,1.661,638459.882179,3863603.924058,97.2,102.2,48.4,23.1,20.2,18.9,58.86,0.0334,82.6,0,0,0
149,0.4377,1424.0,1593.0,1457.0,1622.0,33.0,29.0,31.0,1.768,1.554,1.661,638441.313119,3863626.725049,97.3,108.1,37.6,24.4,22.3,16.0,81.37,0.0643,81.0,0,0,0
150,0.4372,1706.0,1862.0,1725.0,1879.0,19.0,17.0,18.0,1.018,0.911,0.965,638456.050468,3863612.63184,130.0,137.1,47.1,27.2,27.0,16.6,97.06,0.0322,104.7,0,0,0
151,0.4361,1612.0,1667.0,1633.0,1688.0,21.0,21.0,21.0,1.125,1.125,1.125,638451.066565,3863622.974004,98.7,111.2,42.8,20.8,21.7,10.9,80.85,0.0747,84.2,0,0,0
152,0.4342,1684.0,1820.0,1713.0,1846.0,29.0,26.0,27.5,1.554,1.393,1.474,638455.139432,3863614.641328,139.1,139.5,60.4,28.1,30.6,16.8,79.57,0.0019,113.0,0,0,0
153,0.4329,988.0,2005.0,1013.0,2027.0,25.0,22.0,23.5,1.34,1.179,1.259,638417.733359,3863604.835026,134.0,142.8,53.0,35.2,39.0,17.6,98.69,0.0396,109.9,0,0,0
154,0.4285,854.0,1765.0,876.0,1785.0,22.0,20.0,21.0,1.179,1.072,1.125,638410.471864,3863617.749336,150.3,131.7,90.6,23.4,24.0,31.5,22.6,-0.097,124.2,0,0,0
155,0.4278,830.0,2024.0,857.0,2046.0,27.0,22.0,24.5,1.447,1.179,1.313,638409.319672,3863603.816886,108.7,126.0,34.9,26.9,27.7,14.3,108.39,0.0865,89.9,0,0,0
156,0.4273,1845.0,1513.0,1887.0,1551.0,42.0,38.0,40.0,2.251,2.036,2.144,638464.115818,3863630.770818,127.7,127.4,58.0,25.6,31.4,18.6,69.21,-0.0012,104.4,0,0,0
157,0.4261,523.0,1896.0,548.0,1919.0,25.0,23.0,24.0,1.34,1.233,1.286,638392.81384,3863610.649145,118.8,127.9,40.4,23.3,26.9,14.3,96.55,0.044,95.7,0,0,0
158,0.4235,1678.0,1546.0,1704.0,1571.0,26.0,25.0,25.5,1.393,1.34,1.367,638454.737505,3863629.35078,138.1,138.1,58.1,35.9,43.7,19.9,79.92,-0.0002,111.4,0,0,0
159,0.4216,1622.0,1973.0,1647.0,1997.0,25.0,24.0,24.5,1.34,1.286,1.313,638451.709649,3863606.496203,138.7,148.7,57.3,26.2,25.9,22.0,101.4,0.0435,114.9,0,0,0
160,0.4212,559.0,1983.0,591.0,1999.0,32.0,16.0,24.0,1.715,0.857,1.286,638394.930659,3863606.174685,122.1,123.4,69.6,24.8,29.2,24.3,55.14,0.0075,105.0,0,0,0
161,0.4189,1230.0,1850.0,1265.0,1887.0,35.0,37.0,36.0,1.876,1.983,1.929,638430.970178,3863612.739012,123.9,126.6,58.8,27.2,28.6,23.1,70.49,0.0141,103.1,0,0,0
162,0.4173,302.0,1990.0,325.0,2016.0,23.0,26.0,24.5,1.233,1.393,1.313,638380.916779,3863605.531649,114.8,121.5,42.0,27.4,27.8,15.2,86.29,0.0347,92.7,0,0,0
163,0.4173,1279.0,1766.0,1304.0,1790.0,25.0,24.0,24.5,1.34,1.286,1.313,638433.328154,3863617.588577,130.6,134.9,57.2,19.2,23.6,16.9,82.0,0.0206,107.6,0,0,0
164,0.416,565.0,1846.0,592.0,1874.0,27.0,28.0,27.5,1.447,1.5,1.474,638395.118225,3863613.194496,117.4,123.0,54.1,25.2,28.4,20.7,74.62,0.0302,98.2,0,0,0
165,0.4159,1710.0,1754.0,1753.0,1799.0,43.0,45.0,44.0,2.304,2.411,2.358,638456.907914,3863617.668956,137.9,142.9,64.7,25.1,26.9,19.5,83.16,0.023,115.2,0,0,0
166,0.4157,1670.0,1633.0,1694.0,1659.0,24.0,26.0,25.0,1.286,1.393,1.34,638454.255191,3863624.661974,125.9,140.0,44.2,24.9,23.7,17.0,109.85,0.0634,103.3,0,0,0
167,0.4143,1093.0,1778.0,1119.0,1801.0,26.0,23.0,24.5,1.393,1.233,1.313,638423.387142,3863616.972334,126.2,125.0,59.3,22.1,26.1,21.5,64.55,-0.0061,103.5,0,0,0
168,0.4136,2035.0,1448.0,2047.0,1469.0,12.0,21.0,16.5,0.643,1.125,0.884,638473.494132,3863634.709414,121.7,135.6,48.8,28.0,28.8,17.5,100.76,0.0669,102.0,0,0,0
169,0.4133,1806.0,1411.0,1834.0,1436.0,28.0,25.0,26.5,1.5,1.34,1.42,638461.650661,3863636.584936,99.7,114.7,45.5,21.0,24.5,16.1,84.29,0.0891,86.6,0,0,0
170,0.4132,1681.0,1692.0,1706.0,1716.0,25.0,24.0,24.5,1.34,1.286,1.313,638454.87148,3863621.553966,123.9,129.4,51.9,29.9,33.2,17.7,82.94,0.0272,101.7,0,0,0
171,0.4131,1347.0,1762.0,1380.0,1793.0,33.0,31.0,32.0,1.768,1.661,1.715,638437.186661,3863617.61537,117.2,129.5,45.3,24.5,25.7,17.3,96.53,0.061,97.4,0,0,0
172,0.4129,1695.0,1905.0,1714.0,1923.0,19.0,18.0,18.5,1.018,0.965,0.991,638455.460974,3863610.300834,112.9,113.0,50.4,28.2,27.3,16.1,62.74,0.0006,92.1,0,0,0
173,0.4091,1770.0,1341.0,1797.0,1365.0,27.0,24.0,25.5,1.447,1.286,1.367,638459.694613,3863640.362774,103.5,112.9,47.7,20.6,23.5,13.5,74.6,0.0557,88.0,0,0,0
174,0.4086,1782.0,1548.0,1808.0,1557.0,26.0,9.0,17.5,1.393,0.482,0.938,638460.310902,3863629.672298,96.5,106.7,38.6,23.4,27.3,13.8,78.23,0.062,80.6,0,0,0
175,0.4085,1180.0,2014.0,1207.0,2039.0,27.0,25.0,26.0,1.447,1.34,1.393,638428.076299,3863604.27237,149.7,152.0,66.5,26.4,30.1,16.6,87.84,0.0099,122.8,0,0,0
176,0.4084,935.0,1971.0,956.0,1992.0,21.0,21.0,21.0,1.125,1.125,1.125,638414.785889,3863606.683755,108.4,120.0,40.5,24.0,25.2,15.0,91.04,0.0616,89.6,0,0,0
177,0.4042,864.0,1686.0,874.0,1710.0,10.0,24.0,17.0,0.536,1.286,0.911,638410.686226,3863621.875484,119.7,119.6,52.3,24.2,30.5,21.7,67.21,-0.0004,97.2,0,0,0
178,0.4029,1199.0,1735.0,1242.0,1774.0,43.0,39.0,41.0,2.304,2.09,2.197,638429.523239,3863618.847856,124.1,134.8,55.1,27.5,28.5,25.2,90.36,0.0523,104.7,0,0,0
179,0.4025,1707.0,1618.0,1731.0,1642.0,24.0,24.0,24.0,1.286,1.286,1.286,638456.238035,3863625.519356,113.3,124.9,45.5,27.6,31.5,16.4,90.97,0.06,94.5,0,0,0
180,0.4006,1246.0,1554.0,1266.0,1574.0,20.0,20.0,20.0,1.072,1.072,1.072,638431.425696,3863629.056055,98.2,103.6,47.5,18.2,21.7,14.7,61.55,0.0352,83.1,0,0,0
181,0.7904,2553.0,1540.0,2599.0,1587.0,46.0,47.0,46.5,2.465,2.519,2.492,638502.164976,3863629.082848,144.7,144.3,60.0,30.5,38.7,15.0,83.82,-0.002,116.3,1,1920,0
182,0.7836,3794.0,1356.0,3835.0,1396.0,41.0,40.0,40.5,2.197,2.144,2.17,638568.536641,3863639.130288,133.5,138.0,60.4,26.3,27.8,21.9,82.15,0.0213,110.6,1,1920,0
183,0.7613,3639.0,813.0,3680.0,854.0,41.0,41.0,41.0,2.197,2.197,2.197,638560.230135,3863668.200881,134.0,142.1,59.8,23.1,26.4,17.6,90.48,0.0377,111.9,1,1920,0
184,0.7545,2543.0,1740.0,2584.0,1775.0,41.0,35.0,38.0,2.197,1.876,2.036,638501.495097,3863618.687097,117.8,126.8,53.2,26.6,27.5,18.6,82.51,0.0467,99.3,1,1920,0
185,0.7471,2686.0,1586.0,2725.0,1626.0,39.0,40.0,39.5,2.09,2.144,2.117,638509.104928,3863626.805428,98.8,112.4,46.7,27.2,28.6,17.0,79.23,0.0824,86.0,1,1920,0
186,0.7405,3052.0,1032.0,3084.0,1064.0,32.0,32.0,32.0,1.715,1.715,1.715,638528.531435,3863656.706609,141.6,147.2,55.7,27.4,30.1,17.4,97.16,0.0241,114.8,1,1920,0
187,0.7311,2397.0,1699.0,2439.0,1740.0,42.0,41.0,41.5,2.251,2.197,2.224,638493.697699,3863620.723378,110.1,119.6,51.3,25.3,28.2,17.7,77.83,0.0535,93.7,1,1920,0
188,0.7246,2932.0,1273.0,2963.0,1303.0,31.0,30.0,30.5,1.661,1.608,1.634,638522.073796,3863643.845886,147.4,146.5,66.9,23.8,27.0,17.4,78.77,-0.0039,120.3,1,1920,0
189,0.7202,2424.0,1360.0,2463.0,1394.0,39.0,34.0,36.5,2.09,1.822,1.956,638495.064253,3863639.076701,89.7,101.4,36.0,19.4,23.4,11.9,77.13,0.0756,75.7,1,1920,0
190,0.7189,3023.0,1513.0,3063.0,1552.0,40.0,39.0,39.5,2.144,2.09,2.117,638527.191676,3863630.744025,117.8,122.6,50.1,26.8,29.9,17.4,77.39,0.0254,96.8,1,1920,0
191,0.7175,3043.0,1729.0,3079.0,1764.0,36.0,35.0,35.5,1.929,1.876,1.902,638528.156302,3863619.276547,135.0,131.7,56.3,24.0,29.0,17.3,72.09,-0.0158,107.7,1,1920,0
192,0.716,3657.0,728.0,3697.0,762.0,40.0,34.0,37.0,2.144,1.822,1.983,638561.167966,3863672.943272,132.6,139.6,53.6,28.9,33.4,15.6,92.9,0.0317,108.6,1,1920,0
193,0.6994,2064.0,1445.0,2101.0,1479.0,37.0,34.0,35.5,1.983,1.822,1.902,638475.718132,3863634.521862,125.1,135.2,50.4,24.4,26.8,19.2,94.95,0.0484,103.6,1,1920,0
194,0.6978,2552.0,1479.0,2591.0,1513.0,39.0,34.0,36.5,2.09,1.822,1.956,638501.92382,3863632.699926,141.6,144.5,62.6,23.9,29.7,18.2,84.82,0.013,116.2,1,1920,0
195,0.6974,3906.0,379.0,3944.0,422.0,38.0,43.0,40.5,2.036,2.304,2.17,638574.458376,3863691.403768,132.1,119.1,97.7,25.3,28.6,28.6,8.39,-0.0847,116.3,1,1920,0
196,0.6944,3068.0,1445.0,3100.0,1477.0,32.0,32.0,32.0,1.715,1.715,1.715,638529.388881,3863634.575448,132.1,133.7,67.4,27.6,30.8,19.1,67.8,0.0078,111.1,1,1920,0
197,0.6933,2012.0,1816.0,2043.0,1845.0,31.0,29.0,30.0,1.661,1.554,1.608,638472.770662,3863614.775293,144.0,142.4,142.5,39.5,41.4,41.3,-1.83,-0.0116,143.0,1,1920,0
198,0.6931,3489.0,799.0,3527.0,833.0,38.0,34.0,36.0,2.036,1.822,1.929,638552.111195,3863669.138642,128.2,138.2,46.9,31.3,32.3,19.4,101.28,0.0454,104.4,1,1920,0
199,0.6893,2017.0,1727.0,2049.0,1759.0,32.0,32.0,32.0,1.715,1.715,1.715,638473.065409,3863619.464099,148.5,152.4,55.2,29.8,31.2,16.4,101.06,0.0158,118.7,1,1920,0
200,0.686,3651.0,1693.0,3693.0,1730.0,42.0,37.0,39.5,2.251,1.983,2.117,638560.900014,3863621.152069,128.1,129.9,50.0,26.2,29.5,17.8,81.77,0.009,102.7,1,1920,0
201,0.6831,2997.0,1426.0,3032.0,1460.0,35.0,34.0,34.5,1.876,1.822,1.849,638525.664351,3863635.540003,130.5,134.2,61.6,27.7,29.8,16.2,76.34,0.0183,108.8,1,1920,0
202,0.6793,2972.0,1533.0,3004.0,1564.0,32.0,31.0,31.5,1.715,1.661,1.688,638524.244206,3863629.886643,136.5,140.1,62.3,30.1,34.7,21.2,81.46,0.017,113.0,1,1920,0
203,0.6765,2911.0,992.0,2938.0,1021.0,27.0,29.0,28.0,1.447,1.554,1.5,638520.841218,3863658.930443,125.9,133.0,48.5,28.3,31.0,13.9,91.68,0.0341,102.5,1,1920,0
204,0.6755,2482.0,2009.0,2521.0,2044.0,39.0,35.0,37.0,2.09,1.876,1.983,638498.172494,3863604.27237,134.9,144.0,61.7,30.7,32.9,20.8,91.37,0.0418,113.5,1,1920,0
205,0.6735,2010.0,1774.0,2039.0,1803.0,29.0,29.0,29.0,1.554,1.554,1.554,638472.609891,3863617.02592,137.9,143.4,65.8,31.4,31.2,23.5,83.21,0.0257,115.7,1,1920,0
206,0.6725,1923.0,1897.0,1963.0,1935.0,40.0,38.0,39.0,2.144,2.036,2.09,638468.242276,3863610.193661,135.4,135.8,65.9,30.8,35.6,20.8,70.31,0.002,112.4,1,1920,0
207,0.6725,2765.0,1588.0,2813.0,1624.0,48.0,36.0,42.0,2.572,1.929,2.251,638513.579724,3863626.805428,136.6,145.4,60.3,33.0,33.9,21.1,93.89,0.0397,114.1,1,1920,0
208,0.6714,3641.0,1650.0,3674.0,1679.0,33.0,29.0,31.0,1.768,1.554,1.661,638560.122954,3863623.670627,129.6,129.0,60.0,20.0,26.6,16.8,68.4,-0.003,106.2,1,1920,0
209,0.6681,3304.0,930.0,3339.0,964.0,35.0,34.0,34.5,1.876,1.822,1.849,638542.116592,3863662.11883,109.7,115.1,49.1,25.2,29.7,15.8,71.57,0.0312,91.3,1,1920,0
210,0.6628,3131.0,1198.0,3167.0,1233.0,36.0,35.0,35.5,1.929,1.876,1.902,638532.872254,3863647.730896,130.0,133.8,57.0,24.8,27.4,15.9,80.67,0.0185,106.9,1,1920,0
211,0.6611,3240.0,923.0,3276.0,959.0,36.0,36.0,36.0,1.929,1.929,1.929,638538.713604,3863662.440348,138.5,141.7,53.6,32.9,37.0,16.6,91.26,0.014,111.3,1,1920,0
212,0.6552,3486.0,1420.0,3529.0,1461.0,43.0,41.0,42.0,2.304,2.197,2.251,638552.0844,3863635.673968,123.1,127.6,55.5,21.3,26.0,15.2,76.5,0.0227,102.1,1,1920,0
213,0.6549,3530.0,1364.0,3566.0,1399.0,36.0,35.0,35.5,1.929,1.876,1.902,638554.254809,3863638.835563,127.4,131.7,50.2,29.3,32.6,17.4,85.75,0.0204,103.1,1,1920,0
214,0.6546,2677.0,1516.0,2707.0,1545.0,30.0,29.0,29.5,1.608,1.554,1.581,638508.381458,3863630.851197,141.8,142.9,64.9,26.7,30.0,17.7,79.14,0.0053,116.5,1,1920,0
215,0.6545,3032.0,1102.0,3055.0,1127.0,23.0,25.0,24.0,1.233,1.34,1.286,638527.218471,3863653.143117,122.1,132.8,49.4,29.3,28.2,16.9,94.18,0.0523,101.4,1,1920,0
216,0.6544,3611.0,755.0,3642.0,787.0,31.0,32.0,31.5,1.661,1.715,1.688,638558.461653,3863671.550027,133.3,140.3,58.7,22.5,25.7,15.0,88.56,0.0324,110.8,1,1920,0
217,0.6534,3740.0,1972.0,3766.0,2000.0,26.0,28.0,27.0,1.393,1.5,1.447,638565.240834,3863606.442617,132.4,132.4,65.0,24.1,27.5,16.6,67.46,0.0003,110.0,1,1920,0
218,0.6533,3423.0,1410.0,3453.0,1440.0,30.0,30.0,30.0,1.608,1.608,1.608,638548.359869,3863636.504557,124.7,129.1,54.9,20.1,23.4,15.4,78.6,0.0221,102.9,1,1920,0
219,0.6516,3597.0,1698.0,3636.0,1734.0,39.0,36.0,37.5,2.09,1.929,2.01,638557.925749,3863620.91093,138.0,133.1,72.5,21.7,25.7,18.3,55.61,-0.025,114.5,1,1920,0
220,0.6506,3404.0,1213.0,3432.0,1242.0,28.0,29.0,28.5,1.5,1.554,1.527,638547.288062,3863647.08786,126.9,128.4,54.4,17.9,21.5,14.3,75.53,0.0075,103.3,1,1920,0
221,0.6501,3326.0,806.0,3353.0,836.0,27.0,30.0,28.5,1.447,1.608,1.527,638543.081219,3863668.87071,124.6,137.5,50.4,22.3,25.1,17.2,100.06,0.0612,104.2,1,1920,0
222,0.6486,3052.0,1402.0,3083.0,1431.0,31.0,29.0,30.0,1.661,1.554,1.608,638528.50464,3863636.960041,130.7,134.2,54.2,22.4,23.8,16.1,83.55,0.0169,106.4,1,1920,0
223,0.6435,3700.0,1882.0,3737.0,1919.0,37.0,37.0,37.0,1.983,1.983,1.983,638563.391966,3863611.024249,124.5,120.3,58.8,24.8,27.6,16.7,57.29,-0.0225,101.2,1,1920,0
224,0.6434,3047.0,1566.0,3088.0,1604.0,41.0,38.0,39.5,2.197,2.036,2.117,638528.50464,3863627.930741,120.7,131.3,46.9,30.4,28.8,20.4,94.9,0.0514,99.7,1,1920,0
225,0.643,3006.0,1605.0,3037.0,1635.0,31.0,30.0,30.5,1.661,1.608,1.634,638526.039483,3863626.055219,152.5,151.4,76.3,29.1,32.8,22.8,73.95,-0.005,126.8,1,1920,0
226,0.6429,3707.0,924.0,3740.0,957.0,33.0,33.0,33.0,1.768,1.768,1.768,638563.659918,3863662.467141,129.2,140.7,53.2,22.1,22.1,16.3,99.03,0.0533,107.7,1,1920,0
227,0.6417,3154.0,1849.0,3193.0,1887.0,39.0,38.0,38.5,2.09,2.036,2.063,638534.185218,3863612.765805,148.5,149.9,80.2,27.8,28.8,33.7,71.09,0.0064,126.2,1,1920,0
228,0.6405,3447.0,675.0,3485.0,711.0,38.0,36.0,37.0,2.036,1.929,1.983,638549.8604,3863675.729762,124.4,131.2,47.0,26.6,30.2,15.9,91.06,0.0326,100.9,1,1920,0
229,0.64,2338.0,1903.0,2381.0,1945.0,43.0,42.0,42.5,2.304,2.251,2.278,638490.562662,3863609.76497,144.6,143.4,76.7,24.1,26.2,19.2,65.53,-0.0056,121.6,1,1920,0
230,0.6396,3385.0,991.0,3413.0,1019.0,28.0,28.0,28.0,1.5,1.5,1.5,638546.269845,3863659.010822,145.4,152.2,52.0,28.2,30.4,18.0,107.09,0.028,116.5,1,1920,0
231,0.6377,3280.0,844.0,3317.0,882.0,37.0,38.0,37.5,1.983,2.036,2.01,638540.884014,3863666.620083,128.1,136.9,52.0,21.7,25.7,14.9,93.81,0.0415,105.7,1,1920,0
232,0.6337,1966.0,1792.0,1994.0,1821.0,28.0,29.0,28.5,1.5,1.554,1.527,638470.22512,3863616.061366,117.7,127.1,46.2,27.6,26.4,17.9,90.42,0.0477,97.0,1,1920,0
233,0.6325,2556.0,1256.0,2592.0,1289.0,36.0,33.0,34.5,1.929,1.768,1.849,638502.057795,3863644.676475,128.5,139.4,56.1,24.9,29.2,18.4,94.19,0.0515,108.0,1,1920,0
234,0.6324,3485.0,1170.0,3519.0,1200.0,34.0,30.0,32.0,1.822,1.608,1.715,638551.789653,3863649.36528,137.6,145.9,49.6,25.4,27.7,13.3,104.49,0.0352,111.0,1,1920,0
235,0.631,3758.0,1652.0,3800.0,1690.0,42.0,38.0,40.0,2.251,2.036,2.144,638566.634183,3863623.322316,127.0,129.7,55.7,26.4,27.6,21.1,76.65,0.0134,104.1,1,1920,0
236,0.6288,3513.0,1476.0,3543.0,1504.0,30.0,28.0,29.0,1.608,1.5,1.554,638553.183002,3863633.021444,105.2,112.5,36.3,18.4,22.8,14.3,83.4,0.04,84.7,1,1920,0
237,0.6259,3453.0,866.0,3479.0,892.0,26.0,26.0,26.0,1.393,1.393,1.393,638549.8604,3863665.762702,122.1,134.6,46.4,24.3,26.4,16.2,100.71,0.0594,101.1,1,1920,0
238,0.6236,2956.0,1495.0,2987.0,1523.0,31.0,28.0,29.5,1.661,1.5,1.581,638523.359965,3863632.003304,113.3,121.1,49.1,17.5,23.2,14.0,79.81,0.0419,94.5,1,1920,0
239,0.6233,3617.0,527.0,3647.0,556.0,30.0,29.0,29.5,1.608,1.554,1.581,638558.7564,3863683.848094,96.5,110.9,36.0,16.6,21.1,10.9,89.34,0.0842,81.1,1,1920,0
240,0.6229,3859.0,1733.0,3893.0,1766.0,34.0,33.0,33.5,1.822,1.768,1.795,638571.832449,3863619.115788,138.7,139.6,67.3,23.5,26.4,16.1,73.2,0.0043,115.2,1,1920,0
241,0.6221,3535.0,1143.0,3575.0,1179.0,40.0,36.0,38.0,2.144,1.929,2.036,638554.629942,3863650.651352,131.6,138.3,58.9,26.9,30.2,19.2,86.07,0.0316,109.6,1,1920,0
242,0.6219,2987.0,1113.0,3016.0,1143.0,29.0,30.0,29.5,1.554,1.608,1.581,638524.967676,3863652.419702,122.6,131.4,55.9,26.5,28.0,17.1,84.39,0.0446,103.3,1,1920,0
243,0.6194,2267.0,1730.0,2312.0,1773.0,45.0,43.0,44.0,2.411,2.304,2.358,638486.811337,3863619.008615,113.9,124.9,51.5,29.4,33.4,18.4,84.27,0.0584,96.8,1,1920,0
244,0.6188,3758.0,571.0,3786.0,599.0,28.0,28.0,28.0,1.5,1.5,1.5,638566.259051,3863681.517088,114.3,125.5,48.5,27.1,28.7,19.3,88.25,0.0585,96.1,1,1920,0
245,0.6176,2931.0,1633.0,2967.0,1667.0,36.0,34.0,35.0,1.929,1.822,1.876,638522.154182,3863624.447629,121.1,125.3,61.9,24.3,25.9,19.0,67.65,0.0227,102.8,1,1920,0
246,0.6173,3824.0,938.0,3846.0,959.0,22.0,21.0,21.5,1.179,1.125,1.152,638569.635244,3863662.038451,142.4,153.9,63.6,27.8,31.2,13.8,101.68,0.0491,120.0,1,1920,0
247,0.615,3333.0,853.0,3366.0,884.0,33.0,31.0,32.0,1.768,1.661,1.715,638543.617122,3863666.325358,111.5,120.0,43.6,20.6,24.2,16.0,84.97,0.0454,91.7,1,1920,0
248,0.6136,3086.0,930.0,3126.0,966.0,40.0,36.0,38.0,2.144,1.929,2.036,638530.567869,3863662.065244,135.6,140.0,61.7,24.0,26.7,19.6,82.68,0.0204,112.4,1,1920,0
249,0.6135,3083.0,1659.0,3112.0,1684.0,29.0,25.0,27.0,1.554,1.34,1.447,638530.112351,3863623.295522,116.7,127.0,47.9,24.3,28.1,15.3,89.5,0.0528,97.2,1,1920,0
250,0.6075,2760.0,1444.0,2795.0,1473.0,35.0,29.0,32.0,1.876,1.554,1.715,638512.963434,3863634.709414,150.3,155.5,61.7,24.9,27.2,18.9,99.03,0.0215,122.5,1,1920,0
251,0.607,2233.0,1969.0,2266.0,1998.0,33.0,29.0,31.0,1.768,1.554,1.661,638484.667723,3863606.576583,129.1,142.4,62.3,23.2,24.3,16.8,93.4,0.0636,111.3,1,1920,0
252,0.6068,3098.0,889.0,3128.0,919.0,30.0,30.0,30.0,1.608,1.608,1.608,638530.943001,3863664.423043,121.8,133.0,52.3,22.9,26.5,16.1,91.77,0.055,102.4,1,1920,0
253,0.6054,3130.0,1574.0,3157.0,1599.0,27.0,25.0,26.0,1.447,1.34,1.393,638532.577507,3863627.850362,156.7,148.1,73.8,29.2,31.2,17.5,65.78,-0.037,126.2,1,1920,0
254,0.6041,3371.0,687.0,3415.0,728.0,44.0,41.0,42.5,2.358,2.197,2.278,638545.948303,3863674.95276,99.3,116.0,36.4,21.9,26.3,13.7,96.25,0.0934,83.9,1,1920,0
255,0.6031,1982.0,1859.0,2021.0,1899.0,39.0,40.0,39.5,2.09,2.144,2.117,638471.377312,3863612.176356,118.1,128.2,59.0,31.2,35.0,21.5,79.24,0.0538,101.8,1,1920,0
256,0.603,3303.0,1304.0,3344.0,1343.0,41.0,39.0,40.0,2.197,2.09,2.144,638542.223773,3863641.943571,123.0,131.1,53.2,31.7,31.2,20.9,85.99,0.0402,102.4,1,1920,0
257,0.6027,3820.0,608.0,3870.0,642.0,50.0,34.0,42.0,2.679,1.822,2.251,638570.171147,3863679.373634,129.8,130.2,59.6,29.6,30.3,25.1,71.02,0.0021,106.5,1,1920,0
258,0.602,3607.0,1749.0,3645.0,1783.0,38.0,34.0,36.0,2.036,1.822,1.929,638558.434858,3863618.231613,121.4,125.4,51.4,28.6,31.1,21.3,78.03,0.0207,99.4,1,1920,0
259,0.6017,2024.0,1642.0,2056.0,1674.0,32.0,32.0,32.0,1.715,1.715,1.715,638473.440541,3863624.018938,127.5,137.4,57.9,31.8,30.1,22.2,89.31,0.0475,107.6,1,1920,0
260,0.6015,3719.0,1715.0,3753.0,1747.0,34.0,32.0,33.0,1.822,1.715,1.768,638564.329798,3863620.107135,131.9,130.9,59.0,29.9,34.2,19.0,70.98,-0.0048,107.3,1,1920,0
261,0.6002,3582.0,1495.0,3609.0,1523.0,27.0,28.0,27.5,1.447,1.5,1.474,638556.800352,3863632.003304,114.6,123.7,52.2,17.2,19.7,13.0,80.73,0.0492,96.8,1,1920,0
262,0.5997,2837.0,1896.0,2879.0,1935.0,42.0,39.0,40.5,2.251,2.09,2.17,638517.277459,3863610.220454,120.7,126.8,55.8,29.2,29.5,20.6,77.22,0.0321,101.1,1,1920,0
263,0.5997,3860.0,1549.0,3897.0,1588.0,37.0,39.0,38.0,1.983,2.09,2.036,638571.966425,3863628.814916,139.2,134.5,65.1,27.4,30.7,24.0,64.8,-0.0222,112.9,1,1920,0
264,0.5995,2803.0,1671.0,2847.0,1710.0,44.0,39.0,41.5,2.358,2.09,2.224,638515.508977,3863622.277382,120.1,126.9,50.9,31.5,31.7,19.8,82.88,0.0348,99.3,1,1920,0
265,0.5979,3794.0,1939.0,3824.0,1969.0,30.0,30.0,30.0,1.608,1.608,1.608,638568.241894,3863608.15738,136.8,141.0,54.1,28.5,26.0,19.4,91.05,0.0186,110.7,1,1920,0
266,0.5962,3186.0,1187.0,3216.0,1221.0,30.0,34.0,32.0,1.608,1.822,1.715,638535.658953,3863648.347139,128.0,133.1,50.3,24.6,28.3,17.0,87.98,0.0244,103.8,1,1920,0
267,0.5957,3354.0,1605.0,3386.0,1638.0,32.0,33.0,32.5,1.715,1.768,1.742,638544.715725,3863625.97484,143.7,142.8,71.1,29.0,29.5,26.9,70.87,-0.0039,119.2,1,1920,0
268,0.5957,2448.0,1226.0,2483.0,1259.0,35.0,33.0,34.0,1.876,1.768,1.822,638496.243241,3863646.284065,127.1,136.7,47.9,25.6,30.5,16.6,98.3,0.0444,103.9,1,1920,0
269,0.5939,2312.0,1296.0,2350.0,1329.0,38.0,33.0,35.5,2.036,1.768,1.902,638489.035337,3863642.533021,127.0,139.9,51.4,25.4,26.6,18.9,101.34,0.0596,106.1,1,1920,0
270,0.5935,3072.0,1617.0,3096.0,1640.0,24.0,23.0,23.5,1.286,1.233,1.259,638529.388881,3863625.599735,134.5,139.5,56.4,33.0,34.2,18.5,88.05,0.0228,110.1,1,1920,0
271,0.592,2897.0,1890.0,2931.0,1921.0,34.0,31.0,32.5,1.822,1.661,1.742,638520.278519,3863610.756318,137.2,138.2,67.8,29.4,31.9,21.1,71.34,0.0046,114.4,1,1920,0
272,0.5911,3101.0,1004.0,3129.0,1034.0,28.0,30.0,29.0,1.5,1.608,1.554,638531.050182,3863658.260613,149.5,150.0,62.4,28.8,32.2,20.0,88.01,0.0019,120.6,1,1920,0
273,0.5902,3774.0,1894.0,3813.0,1929.0,39.0,35.0,37.0,2.09,1.876,1.983,638567.411244,3863610.434799,110.2,115.5,46.4,21.8,21.9,15.6,74.47,0.0296,90.7,1,1920,0
274,0.5901,1983.0,1363.0,2011.0,1396.0,28.0,33.0,30.5,1.5,1.768,1.634,638471.136156,3863638.942736,118.8,123.5,53.7,24.0,27.6,16.5,74.58,0.025,98.7,1,1920,0
275,0.5888,2865.0,1110.0,2896.0,1138.0,31.0,28.0,29.5,1.661,1.5,1.581,638518.483242,3863652.634047,122.2,124.3,58.1,22.1,22.9,15.7,68.34,0.0112,101.5,1,1920,0
276,0.5874,3426.0,1900.0,3470.0,1937.0,44.0,37.0,40.5,2.358,1.983,2.17,638548.895773,3863610.059695,145.2,140.5,69.3,26.4,26.4,21.5,66.55,-0.0216,118.3,1,1920,0
277,0.5872,2149.0,1908.0,2182.0,1938.0,33.0,30.0,31.5,1.768,1.608,1.688,638480.166132,3863609.818556,107.0,112.4,51.8,25.6,28.0,17.1,65.99,0.0321,90.4,1,1920,0
278,0.586,3722.0,1924.0,3752.0,1953.0,30.0,29.0,29.5,1.608,1.554,1.581,638564.383388,3863608.987968,126.3,124.2,58.2,18.5,20.8,13.6,63.82,-0.0112,102.9,1,1920,0
279,0.5859,1927.0,1392.0,1963.0,1425.0,36.0,33.0,34.5,1.929,1.768,1.849,638468.349457,3863637.388732,144.5,152.0,45.5,32.0,35.1,15.3,113.98,0.0299,114.0,1,1920,0
280,0.585,2182.0,1845.0,2211.0,1870.0,29.0,25.0,27.0,1.554,1.34,1.447,638481.827433,3863613.328462,130.5,144.0,57.8,31.0,33.9,17.6,99.75,0.0624,110.7,1,1920,0
281,0.5823,3469.0,988.0,3503.0,1025.0,34.0,37.0,35.5,1.822,1.983,1.902,638550.932207,3863658.930443,143.3,151.5,60.8,25.5,25.3,19.9,98.94,0.0352,118.5,1,1920,0
282,0.5812,2119.0,1726.0,2147.0,1754.0,28.0,28.0,28.0,1.5,1.5,1.5,638478.424445,3863619.624858,132.6,132.7,58.1,22.5,28.2,16.4,74.61,0.0002,107.8,1,1920,0
283,0.5806,2776.0,1160.0,2802.0,1188.0,26.0,28.0,27.0,1.393,1.5,1.447,638513.579724,3863649.95473,142.6,151.7,63.7,22.3,23.3,21.2,97.13,0.0394,119.3,1,1920,0
284,0.5799,3345.0,1170.0,3364.0,1190.0,19.0,20.0,19.5,1.018,1.072,1.045,638543.885074,3863649.633212,133.0,138.0,48.9,21.8,22.2,14.0,94.09,0.0225,106.6,1,1920,0
285,0.5795,2294.0,1779.0,2335.0,1820.0,41.0,41.0,41.0,2.197,2.197,2.197,638488.151096,3863616.43647,137.5,139.4,63.3,29.7,31.6,22.8,77.96,0.0088,113.4,1,1920,0
286,0.5783,3355.0,1234.0,3380.0,1257.0,25.0,23.0,24.0,1.34,1.233,1.286,638544.581749,3863646.123306,126.9,132.1,49.5,19.8,22.0,14.5,87.9,0.0252,102.8,1,1920,0
287,0.5777,2599.0,1687.0,2636.0,1727.0,37.0,40.0,38.5,1.983,2.144,2.063,638504.388976,3863621.393207,105.7,115.8,51.2,24.4,26.2,15.3,74.77,0.0592,90.9,1,1920,0
288,0.5767,3181.0,1954.0,3214.0,1984.0,33.0,30.0,31.5,1.768,1.608,1.688,638535.471387,3863607.353585,113.2,119.2,48.8,27.5,32.6,17.1,76.42,0.0326,93.7,1,1920,0
289,0.576,1936.0,1449.0,1962.0,1475.0,26.0,26.0,26.0,1.393,1.393,1.393,638468.563818,3863634.521862,136.3,137.4,63.1,28.0,32.5,17.6,75.3,0.0051,112.3,1,1920,0
290,0.5738,2115.0,1298.0,2143.0,1324.0,28.0,26.0,27.0,1.5,1.393,1.447,638478.210084,3863642.6134,123.8,126.5,55.8,23.8,30.5,16.4,73.46,0.0141,102.0,1,1920,0
291,0.5736,3892.0,977.0,3930.0,1012.0,38.0,35.0,36.5,2.036,1.876,1.956,638573.708111,3863659.573479,112.8,123.2,51.6,22.3,23.7,16.9,81.93,0.056,95.9,1,1920,0
292,0.5729,3596.0,1531.0,3640.0,1571.0,44.0,40.0,42.0,2.358,2.144,2.251,638558.006135,3863629.752677,123.1,125.7,53.0,20.5,26.0,15.3,75.23,0.013,100.6,1,1920,0
293,0.5709,2714.0,1637.0,2751.0,1673.0,37.0,36.0,36.5,1.983,1.929,1.956,638510.551868,3863624.179697,120.5,129.6,49.6,35.2,39.2,18.9,89.03,0.0453,99.9,1,1920,0
294,0.5709,3201.0,1414.0,3238.0,1450.0,37.0,36.0,36.5,1.983,1.929,1.956,638536.650375,3863636.129452,124.9,128.4,58.2,30.4,31.5,20.5,73.54,0.0175,103.9,1,1920,0
295,0.5705,2695.0,1430.0,2740.0,1474.0,45.0,44.0,44.5,2.411,2.358,2.385,638509.748013,3863635.057725,130.0,139.5,52.6,31.2,32.9,21.8,96.36,0.0437,107.3,1,1920,0
296,0.5702,2566.0,1612.0,2604.0,1650.0,38.0,38.0,38.0,2.036,2.036,2.036,638502.647289,3863625.46577,84.9,98.2,48.5,14.9,17.9,11.3,63.07,0.0991,77.2,1,1920,0
297,0.5701,3528.0,902.0,3565.0,938.0,37.0,36.0,36.5,1.983,1.929,1.956,638554.174424,3863663.565662,119.8,123.4,49.4,28.5,33.3,20.5,77.72,0.0188,97.5,1,1920,0
298,0.5697,3798.0,1172.0,3827.0,1203.0,29.0,31.0,30.0,1.554,1.661,1.608,638568.429461,3863649.231314,121.5,121.2,54.2,27.3,26.1,21.7,66.76,-0.0012,99.0,1,1920,0
299,0.5689,2291.0,1936.0,2324.0,1968.0,33.0,32.0,32.5,1.768,1.715,1.742,638487.775964,3863608.264552,141.9,156.3,63.7,32.8,33.1,21.9,107.05,0.0614,120.6,1,1920,0
300,0.5684,3535.0,1517.0,3565.0,1546.0,30.0,29.0,29.5,1.608,1.554,1.581,638554.36199,3863630.797611,117.6,116.6,50.8,22.3,29.9,11.7,64.73,-0.0058,95.0,1,1920,0
301,0.568,3812.0,1217.0,3848.0,1252.0,36.0,35.0,35.5,1.929,1.876,1.902,638569.367292,3863646.712756,143.5,141.8,65.7,25.8,23.7,23.9,74.38,-0.0078,117.0,1,1920,0
302,0.5676,2545.0,1882.0,2585.0,1919.0,40.0,37.0,38.5,2.144,1.983,2.063,638501.575482,3863611.024249,144.1,153.1,62.2,29.4,30.1,21.4,99.84,0.0381,119.8,1,1920,0
303,0.5675,3395.0,1330.0,3431.0,1364.0,36.0,34.0,35.0,1.929,1.822,1.876,638547.02011,3863640.684292,134.7,138.0,56.9,27.4,31.3,17.9,84.31,0.0151,109.9,1,1920,0
304,0.5665,3208.0,868.0,3234.0,893.0,26.0,25.0,25.5,1.393,1.34,1.367,638536.730761,3863665.682322,111.5,126.1,43.6,17.4,18.7,13.4,97.13,0.0755,93.7,1,1920,0
305,0.5665,2603.0,1992.0,2636.0,2025.0,33.0,33.0,33.0,1.768,1.768,1.768,638504.496157,3863605.236924,141.4,144.1,64.0,35.8,40.0,19.9,82.83,0.0121,116.5,1,1920,0
306,0.5655,3363.0,914.0,3396.0,943.0,33.0,29.0,31.0,1.768,1.554,1.661,638545.224833,3863663.110178,127.1,133.8,45.4,27.7,31.2,18.9,95.11,0.0313,102.1,1,1920,0
307,0.5654,3423.0,1614.0,3462.0,1651.0,39.0,37.0,38.0,2.09,1.983,2.036,638548.601026,3863625.38539,127.6,128.3,55.2,32.1,31.5,32.3,73.87,0.0036,103.7,1,1920,0
308,0.5654,2522.0,1660.0,2552.0,1687.0,30.0,27.0,28.5,1.608,1.447,1.527,638500.074952,3863623.18835,109.6,124.5,47.2,29.2,30.9,19.8,92.27,0.0801,93.8,1,1920,0
309,0.5647,3722.0,1167.0,3755.0,1198.0,33.0,31.0,32.0,1.768,1.661,1.715,638564.463774,3863649.499246,133.8,135.5,60.2,26.3,27.4,20.2,77.06,0.0085,109.8,1,1920,0
310,0.5646,2923.0,1559.0,2950.0,1584.0,27.0,25.0,26.0,1.447,1.34,1.393,638521.484302,3863628.654157,146.5,148.3,59.2,25.6,24.5,18.5,90.85,0.0076,118.0,1,1920,0
311,0.5644,3422.0,704.0,3445.0,730.0,23.0,26.0,24.5,1.233,1.393,1.313,638548.118713,3863674.44369,119.3,134.9,39.6,24.1,24.1,15.7,110.91,0.0727,97.9,1,1920,0
312,0.5643,3734.0,623.0,3765.0,652.0,31.0,29.0,30.0,1.661,1.554,1.608,638565.053268,3863678.703804,117.4,129.8,45.7,17.8,20.9,13.8,96.62,0.0619,97.6,1,1920,0
313,0.5642,2514.0,1934.0,2540.0,1960.0,26.0,26.0,26.0,1.393,1.393,1.393,638499.539048,3863608.532484,135.2,138.3,64.4,37.1,38.3,23.9,77.02,0.0151,112.6,1,1920,0
314,0.564,2801.0,1994.0,2837.0,2030.0,36.0,36.0,36.0,1.929,1.929,1.929,638515.187434,3863605.049372,122.7,128.0,53.4,29.8,30.8,18.4,79.85,0.0266,101.4,1,1920,0
315,0.5629,3107.0,1530.0,3136.0,1560.0,29.0,30.0,29.5,1.554,1.608,1.581,638531.398519,3863630.074195,137.1,137.1,65.1,32.3,36.5,21.9,71.87,-0.0003,113.1,1,1920,0
316,0.5629,2653.0,1926.0,2687.0,1961.0,34.0,35.0,34.5,1.822,1.876,1.849,638507.20247,3863608.720036,131.2,138.0,62.3,25.0,25.5,17.1,82.46,0.0329,110.5,1,1920,0
317,0.5628,2010.0,1914.0,2040.0,1945.0,30.0,31.0,30.5,1.608,1.661,1.634,638472.636686,3863609.470245,121.5,129.5,54.4,30.8,32.6,21.9,83.03,0.0405,101.8,1,1920,0
318,0.5612,3730.0,1766.0,3768.0,1802.0,38.0,36.0,37.0,2.036,1.929,1.983,638565.026472,3863617.267059,129.2,133.6,54.7,28.9,30.8,18.1,83.42,0.0213,105.8,1,1920,0
319,0.56,2489.0,1399.0,2533.0,1437.0,44.0,38.0,41.0,2.358,2.036,2.197,638498.681603,3863636.879661,122.6,133.1,52.7,25.0,28.1,15.7,90.77,0.0515,102.8,1,1920,0
320,0.5594,3783.0,1500.0,3819.0,1526.0,36.0,26.0,31.0,1.929,1.393,1.661,638567.813171,3863631.788958,134.4,139.2,60.5,19.8,20.1,16.8,83.56,0.0227,111.4,1,1920,0
321,0.5569,3273.0,1027.0,3308.0,1058.0,35.0,31.0,33.0,1.876,1.661,1.768,638540.455291,3863657.001334,129.9,134.7,47.8,22.6,23.4,18.1,91.79,0.0222,104.1,1,1920,0
322,0.5563,3488.0,751.0,3518.0,781.0,30.0,30.0,30.0,1.608,1.608,1.608,638551.843243,3863671.817959,131.8,137.1,58.6,23.7,28.5,22.5,83.69,0.025,109.2,1,1920,0
323,0.5556,2845.0,863.0,2876.0,874.0,31.0,11.0,21.0,1.661,0.589,1.125,638517.411435,3863666.325358,88.6,98.6,52.0,15.7,20.9,12.3,56.64,0.0743,79.8,1,1920,0
324,0.5555,2950.0,1131.0,2975.0,1155.0,25.0,24.0,24.5,1.34,1.286,1.313,638522.877652,3863651.615906,124.8,130.0,53.1,28.9,35.4,15.5,82.06,0.0258,102.6,1,1920,0
325,0.5539,1955.0,1965.0,1993.0,1998.0,38.0,33.0,35.5,2.036,1.768,1.902,638469.903577,3863606.683755,118.9,122.8,50.4,27.8,31.4,16.9,76.31,0.0203,97.3,1,1920,0
326,0.5536,3151.0,711.0,3195.0,757.0,44.0,46.0,45.0,2.358,2.465,2.411,638534.158423,3863673.532722,143.8,138.6,119.1,20.2,23.1,24.7,14.24,-0.032,133.8,1,1920,0
327,0.5532,3552.0,1409.0,3583.0,1438.0,31.0,29.0,30.0,1.661,1.554,1.608,638555.299821,3863636.584936,128.9,131.4,62.4,24.0,29.7,18.1,71.51,0.0128,107.6,1,1920,0
328,0.553,3864.0,1776.0,3902.0,1812.0,38.0,36.0,37.0,2.036,1.929,1.983,638572.207581,3863616.731195,130.5,132.8,58.8,27.9,31.1,19.5,76.15,0.0109,107.4,1,1920,0
329,0.5526,3067.0,1114.0,3096.0,1143.0,29.0,29.0,29.0,1.554,1.554,1.554,638529.254905,3863652.392908,125.7,137.9,41.7,29.1,28.4,18.7,108.4,0.055,101.8,1,1920,0
330,0.5523,3497.0,1610.0,3533.0,1641.0,36.0,31.0,33.5,1.929,1.661,1.795,638552.486327,3863625.760494,116.1,121.9,47.6,31.1,32.6,17.8,80.12,0.0305,95.2,1,1920,0
331,0.5522,3871.0,411.0,3895.0,436.0,24.0,25.0,24.5,1.286,1.34,1.313,638572.207581,3863690.171282,115.8,118.7,45.9,19.7,29.9,12.3,75.72,0.0153,93.5,1,1920,0
332,0.5522,3548.0,554.0,3575.0,579.0,27.0,25.0,26.0,1.447,1.34,1.393,638554.978279,3863682.508435,113.3,128.0,44.4,17.7,17.7,16.3,98.37,0.0747,95.2,1,1920,0
333,0.5518,3684.0,537.0,3728.0,575.0,44.0,38.0,41.0,2.358,2.036,2.197,638562.722087,3863683.071092,101.4,112.4,48.9,17.7,21.0,13.2,74.54,0.0667,87.5,1,1920,0
334,0.5517,2744.0,1538.0,2798.0,1582.0,54.0,44.0,49.0,2.894,2.358,2.626,638512.615097,3863629.2704,105.4,117.8,46.0,24.3,26.0,16.6,84.13,0.0696,89.7,1,1920,0
335,0.5516,3045.0,1246.0,3072.0,1273.0,27.0,27.0,27.0,1.447,1.447,1.447,638528.022327,3863645.373097,127.0,137.4,52.5,23.5,24.9,14.0,95.24,0.0488,105.6,1,1920,0
336,0.5513,2979.0,1192.0,3008.0,1218.0,29.0,26.0,27.5,1.554,1.393,1.474,638524.538953,3863648.293553,105.2,114.5,41.8,17.9,21.4,12.3,82.0,0.0524,87.2,1,1920,0
337,0.5512,3844.0,1650.0,3868.0,1675.0,24.0,25.0,24.5,1.286,1.34,1.313,638570.760641,3863623.7778,121.2,114.4,59.2,22.9,28.6,13.6,48.38,-0.0385,98.2,1,1920,0
338,0.5484,3841.0,511.0,3868.0,534.0,27.0,23.0,25.0,1.447,1.233,1.34,638570.680256,3863684.866234,119.9,130.3,45.3,25.5,29.4,17.3,95.33,0.0505,98.5,1,1920,0
339,0.5484,2051.0,1703.0,2081.0,1735.0,30.0,32.0,31.0,1.608,1.715,1.661,638474.833891,3863620.750171,143.7,142.4,64.0,25.8,28.1,21.0,77.14,-0.0057,116.7,1,1920,0
340,0.548,2242.0,1256.0,2266.0,1281.0,24.0,25.0,24.5,1.286,1.34,1.313,638484.908879,3863644.89082,122.1,132.9,56.0,23.3,24.0,15.2,87.6,0.0541,103.7,1,1920,0
341,0.5478,3884.0,1410.0,3912.0,1436.0,28.0,26.0,27.0,1.5,1.393,1.447,638573.011437,3863636.61173,117.8,122.1,47.5,23.9,28.2,18.7,78.91,0.0222,95.8,1,1920,0
342,0.5476,2237.0,1779.0,2263.0,1807.0,26.0,28.0,27.0,1.393,1.5,1.447,638484.694518,3863616.784781,124.5,135.0,51.4,32.1,31.3,19.9,94.17,0.0506,103.6,1,1920,0
343,0.5473,3276.0,1215.0,3310.0,1247.0,34.0,32.0,33.0,1.822,1.715,1.768,638540.589267,3863646.900308,140.8,141.7,63.7,22.6,28.7,19.3,78.89,0.0041,115.4,1,1920,0
344,0.5471,3667.0,970.0,3694.0,994.0,27.0,24.0,25.5,1.447,1.286,1.367,638561.355533,3863660.243308,136.2,143.8,51.8,23.1,25.1,17.2,99.64,0.0333,110.6,1,1920,0
345,0.5467,3122.0,1083.0,3168.0,1117.0,46.0,34.0,40.0,2.465,1.822,2.144,638532.657893,3863653.920119,124.0,127.2,54.6,27.9,35.1,17.2,75.86,0.0163,101.9,1,1920,0
346,0.5467,2530.0,1364.0,2569.0,1399.0,39.0,35.0,37.0,2.09,1.876,1.983,638500.744832,3863638.835563,104.9,111.7,45.9,25.3,26.7,20.2,72.64,0.0399,87.5,1,1920,0
347,0.5463,2122.0,1855.0,2152.0,1887.0,30.0,32.0,31.0,1.608,1.715,1.661,638478.638807,3863612.605046,120.3,130.9,58.4,28.3,29.4,20.3,83.11,0.055,103.2,1,1920,0
348,0.5457,3571.0,1650.0,3613.0,1689.0,42.0,39.0,40.5,2.251,2.09,2.17,638556.612785,3863623.402695,108.9,113.8,47.6,19.8,25.1,15.8,71.05,0.0277,90.1,1,1920,0
349,0.5451,2033.0,1449.0,2053.0,1469.0,20.0,20.0,20.0,1.072,1.072,1.072,638473.601312,3863634.682621,115.5,128.8,46.4,28.5,30.5,17.0,95.78,0.0674,96.9,1,1920,0
350,0.5451,3073.0,1816.0,3116.0,1855.0,43.0,39.0,41.0,2.304,2.09,2.197,638529.95158,3863614.507362,124.6,131.6,55.6,29.8,29.7,21.8,83.12,0.0351,103.9,1,1920,0
351,0.5451,3432.0,817.0,3463.0,849.0,31.0,32.0,31.5,1.661,1.715,1.688,638548.868978,3863668.227674,110.2,122.7,40.4,26.7,27.2,18.9,94.84,0.0652,91.1,1,1920,0
352,0.5447,3886.0,530.0,3912.0,556.0,26.0,26.0,26.0,1.393,1.393,1.393,638573.065027,3863683.767714,137.2,143.0,54.8,22.9,27.1,17.8,93.95,0.0257,111.7,1,1920,0
353,0.5447,3436.0,1451.0,3469.0,1482.0,33.0,31.0,32.0,1.768,1.661,1.715,638549.13693,3863634.280723,132.5,138.8,61.7,23.6,25.7,18.2,83.4,0.0301,111.0,1,1920,0
354,0.5446,3274.0,2006.0,3316.0,2043.0,42.0,37.0,39.5,2.251,1.983,2.117,638540.696447,3863604.379542,115.5,119.5,49.3,31.6,34.0,22.6,74.25,0.0218,94.7,1,1920,0
355,0.5411,2562.0,1431.0,2597.0,1466.0,35.0,35.0,35.0,1.876,1.876,1.876,638502.352542,3863635.245278,117.8,128.9,48.9,25.1,27.5,18.0,91.17,0.0562,98.5,1,1920,0
356,0.5411,2246.0,1305.0,2275.0,1337.0,29.0,32.0,30.5,1.554,1.715,1.634,638485.257217,3863642.077537,163.4,149.4,122.0,25.5,27.7,31.8,13.46,-0.0731,144.9,1,1920,0
357,0.5403,2314.0,1354.0,2351.0,1390.0,37.0,36.0,36.5,1.983,1.929,1.956,638489.115723,3863639.344633,138.9,145.1,55.9,28.2,29.8,24.3,95.54,0.0275,113.3,1,1920,0
358,0.5395,2381.0,1647.0,2409.0,1672.0,28.0,25.0,26.5,1.5,1.34,1.42,638492.46512,3863623.938559,113.0,124.0,46.1,26.5,27.7,16.8,89.0,0.058,94.4,1,1920,0
359,0.538,3327.0,752.0,3348.0,775.0,21.0,23.0,22.0,1.125,1.233,1.179,638542.974038,3863671.951925,123.9,140.9,48.1,25.2,24.8,15.3,109.86,0.0786,104.3,1,1920,0
360,0.5377,3803.0,899.0,3824.0,921.0,21.0,22.0,21.5,1.125,1.179,1.152,638568.483051,3863664.101525,120.7,132.0,46.9,23.6,25.3,12.5,96.33,0.0547,99.8,1,1920,0
361,0.537,2853.0,1202.0,2892.0,1239.0,39.0,37.0,38.0,2.09,1.983,2.036,638518.054519,3863647.462965,117.5,128.7,44.7,26.0,27.6,16.2,95.17,0.0555,97.0,1,1920,0
362,0.5369,1947.0,1272.0,1970.0,1297.0,23.0,25.0,24.0,1.233,1.34,1.286,638469.072927,3863644.033438,122.6,126.2,55.8,23.9,30.8,20.3,74.01,0.0187,101.6,1,1920,0
363,0.5366,2420.0,1745.0,2446.0,1770.0,26.0,25.0,25.5,1.393,1.34,1.367,638494.501554,3863618.687097,122.8,129.6,51.8,25.8,30.6,18.2,84.56,0.0339,101.4,1,1920,0
364,0.5355,2097.0,1659.0,2140.0,1701.0,43.0,42.0,42.5,2.304,2.251,2.278,638477.647385,3863622.840039,126.8,130.0,58.4,25.4,33.0,17.6,74.85,0.0161,105.1,1,1920,0
365,0.5346,2677.0,2003.0,2723.0,2043.0,46.0,40.0,43.0,2.465,2.144,2.304,638508.810181,3863604.459922,137.9,145.8,68.8,27.5,27.9,22.6,85.01,0.037,117.5,1,1920,0
366,0.5339,3751.0,863.0,3788.0,901.0,37.0,38.0,37.5,1.983,2.036,2.01,638566.125075,3863665.601943,113.1,126.0,42.8,25.2,25.0,15.5,95.95,0.0653,94.0,1,1920,0
367,0.5336,3379.0,957.0,3402.0,979.0,23.0,22.0,22.5,1.233,1.179,1.206,638545.814327,3863660.993517,136.3,142.1,50.6,26.4,30.1,17.3,97.25,0.0254,109.6,1,1920,0
368,0.5334,2239.0,1621.0,2262.0,1643.0,23.0,22.0,22.5,1.233,1.179,1.206,638484.721313,3863625.412183,149.2,159.8,60.5,27.8,28.5,19.0,109.96,0.0429,123.2,1,1920,0
369,0.5328,3644.0,1891.0,3679.0,1925.0,35.0,34.0,34.5,1.876,1.822,1.849,638560.337316,3863610.622352,121.2,128.0,58.5,22.3,24.1,17.1,76.3,0.0355,102.5,1,1920,0
370,0.5328,3683.0,1056.0,3709.0,1082.0,26.0,26.0,26.0,1.393,1.393,1.393,638562.186183,3863655.581296,130.5,141.2,46.0,25.1,26.8,14.4,105.97,0.0476,105.9,1,1920,0
371,0.5326,3882.0,1827.0,3913.0,1856.0,31.0,29.0,30.0,1.661,1.554,1.608,638572.984641,3863614.185844,113.6,115.2,47.6,24.8,28.1,17.4,69.29,0.0091,92.1,1,1920,0
372,0.5323,3476.0,1798.0,3520.0,1843.0,44.0,45.0,44.5,2.358,2.411,2.385,638551.575291,3863615.311157,139.4,138.6,66.1,24.5,25.8,19.0,71.58,-0.0041,114.7,1,1920,0
373,0.5318,2469.0,1716.0,2504.0,1758.0,35.0,42.0,38.5,1.876,2.251,2.063,638497.368639,3863619.785617,125.1,132.8,66.3,24.9,25.1,25.9,74.35,0.0406,108.1,1,1920,0
374,0.5293,3328.0,1132.0,3352.0,1156.0,24.0,24.0,24.0,1.286,1.286,1.286,638543.108014,3863651.56232,125.8,129.4,49.2,23.7,29.6,14.9,83.81,0.0175,101.5,1,1920,0
375,0.528,3808.0,558.0,3837.0,586.0,29.0,28.0,28.5,1.554,1.5,1.527,638568.965364,3863682.21371,118.9,131.4,45.8,22.1,25.1,13.1,98.19,0.0613,98.7,1,1920,0
376,0.5273,2722.0,1168.0,2746.0,1189.0,24.0,21.0,22.5,1.286,1.125,1.206,638510.632254,3863649.713591,159.5,165.7,67.9,27.9,27.2,23.4,103.96,0.024,131.1,1,1920,0
377,0.5272,3086.0,1496.0,3111.0,1523.0,25.0,27.0,26.0,1.34,1.447,1.393,638530.165941,3863631.976511,122.4,119.0,54.6,25.3,26.8,18.9,61.0,-0.0183,98.7,1,1920,0
378,0.5262,3289.0,1449.0,3314.0,1475.0,25.0,26.0,25.5,1.34,1.393,1.367,638541.044785,3863634.521862,148.3,147.2,64.4,28.0,28.2,19.2,81.59,-0.0052,120.0,1,1920,0
379,0.5256,2530.0,1975.0,2554.0,1997.0,24.0,22.0,23.0,1.286,1.179,1.233,638500.342904,3863606.442617,131.1,135.4,70.0,39.7,45.9,21.1,69.63,0.0216,112.2,1,1920,0
380,0.5254,2823.0,1379.0,2863.0,1421.0,40.0,42.0,41.0,2.144,2.251,2.197,638516.473603,3863637.844215,141.2,145.2,66.8,22.9,23.9,22.4,82.4,0.0184,117.7,1,1920,0
381,0.5248,3178.0,838.0,3204.0,864.0,26.0,26.0,26.0,1.393,1.393,1.393,638535.12305,3863667.263119,114.8,102.0,90.5,16.8,21.4,22.8,-1.4,-0.1018,102.4,1,1920,0
382,0.5244,1920.0,1545.0,1939.0,1571.0,19.0,26.0,22.5,1.018,1.393,1.206,638467.518806,3863629.377573,147.9,151.7,68.7,25.0,27.1,21.1,86.87,0.0168,122.8,1,1920,0
383,0.5239,3831.0,981.0,3859.0,1006.0,28.0,25.0,26.5,1.5,1.34,1.42,638570.171147,3863659.627065,125.7,136.6,46.8,21.0,23.4,13.6,100.64,0.0505,103.0,1,1920,0
384,0.5238,2409.0,1582.0,2456.0,1612.0,47.0,30.0,38.5,2.519,1.608,2.063,638494.474759,3863627.287705,137.1,140.4,56.8,32.6,35.2,29.4,86.96,0.0151,111.4,1,1920,0
385,0.5231,3381.0,1064.0,3401.0,1086.0,20.0,22.0,21.0,1.072,1.179,1.125,638545.841122,3863655.259778,140.5,155.6,49.6,28.2,26.5,15.4,121.16,0.0612,115.2,1,1920,0
386,0.5224,2800.0,1826.0,2835.0,1860.0,35.0,34.0,34.5,1.876,1.822,1.849,638515.107049,3863614.105464,115.0,122.6,52.9,28.5,30.7,20.3,77.39,0.0413,96.8,1,1920,0
387,0.522,1920.0,1964.0,1937.0,1987.0,17.0,23.0,20.0,0.911,1.233,1.072,638467.465216,3863607.005273,146.9,153.6,69.5,29.4,33.4,20.5,90.85,0.029,123.4,1,1920,0
388,0.5217,3143.0,1471.0,3183.0,1507.0,40.0,36.0,38.0,2.144,1.929,2.036,638533.622519,3863633.075031,125.4,129.7,55.5,33.8,36.0,20.7,78.45,0.0213,103.5,1,1920,0
389,0.5214,2274.0,1613.0,2308.0,1647.0,34.0,34.0,34.0,1.822,1.822,1.822,638486.891723,3863625.519356,145.1,153.4,60.1,24.3,23.7,18.8,101.57,0.0347,119.5,1,1920,0
390,0.5213,3850.0,1936.0,3876.0,1963.0,26.0,27.0,26.5,1.393,1.447,1.42,638571.135774,3863608.398518,125.7,129.9,60.5,25.6,26.1,24.2,73.62,0.0215,105.4,1,1920,0
391,0.5212,3844.0,549.0,3875.0,577.0,31.0,28.0,29.5,1.661,1.5,1.581,638570.948208,3863682.695987,132.2,138.6,52.1,21.3,25.5,15.6,93.01,0.0295,107.6,1,1920,0
392,0.521,2476.0,1165.0,2502.0,1191.0,26.0,26.0,26.0,1.393,1.393,1.393,638497.502615,3863649.740384,130.1,143.4,50.3,24.0,26.1,17.1,106.35,0.0596,107.9,1,1920,0
393,0.5197,3776.0,1128.0,3810.0,1161.0,34.0,33.0,33.5,1.822,1.768,1.795,638567.384448,3863651.535527,137.7,139.9,48.5,25.6,26.8,15.8,93.59,0.0094,108.7,1,1920,0
394,0.5196,3094.0,1703.0,3133.0,1740.0,39.0,37.0,38.0,2.09,1.983,2.036,638530.969797,3863620.616205,119.9,125.8,51.6,20.9,21.7,20.7,80.09,0.0304,99.1,1,1920,0
395,0.5194,3728.0,1530.0,3758.0,1563.0,30.0,33.0,31.5,1.608,1.768,1.688,638564.70493,3863629.993816,148.4,155.9,61.8,24.7,25.5,20.8,101.53,0.0308,122.1,1,1920,0
396,0.5194,2617.0,1285.0,2661.0,1322.0,44.0,37.0,40.5,2.358,1.983,2.17,638505.541169,3863643.015298,112.6,127.0,44.1,29.0,28.9,18.9,97.28,0.0738,94.5,1,1920,0
397,0.5182,3493.0,1359.0,3513.0,1380.0,20.0,21.0,20.5,1.072,1.125,1.099,638551.843243,3863639.478599,165.3,161.4,158.4,36.0,37.7,38.4,-0.76,-0.0227,161.7,1,1920,0
398,0.5169,2094.0,1540.0,2118.0,1566.0,24.0,26.0,25.0,1.286,1.393,1.34,638476.977505,3863629.645505,100.0,111.2,37.2,21.9,25.3,13.9,85.18,0.0642,82.8,1,1920,0
399,0.5164,3106.0,1135.0,3137.0,1168.0,31.0,33.0,32.0,1.661,1.768,1.715,638531.398519,3863651.160422,120.2,132.6,42.5,29.2,28.2,17.9,102.46,0.0591,98.4,1,1920,0
400,0.5141,2320.0,1252.0,2349.0,1282.0,29.0,30.0,29.5,1.554,1.608,1.581,638489.222903,3863644.971199,115.3,124.7,50.2,27.0,31.4,16.1,83.82,0.0493,96.7,1,1920,0
401,0.5139,2479.0,1548.0,2514.0,1573.0,35.0,25.0,30.0,1.876,1.34,1.608,638497.904542,3863629.243607,127.6,136.4,53.5,23.9,26.1,18.8,91.78,0.042,105.8,1,1920,0
402,0.5139,1982.0,1562.0,2005.0,1585.0,23.0,23.0,23.0,1.233,1.233,1.233,638470.948589,3863628.546984,124.6,138.1,50.5,34.7,33.3,24.4,101.08,0.0637,104.4,1,1920,0
403,0.5124,3174.0,880.0,3199.0,907.0,25.0,27.0,26.0,1.34,1.447,1.393,638534.881893,3863664.9857,121.2,131.5,48.7,26.4,32.4,16.4,93.09,0.0506,100.5,1,1920,0
404,0.5121,2432.0,1492.0,2454.0,1514.0,22.0,22.0,22.0,1.179,1.179,1.179,638495.037458,3863632.324822,130.8,145.5,41.5,24.6,23.3,13.4,118.63,0.0625,105.9,1,1920,0
405,0.5116,3389.0,812.0,3413.0,837.0,24.0,25.0,24.5,1.286,1.34,1.313,638546.377026,3863668.683158,108.5,130.4,42.8,30.5,31.5,20.1,109.58,0.1119,93.9,1,1920,0
406,0.5116,3570.0,1854.0,3600.0,1884.0,30.0,30.0,30.0,1.608,1.608,1.608,638556.237653,3863612.712219,108.8,111.6,44.9,27.1,28.8,21.3,69.39,0.0156,88.4,1,1920,0
407,0.5112,3328.0,665.0,3349.0,686.0,21.0,21.0,21.0,1.125,1.125,1.125,638543.027628,3863676.667523,115.6,105.5,88.0,19.1,20.2,18.7,7.35,-0.076,103.0,1,1920,0
408,0.5109,3034.0,970.0,3055.0,991.0,21.0,21.0,21.0,1.125,1.125,1.125,638527.272061,3863660.323688,120.6,133.5,41.8,24.5,23.6,16.1,104.61,0.0608,98.6,1,1920,0
409,0.5108,3468.0,788.0,3477.0,813.0,9.0,25.0,17.0,0.482,1.34,0.911,638550.208737,3863669.96923,111.7,118.2,49.5,22.7,28.0,14.3,75.15,0.0359,93.1,1,1920,0
410,0.5102,3889.0,1629.0,3926.0,1664.0,37.0,35.0,36.0,1.983,1.876,1.929,638573.520545,3863624.635181,118.3,124.8,53.0,32.8,30.3,28.4,78.23,0.034,98.7,1,1920,0
411,0.5098,3869.0,1363.0,3899.0,1393.0,30.0,30.0,30.0,1.608,1.608,1.608,638572.261172,3863639.023115,124.4,126.1,51.7,24.0,26.8,21.4,76.19,0.0089,100.7,1,1920,0
412,0.5085,3541.0,1563.0,3578.0,1597.0,37.0,34.0,35.5,1.983,1.822,1.902,638554.871099,3863628.198673,109.5,113.8,45.2,21.8,21.3,16.3,72.93,0.0242,89.5,1,1920,0
413,0.5084,2341.0,1654.0,2365.0,1677.0,24.0,23.0,23.5,1.286,1.233,1.259,638490.214325,3863623.617041,137.2,148.5,59.9,25.9,26.4,17.2,99.82,0.0498,115.2,1,1920,0
414,0.5062,2295.0,1977.0,2317.0,1998.0,22.0,21.0,21.5,1.179,1.125,1.152,638487.695578,3863606.362237,178.0,182.0,175.7,31.8,32.4,32.7,10.18,0.0213,178.6,1,1920,0
415,0.5058,3289.0,799.0,3308.0,819.0,19.0,20.0,19.5,1.018,1.072,1.045,638540.884014,3863669.513746,109.0,126.9,43.1,23.1,24.6,14.7,101.78,0.093,93.0,1,1920,0
416,0.5031,2994.0,1579.0,3014.0,1600.0,20.0,21.0,20.5,1.072,1.125,1.099,638525.101652,3863627.689603,125.7,134.2,47.0,23.4,22.0,18.0,95.77,0.0402,102.3,1,1920,0
417,0.5025,3149.0,1157.0,3169.0,1177.0,20.0,20.0,20.0,1.072,1.072,1.072,638533.408158,3863650.329834,115.5,130.6,43.9,28.4,29.4,17.9,101.83,0.0746,96.7,1,1920,0
418,0.5021,2443.0,1927.0,2473.0,1958.0,30.0,31.0,30.5,1.608,1.661,1.634,638495.841313,3863608.773623,134.7,140.7,65.9,29.0,31.8,20.2,80.9,0.0287,113.8,1,1920,0
419,0.5009,2873.0,1267.0,2898.0,1287.0,25.0,20.0,22.5,1.34,1.072,1.206,638518.751194,3863644.435336,110.2,118.8,46.4,20.9,23.7,14.1,81.16,0.0475,91.8,1,1920,0
420,0.5009,3150.0,1653.0,3187.0,1689.0,37.0,36.0,36.5,1.983,1.929,1.956,638533.917266,3863623.322316,107.0,111.9,45.3,20.7,23.0,17.1,71.52,0.0281,88.1,1,1920,0
421,0.5001,3533.0,1692.0,3565.0,1724.0,32.0,32.0,32.0,1.715,1.715,1.715,638554.3084,3863621.339621,143.5,141.3,59.7,29.9,32.1,18.2,79.36,-0.0099,114.8,1,1920,0
422,0.5,2631.0,1383.0,2671.0,1420.0,40.0,37.0,38.5,2.144,1.983,2.063,638506.184253,3863637.763836,115.6,126.7,50.6,24.9,28.9,17.0,87.15,0.058,97.6,1,1920,0
423,0.4995,3413.0,766.0,3444.0,799.0,31.0,33.0,32.0,1.661,1.768,1.715,638547.850761,3863670.933784,107.2,124.1,38.6,24.5,25.7,14.9,102.36,0.0877,89.9,1,1920,0
424,0.4991,1920.0,1605.0,1930.0,1628.0,10.0,23.0,16.5,0.536,1.233,0.884,638467.27765,3863626.242772,111.3,127.9,39.5,23.4,21.0,17.2,105.02,0.0831,92.9,1,1920,0
425,0.4974,1983.0,1291.0,2013.0,1319.0,30.0,28.0,29.0,1.608,1.5,1.554,638471.189746,3863642.934918,114.0,123.2,45.5,19.3,21.7,14.5,86.82,0.0479,94.2,1,1920,0
426,0.4967,3371.0,1905.0,3400.0,1935.0,29.0,30.0,29.5,1.554,1.608,1.581,638545.546375,3863609.979315,121.6,119.9,56.3,24.9,23.1,23.7,61.97,-0.0089,99.3,1,1920,0
427,0.4964,2052.0,1774.0,2075.0,1798.0,23.0,24.0,23.5,1.233,1.286,1.259,638474.699915,3863617.159886,119.4,128.6,45.8,27.5,28.5,17.7,91.89,0.0453,97.9,1,1920,0
428,0.4964,3422.0,625.0,3449.0,653.0,27.0,28.0,27.5,1.447,1.5,1.474,638548.225894,3863678.623425,95.4,111.3,34.1,24.9,25.3,16.1,93.02,0.0917,80.3,1,1920,0
429,0.495,3081.0,1242.0,3108.0,1267.0,27.0,25.0,26.0,1.447,1.34,1.393,638529.95158,3863645.641029,128.3,138.7,51.8,23.8,22.7,15.1,97.2,0.0482,106.3,1,1920,0
430,0.4948,2983.0,1041.0,3019.0,1077.0,36.0,36.0,36.0,1.929,1.929,1.929,638524.940881,3863656.117159,104.5,114.8,40.7,29.8,31.9,15.9,84.39,0.0577,86.7,1,1920,0
431,0.494,2747.0,1871.0,2789.0,1910.0,42.0,39.0,40.5,2.251,2.09,2.17,638512.454326,3863611.560113,129.1,137.3,54.3,29.0,30.9,18.7,91.29,0.0388,106.9,1,1920,0
432,0.4936,2893.0,1540.0,2916.0,1566.0,23.0,26.0,24.5,1.233,1.393,1.313,638519.769411,3863629.645505,198.4,188.8,168.5,27.6,28.3,32.4,10.76,-0.0437,185.2,1,1920,0
433,0.4923,2899.0,1203.0,2927.0,1229.0,28.0,26.0,27.0,1.5,1.393,1.447,638520.224929,3863647.704103,106.9,114.2,45.9,22.0,24.7,15.7,75.55,0.0416,89.0,1,1920,0
434,0.4922,3011.0,1472.0,3042.0,1503.0,31.0,31.0,31.0,1.661,1.661,1.661,638526.307435,3863633.15541,99.2,105.5,47.9,18.0,20.8,13.5,63.84,0.0398,84.2,1,1920,0
435,0.4922,3741.0,1570.0,3772.0,1602.0,31.0,32.0,31.5,1.661,1.715,1.688,638565.4284,3863627.877155,140.6,135.0,71.9,27.2,29.4,22.0,57.45,-0.0277,115.8,1,1920,0
436,0.4921,3373.0,1196.0,3394.0,1216.0,21.0,20.0,20.5,1.125,1.072,1.099,638545.439195,3863648.239967,146.0,150.9,58.9,26.6,30.0,14.8,96.85,0.0206,118.6,1,1920,0
437,0.492,3242.0,1188.0,3263.0,1210.0,21.0,22.0,21.5,1.125,1.179,1.152,638538.418857,3863648.615071,114.1,121.5,48.6,20.1,24.5,15.7,80.3,0.0396,94.7,1,1920,0
438,0.4916,2000.0,1603.0,2028.0,1627.0,28.0,24.0,26.0,1.5,1.286,1.393,638472.047192,3863626.323151,107.1,120.1,48.1,28.8,26.5,19.3,85.05,0.0727,91.7,1,1920,0
439,0.4914,3339.0,1572.0,3364.0,1596.0,25.0,24.0,24.5,1.34,1.286,1.313,638543.724303,3863627.984328,136.2,132.2,62.7,30.0,32.0,23.0,65.6,-0.0191,110.4,1,1920,0
440,0.4913,2643.0,1230.0,2676.0,1249.0,33.0,19.0,26.0,1.768,1.018,1.393,638506.639772,3863646.444824,120.0,130.8,54.6,21.6,24.3,16.5,86.93,0.0549,101.8,1,1920,0
441,0.4912,2039.0,1500.0,2085.0,1532.0,46.0,32.0,39.0,2.465,1.715,2.09,638474.619529,3863631.628199,119.7,132.3,46.0,32.7,32.0,18.4,98.87,0.061,99.3,1,1920,0
442,0.4907,3277.0,987.0,3304.0,1013.0,27.0,26.0,26.5,1.447,1.393,1.42,638540.455291,3863659.278754,112.4,125.8,44.2,21.8,26.2,13.8,95.03,0.0691,94.1,1,1920,0
443,0.4905,3795.0,1729.0,3825.0,1758.0,30.0,29.0,29.5,1.608,1.554,1.581,638568.295485,3863619.437306,131.3,131.9,60.1,24.3,26.1,20.6,72.42,0.0032,107.8,1,1920,0
444,0.4902,3749.0,1490.0,3775.0,1516.0,26.0,26.0,26.0,1.393,1.393,1.393,638565.723147,3863632.324822,178.4,170.8,151.9,31.2,33.3,38.3,11.2,-0.0388,167.0,1,1920,0
445,0.4881,2501.0,1767.0,2530.0,1791.0,29.0,24.0,26.5,1.554,1.286,1.42,638498.922759,3863617.53499,146.2,155.4,68.3,27.1,29.2,18.6,96.25,0.0393,123.3,1,1920,0
446,0.4879,3386.0,1513.0,3432.0,1556.0,46.0,43.0,44.5,2.465,2.304,2.385,638546.805749,3863630.636852,125.0,126.6,52.2,25.6,29.0,21.3,76.02,0.0082,101.3,1,1920,0
447,0.4878,2931.0,1974.0,2970.0,2007.0,39.0,33.0,36.0,2.09,1.768,1.929,638522.234567,3863606.201478,149.7,150.1,71.8,32.7,30.8,25.8,78.8,0.002,123.9,1,1920,0
448,0.4876,3631.0,1291.0,3655.0,1314.0,24.0,23.0,23.5,1.286,1.233,1.259,638559.345894,3863643.068884,138.2,139.6,62.7,29.3,28.2,26.6,78.25,0.0064,113.5,1,1920,0
449,0.4873,3245.0,867.0,3268.0,893.0,23.0,26.0,24.5,1.233,1.393,1.313,638538.633218,3863665.709115,123.7,134.5,51.6,26.0,29.9,15.6,93.75,0.0523,103.3,1,1920,0
450,0.4866,3745.0,1212.0,3769.0,1236.0,24.0,24.0,24.0,1.286,1.286,1.286,638565.455195,3863647.275412,129.1,133.9,62.0,26.2,25.9,20.1,76.61,0.0236,108.3,1,1920,0
451,0.4852,3767.0,944.0,3792.0,966.0,25.0,22.0,23.5,1.34,1.179,1.259,638566.660979,3863661.690139,153.2,153.9,69.8,22.6,25.3,16.2,84.93,0.0032,125.6,1,1920,0
452,0.4844,2241.0,1823.0,2279.0,1860.0,38.0,37.0,37.5,2.036,1.983,2.01,638485.230421,3863614.185844,96.0,110.1,40.9,25.5,27.4,15.5,83.34,0.0852,82.3,1,1920,0
453,0.4838,3246.0,771.0,3266.0,791.0,20.0,20.0,20.0,1.072,1.072,1.072,638538.606423,3863671.014164,121.7,142.4,46.3,17.6,17.6,13.3,116.72,0.0949,103.4,1,1920,0
454,0.4836,2737.0,1682.0,2772.0,1714.0,35.0,32.0,33.5,1.876,1.715,1.795,638511.730856,3863621.875484,128.9,138.6,54.3,30.3,30.0,21.6,94.01,0.0455,107.3,1,1920,0
455,0.483,3792.0,505.0,3811.0,523.0,19.0,18.0,18.5,1.018,0.965,0.991,638567.839967,3863685.321718,114.2,126.6,43.1,18.0,24.5,10.5,95.94,0.0628,94.6,1,1920,0
456,0.4828,3849.0,671.0,3885.0,706.0,36.0,35.0,35.5,1.929,1.876,1.902,638571.350135,3863675.970901,105.2,113.5,47.0,20.6,22.7,15.5,74.7,0.048,88.6,1,1920,0
457,0.4816,2355.0,1764.0,2388.0,1797.0,33.0,33.0,33.0,1.768,1.768,1.768,638491.205747,3863617.454611,122.8,126.9,58.8,30.3,32.7,22.2,72.17,0.0214,102.8,1,1920,0
458,0.4815,3027.0,1205.0,3052.0,1229.0,25.0,24.0,24.5,1.34,1.286,1.313,638527.00411,3863647.650517,110.9,123.4,46.0,23.8,24.4,17.0,90.01,0.0666,93.4,1,1920,0
459,0.4812,2397.0,1588.0,2418.0,1609.0,21.0,21.0,21.0,1.125,1.125,1.125,638493.135,3863627.207326,143.5,151.4,58.1,32.6,33.0,25.7,101.16,0.0332,117.7,1,1920,0
460,0.4811,3733.0,480.0,3758.0,499.0,25.0,19.0,22.0,1.34,1.018,1.179,638564.838906,3863686.634584,102.5,113.0,46.3,14.9,21.5,10.7,77.2,0.0619,87.3,1,1920,0
461,0.4807,2498.0,1279.0,2521.0,1301.0,23.0,22.0,22.5,1.233,1.179,1.206,638498.601217,3863643.738714,137.3,136.3,57.1,25.0,30.9,14.9,78.31,-0.0042,110.2,1,1920,0
462,0.4806,2612.0,1856.0,2637.0,1878.0,25.0,22.0,23.5,1.34,1.179,1.259,638504.764109,3863612.819392,129.5,144.5,53.0,28.7,29.1,18.3,106.49,0.0679,109.0,1,1920,0
463,0.4806,3250.0,1436.0,3277.0,1465.0,27.0,29.0,28.0,1.447,1.554,1.5,638539.008351,3863635.138105,178.2,174.2,168.2,34.4,36.4,41.2,1.94,-0.0218,173.5,1,1920,0
464,0.4805,2605.0,1224.0,2628.0,1247.0,23.0,23.0,23.0,1.233,1.233,1.233,638504.335386,3863646.659169,108.0,122.7,47.7,18.0,22.1,14.0,89.72,0.0803,92.8,1,1920,0
465,0.4804,2588.0,1651.0,2624.0,1685.0,36.0,34.0,35.0,1.929,1.822,1.876,638503.772687,3863623.483075,99.1,113.2,52.7,21.5,22.7,13.9,74.72,0.0889,88.3,1,1920,0
466,0.4802,2852.0,1306.0,2884.0,1340.0,32.0,34.0,33.0,1.715,1.822,1.768,638517.813362,3863641.970364,143.9,145.9,67.3,29.0,33.5,20.1,80.62,0.009,119.0,1,1920,0
467,0.4801,2991.0,1785.0,3028.0,1821.0,37.0,36.0,36.5,1.983,1.929,1.956,638525.396399,3863616.248918,164.7,160.9,83.5,25.7,24.4,29.2,73.58,-0.0157,136.3,1,1920,0
468,0.48,3033.0,1343.0,3059.0,1366.0,26.0,23.0,24.5,1.393,1.233,1.313,638527.352447,3863640.282394,140.5,143.9,60.8,27.2,27.5,18.2,86.48,0.0151,115.1,1,1920,0
469,0.4792,3593.0,1199.0,3629.0,1234.0,36.0,35.0,35.5,1.929,1.876,1.902,638557.631002,3863647.67731,131.9,135.2,64.1,31.8,33.9,22.8,74.37,0.0161,110.4,1,1920,0
470,0.479,3848.0,1693.0,3875.0,1718.0,27.0,25.0,26.0,1.447,1.34,1.393,638571.055388,3863621.473587,112.0,113.2,50.4,22.8,22.9,18.7,64.09,0.0071,91.9,1,1920,0
471,0.4782,3898.0,1020.0,3933.0,1054.0,35.0,34.0,34.5,1.876,1.822,1.849,638573.949268,3863657.296059,121.1,129.2,47.7,18.8,20.2,15.4,89.51,0.0397,99.3,1,1920,0
472,0.478,3206.0,948.0,3228.0,969.0,22.0,21.0,21.5,1.179,1.125,1.152,638536.516399,3863661.502587,110.8,125.7,38.6,23.6,23.2,15.0,102.01,0.0755,91.7,1,1920,0
473,0.4768,3202.0,1015.0,3227.0,1039.0,25.0,24.0,24.5,1.34,1.286,1.313,638536.382423,3863657.831923,133.2,139.6,59.8,20.0,22.7,17.3,86.3,0.0303,110.9,1,1920,0
474,0.4767,3421.0,1264.0,3451.0,1291.0,30.0,27.0,28.5,1.608,1.447,1.527,638548.252689,3863644.408543,124.2,127.6,53.4,24.4,25.2,16.3,77.71,0.0174,101.7,1,1920,0
475,0.476,3492.0,1570.0,3516.0,1596.0,24.0,26.0,25.0,1.286,1.393,1.34,638551.896833,3863628.037914,94.5,101.5,45.1,20.0,20.9,13.5,63.39,0.0464,80.3,1,1920,0
476,0.4759,3390.0,1146.0,3426.0,1181.0,36.0,35.0,35.5,1.929,1.876,1.902,638546.752159,3863650.517386,126.6,135.0,54.0,25.9,27.6,15.6,89.42,0.0407,105.2,1,1920,0
477,0.475,2714.0,1943.0,2757.0,1980.0,43.0,37.0,40.0,2.304,1.983,2.144,638510.712639,3863607.755482,127.3,135.8,53.5,27.5,27.6,17.3,90.83,0.0407,105.5,1,1920,0
478,0.4743,3933.0,629.0,3963.0,655.0,30.0,26.0,28.0,1.608,1.393,1.5,638575.690955,3863678.462666,126.6,134.0,45.5,22.6,24.8,16.6,96.01,0.0345,102.0,1,1920,0
479,0.4738,2877.0,1047.0,2901.0,1074.0,24.0,27.0,25.5,1.286,1.447,1.367,638518.93876,3863656.03678,132.1,135.6,63.4,29.6,26.0,18.4,75.83,0.0175,110.4,1,1920,0
480,0.4732,2626.0,1890.0,2659.0,1922.0,33.0,32.0,32.5,1.768,1.715,1.742,638505.728735,3863610.729524,118.7,132.4,50.6,27.0,26.7,17.3,95.5,0.0681,100.6,1,1920,0
481,0.4731,3762.0,701.0,3792.0,726.0,30.0,25.0,27.5,1.608,1.34,1.474,638566.527003,3863674.631242,110.8,124.6,44.1,22.2,24.9,15.3,94.34,0.0721,93.1,1,1920,0
482,0.4728,2090.0,1758.0,2109.0,1778.0,19.0,20.0,19.5,1.018,1.072,1.045,638476.629168,3863618.12444,131.8,137.8,54.2,30.2,34.3,22.3,89.61,0.0279,107.9,1,1920,0
483,0.4712,3399.0,639.0,3420.0,660.0,21.0,21.0,21.0,1.125,1.125,1.125,638546.832544,3863678.060768,111.4,124.7,46.6,25.2,26.3,22.1,91.5,0.0704,94.2,1,1920,0
484,0.47,3677.0,1789.0,3704.0,1814.0,27.0,25.0,26.0,1.447,1.34,1.393,638561.891436,3863616.329298,144.9,149.4,76.3,32.0,31.7,40.4,77.66,0.0207,123.5,1,1920,0
485,0.4695,3469.0,1135.0,3491.0,1162.0,22.0,27.0,24.5,1.179,1.447,1.313,638550.610665,3863651.321182,108.5,119.4,45.1,18.6,21.6,12.2,85.19,0.0597,91.0,1,1920,0
486,0.4694,3260.0,1569.0,3293.0,1599.0,33.0,30.0,31.5,1.768,1.608,1.688,638539.705026,3863627.984328,134.8,140.2,59.6,26.6,26.6,20.4,86.04,0.025,111.5,1,1920,0
487,0.4683,3424.0,1858.0,3461.0,1890.0,37.0,32.0,34.5,1.983,1.715,1.849,638548.601026,3863612.444287,133.3,134.7,51.5,27.2,28.6,19.2,84.62,0.0064,106.5,1,1920,0
488,0.4668,2981.0,1642.0,3006.0,1670.0,25.0,28.0,26.5,1.34,1.5,1.42,638524.538953,3863624.126111,150.5,144.3,141.8,38.0,39.4,38.9,-3.67,-0.0404,145.5,1,1920,0
489,0.4656,3556.0,1815.0,3589.0,1847.0,33.0,32.0,32.5,1.768,1.715,1.742,638555.567773,3863614.7485,136.9,134.3,70.1,29.8,30.8,34.3,61.56,-0.0132,113.8,1,1920,0
490,0.4651,2709.0,1901.0,2734.0,1925.0,25.0,24.0,24.5,1.34,1.286,1.313,638509.962374,3863610.35442,116.1,124.9,48.1,29.1,30.6,17.2,85.57,0.0456,96.4,1,1920,0
491,0.465,3353.0,644.0,3374.0,665.0,21.0,21.0,21.0,1.125,1.125,1.125,638544.367387,3863677.792836,91.6,103.0,43.4,11.5,14.7,11.5,71.09,0.0756,79.3,1,1920,0
492,0.4648,3661.0,1530.0,3686.0,1553.0,25.0,23.0,24.0,1.34,1.233,1.286,638560.9804,3863630.261747,133.5,138.5,57.5,23.8,28.0,17.7,85.99,0.0233,109.8,1,1920,0
493,0.4647,3700.0,1643.0,3731.0,1672.0,31.0,29.0,30.0,1.661,1.554,1.608,638563.231195,3863624.045731,130.9,133.1,52.0,27.6,26.7,17.2,83.25,0.0101,105.3,1,1920,0
494,0.4646,3771.0,1287.0,3795.0,1312.0,24.0,25.0,24.5,1.286,1.34,1.313,638566.848545,3863643.229643,137.8,138.0,62.0,24.1,23.4,19.3,76.13,0.0008,112.6,1,1920,0
495,0.464,3930.0,496.0,3955.0,519.0,25.0,23.0,24.0,1.34,1.233,1.286,638575.396208,3863685.670029,127.6,134.1,41.5,32.0,32.8,16.6,99.07,0.0296,101.1,1,1920,0
496,0.4638,3915.0,688.0,3938.0,711.0,23.0,23.0,23.0,1.233,1.233,1.233,638574.538762,3863675.381451,142.1,148.7,62.8,22.3,25.8,16.0,92.44,0.0288,117.9,1,1920,0
497,0.4632,2652.0,1646.0,2676.0,1669.0,24.0,23.0,23.5,1.286,1.233,1.259,638506.880928,3863624.045731,93.6,105.8,52.5,16.8,21.4,11.5,65.52,0.0834,84.0,1,1920,0
498,0.4622,3651.0,1156.0,3678.0,1183.0,27.0,27.0,27.0,1.447,1.447,1.447,638560.498087,3863650.195868,146.4,149.4,60.9,29.4,28.7,18.4,91.46,0.0126,118.9,1,1920,0
499,0.4618,2136.0,1388.0,2163.0,1413.0,27.0,25.0,26.0,1.447,1.34,1.393,638479.308686,3863637.817422,131.8,141.4,56.6,32.6,38.3,16.8,94.5,0.0446,109.9,1,1920,0
500,0.4608,3414.0,1812.0,3453.0,1846.0,39.0,34.0,36.5,2.09,1.822,1.956,638548.118713,3863614.855673,140.2,138.1,64.5,34.4,38.6,23.8,71.51,-0.0096,114.3,1,1920,0
501,0.4602,2633.0,1514.0,2663.0,1544.0,30.0,30.0,30.0,1.608,1.608,1.608,638506.023482,3863630.931577,129.9,139.3,50.4,21.9,25.5,15.3,98.38,0.0431,106.5,1,1920,0
502,0.4602,3759.0,1445.0,3794.0,1481.0,35.0,36.0,35.5,1.876,1.929,1.902,638566.500207,3863634.468276,109.4,117.4,45.2,26.0,28.8,15.6,80.27,0.0444,90.7,1,1920,0
503,0.4602,3514.0,1328.0,3540.0,1353.0,26.0,25.0,25.5,1.393,1.34,1.367,638553.129412,3863641.032603,109.5,118.1,42.4,23.3,25.5,15.0,84.3,0.0465,90.0,1,1920,0
504,0.4599,3460.0,1349.0,3484.0,1373.0,24.0,24.0,24.0,1.286,1.286,1.286,638550.181942,3863639.934083,116.6,120.6,42.8,19.0,20.2,14.5,81.82,0.0208,93.3,1,1920,0
505,0.4598,3176.0,793.0,3203.0,817.0,27.0,24.0,25.5,1.447,1.286,1.367,638535.042664,3863669.728091,113.7,122.6,48.7,15.0,18.2,13.6,82.89,0.0477,95.0,1,1920,0
506,0.459,2945.0,1182.0,2972.0,1210.0,27.0,28.0,27.5,1.447,1.5,1.474,638522.66329,3863648.77583,111.4,120.9,42.0,22.4,23.4,16.6,88.34,0.0499,91.4,1,1920,0
507,0.459,3190.0,1135.0,3218.0,1159.0,28.0,24.0,26.0,1.5,1.286,1.393,638535.819724,3863651.401561,116.4,124.9,50.6,24.7,26.3,16.5,82.85,0.0448,97.3,1,1920,0
508,0.4587,3219.0,1644.0,3248.0,1670.0,29.0,26.0,27.5,1.554,1.393,1.474,638537.40064,3863624.072525,132.4,132.4,56.7,25.5,26.2,17.6,75.79,0.0001,107.2,1,1920,0
509,0.4581,2793.0,1629.0,2831.0,1665.0,38.0,36.0,37.0,2.036,1.929,1.983,638514.812302,3863624.608388,108.7,120.2,52.9,30.0,31.4,19.4,78.89,0.0656,93.9,1,1920,0
510,0.4579,2944.0,1677.0,2983.0,1717.0,39.0,40.0,39.5,2.09,2.144,2.117,638522.931242,3863621.929071,128.9,131.7,55.4,27.9,28.0,21.6,79.0,0.0135,105.3,1,1920,0
511,0.4575,3632.0,1064.0,3659.0,1091.0,27.0,27.0,27.0,1.447,1.447,1.447,638559.47987,3863655.125812,126.2,138.4,46.7,22.6,22.7,15.6,103.85,0.0558,103.8,1,1920,0
512,0.4573,2966.0,977.0,2990.0,1002.0,24.0,25.0,24.5,1.286,1.34,1.313,638523.708302,3863659.841411,128.9,139.3,51.3,22.9,24.8,16.1,98.43,0.048,106.5,1,1920,0
513,0.4567,3093.0,843.0,3114.0,867.0,21.0,24.0,22.5,1.125,1.286,1.206,638530.433893,3863667.048774,119.3,136.4,39.7,18.3,18.3,13.1,113.75,0.079,98.4,1,1920,0
514,0.4564,3366.0,748.0,3389.0,774.0,23.0,26.0,24.5,1.233,1.393,1.313,638545.117652,3863672.085891,118.6,131.8,41.7,33.7,34.3,18.1,103.34,0.0634,97.4,1,1920,0
515,0.4561,3693.0,1093.0,3713.0,1113.0,20.0,20.0,20.0,1.072,1.072,1.072,638562.561316,3863653.75936,145.1,150.4,63.9,24.8,24.1,19.4,91.83,0.0228,119.8,1,1920,0
516,0.4556,3395.0,855.0,3430.0,890.0,35.0,35.0,35.0,1.876,1.876,1.876,638546.993315,3863666.111013,104.8,118.7,42.2,25.3,29.1,15.8,90.46,0.0769,88.6,1,1920,0
517,0.4555,3407.0,1376.0,3434.0,1401.0,27.0,25.0,26.0,1.447,1.34,1.393,638547.422038,3863638.460458,104.9,109.2,42.4,20.0,22.0,14.2,71.02,0.0248,85.5,1,1920,0
518,0.4549,3507.0,1895.0,3538.0,1925.0,31.0,30.0,30.5,1.661,1.608,1.634,638552.888255,3863610.515179,119.6,121.7,56.8,29.2,29.0,29.2,66.97,0.0113,99.4,1,1920,0
519,0.4544,2447.0,1817.0,2485.0,1853.0,38.0,36.0,37.0,2.036,1.929,1.983,638496.270036,3863614.534155,114.5,130.1,49.9,26.2,28.9,17.6,95.82,0.0801,98.1,1,1920,0
520,0.454,2201.0,1625.0,2228.0,1652.0,27.0,27.0,27.0,1.447,1.447,1.447,638482.79206,3863625.063872,122.8,129.6,50.4,24.1,27.2,18.0,86.05,0.0339,101.0,1,1920,0
521,0.4538,2919.0,1758.0,2942.0,1783.0,23.0,25.0,24.0,1.233,1.34,1.286,638521.16276,3863617.990474,136.1,142.5,56.3,28.5,26.1,25.0,92.55,0.0285,111.6,1,1920,0
522,0.4534,2944.0,1823.0,2975.0,1852.0,31.0,29.0,30.0,1.661,1.554,1.608,638522.716881,3863614.400189,145.4,144.4,68.9,25.8,23.7,23.7,74.51,-0.0046,119.6,1,1920,0
523,0.4532,2201.0,1257.0,2222.0,1282.0,21.0,25.0,23.0,1.125,1.34,1.233,638482.631289,3863644.837234,146.1,120.8,94.2,30.5,27.2,25.5,1.33,-0.1465,120.4,1,1920,0
524,0.4529,2539.0,1696.0,2570.0,1725.0,31.0,29.0,30.0,1.661,1.554,1.608,638501.012783,3863621.205655,109.0,110.5,58.8,24.3,20.1,17.7,53.13,0.0091,92.8,1,1920,0
525,0.4519,1981.0,1457.0,2005.0,1480.0,24.0,23.0,23.5,1.286,1.233,1.259,638470.921794,3863634.173551,123.7,129.8,54.3,22.0,24.6,15.1,81.62,0.0308,102.6,1,1920,0
526,0.4513,3900.0,1445.0,3936.0,1480.0,36.0,35.0,35.5,1.929,1.876,1.902,638574.083244,3863634.495069,125.0,134.0,58.9,23.3,22.6,18.8,84.14,0.045,106.0,1,1920,0
527,0.4511,3925.0,1055.0,3959.0,1086.0,34.0,31.0,32.5,1.822,1.661,1.742,638575.369413,3863655.500917,127.4,137.0,52.9,22.6,22.6,16.0,93.6,0.0451,105.8,1,1920,0
528,0.4508,3553.0,1082.0,3584.0,1112.0,31.0,30.0,30.5,1.661,1.608,1.634,638555.353412,3863654.080878,135.4,142.2,61.1,23.3,24.6,19.8,87.79,0.0311,112.9,1,1920,0
529,0.4503,3131.0,1425.0,3166.0,1462.0,35.0,37.0,36.0,1.876,1.983,1.929,638532.845459,3863635.513209,113.4,124.0,49.3,23.1,23.1,15.0,85.28,0.0564,95.6,1,1920,0
530,0.4501,2829.0,991.0,2867.0,1028.0,38.0,37.0,37.5,2.036,1.983,2.01,638516.741555,3863658.769684,106.4,112.8,44.2,20.5,24.9,15.5,74.94,0.0362,87.8,1,1920,0
531,0.4491,3026.0,1869.0,3052.0,1893.0,26.0,24.0,25.0,1.393,1.286,1.34,638526.977314,3863612.069183,129.3,141.3,59.5,30.4,27.3,27.9,93.83,0.0569,110.1,1,1920,0
532,0.449,3661.0,1937.0,3697.0,1971.0,36.0,34.0,35.0,1.929,1.822,1.876,638561.275147,3863608.15738,124.0,122.4,58.9,22.2,23.0,18.1,61.78,-0.0089,101.8,1,1920,0
533,0.4489,3543.0,1733.0,3577.0,1767.0,34.0,34.0,34.0,1.822,1.822,1.822,638554.897894,3863619.088994,150.1,145.9,66.8,25.7,24.7,19.3,74.92,-0.0184,120.9,1,1920,0
534,0.4476,2990.0,1292.0,3033.0,1331.0,43.0,39.0,41.0,2.304,2.09,2.197,638525.503579,3863642.586607,118.4,128.9,49.2,24.6,26.0,16.3,90.11,0.0528,98.8,1,1920,0
535,0.447,3127.0,974.0,3154.0,1001.0,27.0,27.0,27.0,1.447,1.447,1.447,638532.416736,3863659.948583,161.0,138.1,118.4,25.0,24.6,22.9,-3.12,-0.1263,139.2,1,1920,0
536,0.4458,3955.0,534.0,3967.0,557.0,12.0,23.0,17.5,0.643,1.233,0.938,638576.38763,3863683.633748,110.5,124.8,33.5,21.1,21.8,13.5,105.49,0.0705,89.6,1,1920,0
537,0.4454,3620.0,673.0,3654.0,701.0,34.0,28.0,31.0,1.822,1.5,1.661,638559.024352,3863676.05128,119.5,127.8,49.9,24.8,29.6,15.1,86.27,0.0423,99.1,1,1920,0
538,0.4453,3627.0,1433.0,3661.0,1467.0,34.0,34.0,34.0,1.822,1.822,1.822,638559.399484,3863635.164898,119.4,132.0,45.7,26.0,26.8,17.8,98.97,0.0616,99.1,1,1920,0
539,0.4448,3913.0,1679.0,3936.0,1701.0,23.0,22.0,22.5,1.233,1.179,1.206,638574.431581,3863622.304175,141.2,143.9,59.9,28.9,28.9,20.6,86.54,0.0116,115.0,1,1920,0
540,0.4447,3837.0,1898.0,3867.0,1926.0,30.0,28.0,29.0,1.608,1.5,1.554,638570.54628,3863610.408006,128.5,123.5,64.8,25.3,25.7,19.3,53.79,-0.0264,105.6,1,1920,0
541,0.4447,3042.0,1159.0,3078.0,1194.0,36.0,35.0,35.5,1.929,1.876,1.902,638528.102712,3863649.820764,120.5,128.2,51.6,27.7,27.7,18.6,84.23,0.039,100.1,1,1920,0
542,0.4447,2942.0,1350.0,2967.0,1374.0,25.0,24.0,24.5,1.34,1.286,1.313,638522.448929,3863639.880497,124.5,129.2,59.4,22.0,24.0,14.5,74.54,0.0242,104.4,1,1920,0
543,0.4447,2896.0,1720.0,2923.0,1747.0,27.0,27.0,27.0,1.447,1.447,1.447,638520.037362,3863619.973169,148.3,150.8,66.8,25.4,26.9,20.2,86.53,0.0107,122.0,1,1920,0
544,0.4442,2156.0,1252.0,2176.0,1274.0,20.0,22.0,21.0,1.072,1.179,1.125,638480.192927,3863645.185545,161.0,137.3,102.2,21.5,21.1,18.9,11.36,-0.1209,133.5,1,1920,0
545,0.4435,3560.0,769.0,3583.0,792.0,23.0,23.0,23.0,1.233,1.233,1.233,638555.514183,3863671.040957,132.9,137.8,52.3,24.7,29.8,19.8,90.38,0.0223,107.7,1,1920,0
546,0.4433,3213.0,1827.0,3245.0,1860.0,32.0,33.0,32.5,1.715,1.768,1.742,638537.159483,3863614.078671,127.2,127.2,55.1,25.3,26.7,18.2,72.16,0.0001,103.2,1,1920,0
547,0.4432,3097.0,1870.0,3120.0,1893.0,23.0,23.0,23.0,1.233,1.233,1.233,638530.701845,3863612.04239,126.0,131.9,53.4,29.5,29.2,20.0,84.44,0.0288,103.8,1,1920,0
548,0.443,3519.0,1941.0,3551.0,1974.0,32.0,33.0,32.5,1.715,1.768,1.742,638553.558135,3863607.969828,129.7,132.7,57.0,31.8,30.2,31.1,78.77,0.0149,106.5,1,1920,0
549,0.4426,3054.0,846.0,3075.0,866.0,21.0,20.0,20.5,1.125,1.072,1.099,638528.343869,3863666.995188,99.6,121.8,40.7,20.2,24.5,12.7,103.44,0.1233,87.4,1,1920,0
550,0.4426,2483.0,1500.0,2516.0,1529.0,33.0,29.0,31.0,1.768,1.554,1.661,638498.065313,3863631.708579,112.5,123.2,39.2,29.1,30.1,15.9,94.56,0.0542,91.6,1,1920,0
551,0.4425,3674.0,1745.0,3695.0,1766.0,21.0,21.0,21.0,1.125,1.125,1.125,638561.569894,3863618.794269,134.2,138.6,53.9,25.1,25.3,18.3,89.13,0.0201,108.9,1,1920,0
552,0.4425,1943.0,1638.0,1967.0,1660.0,24.0,22.0,23.0,1.286,1.179,1.233,638468.88536,3863624.501215,90.3,110.9,32.7,22.6,23.1,12.9,98.82,0.1223,78.0,1,1920,0
553,0.4409,3325.0,1528.0,3353.0,1556.0,28.0,28.0,28.0,1.5,1.5,1.5,638543.054423,3863630.234954,132.8,134.8,68.5,25.4,24.8,25.4,68.2,0.0098,112.0,1,1920,0
554,0.4403,3241.0,1324.0,3276.0,1355.0,35.0,31.0,33.0,1.876,1.661,1.768,638538.740399,3863641.086189,133.7,134.4,57.5,24.7,27.8,16.8,77.66,0.0034,108.5,1,1920,0
555,0.4395,2227.0,1332.0,2261.0,1364.0,34.0,32.0,33.0,1.822,1.715,1.768,638484.372976,3863640.630705,136.3,142.3,61.6,21.9,23.2,24.0,86.64,0.0277,113.4,1,1920,0
556,0.439,3841.0,854.0,3880.0,893.0,39.0,39.0,39.0,2.09,2.09,2.09,638571.001798,3863666.057427,135.1,138.9,61.6,25.8,27.2,22.6,81.15,0.0179,111.9,1,1920,0
557,0.4381,3273.0,1394.0,3304.0,1428.0,31.0,34.0,32.5,1.661,1.822,1.742,638540.34811,3863637.254766,137.0,139.5,66.7,26.6,28.9,18.8,75.34,0.012,114.4,1,1920,0
558,0.4379,3806.0,1556.0,3837.0,1584.0,31.0,28.0,29.5,1.661,1.5,1.581,638568.911774,3863628.734537,142.2,134.1,68.1,23.3,24.4,17.1,57.88,-0.039,114.8,1,1920,0
559,0.4371,3714.0,1318.0,3740.0,1344.0,26.0,26.0,26.0,1.393,1.393,1.393,638563.847484,3863641.541673,126.1,129.3,58.0,26.3,23.4,23.4,74.6,0.0163,104.5,1,1920,0
560,0.4369,3474.0,1245.0,3504.0,1273.0,30.0,28.0,29.0,1.608,1.5,1.554,638551.092978,3863645.39989,118.6,124.6,55.5,18.7,19.4,15.9,75.17,0.0323,99.6,1,1920,0
561,0.4368,3220.0,705.0,3241.0,726.0,21.0,21.0,21.0,1.125,1.125,1.125,638537.239869,3863674.524069,116.0,130.1,51.4,25.5,25.4,16.0,92.84,0.0723,99.2,1,1920,0
562,0.4353,2640.0,1579.0,2659.0,1600.0,19.0,21.0,20.0,1.018,1.125,1.072,638506.103868,3863627.689603,181.4,171.9,154.3,30.7,31.9,37.3,8.08,-0.0479,169.2,1,1920,0
563,0.4347,3714.0,1682.0,3739.0,1706.0,25.0,24.0,24.5,1.34,1.286,1.313,638563.820689,3863622.08983,122.9,124.3,56.8,25.9,32.5,15.3,68.85,0.0071,101.3,1,1920,0
564,0.434,2785.0,1792.0,2812.0,1817.0,27.0,25.0,26.0,1.447,1.34,1.393,638514.088832,3863616.168538,130.1,141.5,66.4,34.6,35.6,22.6,86.63,0.0557,112.7,1,1920,0
565,0.4336,3367.0,1444.0,3389.0,1466.0,22.0,22.0,22.0,1.179,1.179,1.179,638545.144448,3863634.896966,132.5,128.6,67.8,27.8,33.7,18.6,56.84,-0.0203,109.6,1,1920,0
566,0.4333,3862.0,1449.0,3883.0,1469.0,21.0,20.0,20.5,1.125,1.072,1.099,638571.644882,3863634.682621,169.2,163.5,149.2,35.5,35.1,44.7,8.57,-0.0313,160.6,1,1920,0
567,0.4332,3847.0,2004.0,3879.0,2036.0,32.0,32.0,32.0,1.715,1.715,1.715,638571.135774,3863604.620681,132.5,123.8,114.9,31.1,34.5,41.0,0.25,-0.0615,123.7,1,1920,0
568,0.4328,3324.0,1854.0,3357.0,1885.0,33.0,31.0,32.0,1.768,1.661,1.715,638543.134809,3863612.685426,152.6,147.3,146.7,28.6,31.6,33.9,-4.62,-0.0343,148.9,1,1920,0
569,0.4313,1920.0,1273.0,1932.0,1314.0,12.0,41.0,26.5,0.643,2.197,1.42,638467.33124,3863643.551161,145.2,126.2,87.2,25.2,19.0,16.1,20.04,-0.103,119.5,1,1920,0
570,0.4313,2737.0,1834.0,2772.0,1868.0,35.0,34.0,34.5,1.876,1.822,1.849,638511.730856,3863613.676773,123.1,131.8,53.2,29.2,29.7,18.9,87.37,0.0435,102.7,1,1920,0
571,0.4306,3725.0,782.0,3756.0,812.0,31.0,30.0,30.5,1.661,1.608,1.634,638564.570954,3863670.156782,118.7,123.6,54.4,24.0,27.5,15.7,74.09,0.0259,98.9,1,1920,0
572,0.4297,3046.0,907.0,3065.0,925.0,19.0,18.0,18.5,1.018,0.965,0.991,638527.861555,3863663.780007,120.4,133.5,51.0,25.6,27.2,15.6,95.51,0.0644,101.6,1,1920,0
573,0.4297,2754.0,1296.0,2781.0,1321.0,27.0,25.0,26.0,1.447,1.34,1.393,638512.427531,3863642.747366,119.0,127.2,52.6,19.8,20.8,17.6,82.66,0.0419,99.6,1,1920,0
574,0.4297,2974.0,944.0,2997.0,968.0,23.0,24.0,23.5,1.233,1.286,1.259,638524.11023,3863661.636553,90.1,104.7,27.1,23.4,24.0,13.2,92.17,0.0869,74.0,1,1920,0
575,0.4297,3560.0,1610.0,3592.0,1641.0,32.0,31.0,31.5,1.715,1.661,1.688,638555.75534,3863625.760494,107.3,112.5,52.3,23.1,25.8,15.3,65.3,0.0308,90.7,1,1920,0
576,0.4295,2136.0,1561.0,2162.0,1597.0,26.0,36.0,31.0,1.393,1.929,1.661,638479.281891,3863628.25226,119.3,130.2,49.7,28.6,28.7,17.9,91.41,0.0546,99.7,1,1920,0
577,0.4281,3308.0,1181.0,3328.0,1200.0,20.0,19.0,19.5,1.072,1.018,1.045,638541.929026,3863649.070555,128.9,135.1,48.6,32.1,34.4,16.3,92.59,0.0283,104.2,1,1920,0
578,0.4274,2785.0,1036.0,2813.0,1060.0,28.0,24.0,26.0,1.5,1.286,1.393,638514.115627,3863656.706609,101.9,110.7,42.6,23.4,26.0,13.5,76.93,0.052,85.1,1,1920,0
579,0.4274,3583.0,1896.0,3609.0,1924.0,26.0,28.0,27.0,1.393,1.5,1.447,638556.827147,3863610.515179,128.2,123.7,51.0,27.3,29.3,21.2,68.06,-0.0227,101.0,1,1920,0
580,0.4273,2613.0,1988.0,2636.0,1999.0,23.0,11.0,17.0,1.233,0.589,0.911,638504.764109,3863606.040719,139.6,142.8,71.5,23.8,27.2,19.3,74.36,0.0149,118.0,1,1920,0
581,0.4264,3284.0,1104.0,3317.0,1132.0,33.0,28.0,30.5,1.768,1.5,1.634,638540.991194,3863652.955565,132.8,137.9,57.1,25.3,28.0,17.4,85.77,0.0236,109.3,1,1920,0
582,0.426,3444.0,1665.0,3475.0,1695.0,31.0,30.0,30.5,1.661,1.608,1.634,638549.512062,3863622.840039,139.7,142.0,64.4,27.0,25.7,23.3,79.95,0.0107,115.3,1,1920,0
583,0.4257,3071.0,984.0,3097.0,1008.0,26.0,24.0,25.0,1.393,1.286,1.34,638529.388881,3863659.493099,133.8,142.2,58.9,24.4,26.9,17.5,91.76,0.0389,111.6,1,1920,0
584,0.4243,3377.0,1694.0,3415.0,1729.0,38.0,35.0,36.5,2.036,1.876,1.956,638546.109074,3863621.152069,124.9,128.8,52.0,26.1,25.2,22.6,80.56,0.019,101.9,1,1920,0
585,0.4241,2415.0,1229.0,2441.0,1257.0,26.0,28.0,27.0,1.393,1.5,1.447,638494.233602,3863646.257272,124.4,133.6,46.4,26.7,28.5,16.7,96.43,0.0436,101.5,1,1920,0
586,0.4229,3820.0,1427.0,3855.0,1459.0,35.0,32.0,33.5,1.876,1.715,1.795,638569.76922,3863635.540003,109.7,113.1,50.5,22.0,25.6,20.3,65.96,0.0198,91.1,1,1920,0
587,0.4229,2460.0,1623.0,2485.0,1651.0,25.0,28.0,26.5,1.34,1.5,1.42,638496.618374,3863625.144251,115.1,125.4,43.5,25.2,26.3,17.2,92.15,0.0524,94.7,1,1920,0
588,0.4228,2310.0,1833.0,2343.0,1863.0,33.0,30.0,31.5,1.768,1.608,1.688,638488.79418,3863613.837532,120.4,123.7,52.2,29.3,33.1,18.8,74.67,0.0168,98.8,1,1920,0
589,0.4225,3549.0,1770.0,3580.0,1805.0,31.0,35.0,33.0,1.661,1.876,1.768,638555.13905,3863617.079506,126.9,128.3,56.9,22.9,23.1,18.8,72.81,0.0071,104.0,1,1920,0
590,0.4224,2190.0,1336.0,2216.0,1359.0,26.0,23.0,24.5,1.393,1.233,1.313,638482.175771,3863640.657499,115.6,123.2,52.6,19.4,26.7,16.7,78.21,0.0409,97.1,1,1920,0
591,0.4224,3700.0,828.0,3733.0,866.0,33.0,38.0,35.5,1.768,2.036,1.902,638563.284786,3863667.477465,105.6,119.1,43.8,27.6,29.9,16.0,88.76,0.0747,89.5,1,1920,0
592,0.4223,2953.0,2028.0,2986.0,2047.0,33.0,19.0,26.0,1.768,1.018,1.393,638523.252784,3863603.68292,126.7,132.5,53.3,32.8,32.6,20.8,85.07,0.0284,104.2,1,1920,0
593,0.4221,2478.0,1856.0,2511.0,1886.0,33.0,30.0,31.5,1.768,1.608,1.688,638497.797362,3863612.605046,127.8,138.6,58.3,26.6,28.0,19.5,91.18,0.052,108.2,1,1920,0
594,0.4209,3350.0,1822.0,3377.0,1850.0,27.0,28.0,27.5,1.447,1.5,1.474,638544.367387,3863614.480569,126.5,128.5,58.5,28.2,28.6,19.7,72.01,0.01,104.5,1,1920,0
595,0.4207,2079.0,1927.0,2110.0,1957.0,31.0,30.0,30.5,1.661,1.608,1.634,638476.361216,3863608.800416,120.6,133.0,56.2,27.6,30.2,19.8,89.11,0.0628,103.3,1,1920,0
596,0.4206,3939.0,1579.0,3966.0,1607.0,27.0,28.0,27.5,1.447,1.5,1.474,638575.932111,3863627.502051,128.3,137.9,53.6,25.4,30.6,16.3,93.96,0.0452,106.6,1,1920,0
597,0.4198,3324.0,1739.0,3361.0,1776.0,37.0,37.0,37.0,1.983,1.983,1.983,638543.24199,3863618.687097,121.8,127.0,57.6,24.5,25.9,19.9,74.6,0.0272,102.2,1,1920,0
598,0.4195,3475.0,2034.0,3502.0,2047.0,27.0,13.0,20.0,1.447,0.697,1.072,638551.066183,3863603.522161,134.7,140.9,57.7,33.9,35.8,20.9,89.41,0.0284,111.1,1,1920,0
599,0.4195,3323.0,1005.0,3349.0,1031.0,26.0,26.0,26.0,1.393,1.393,1.393,638542.893652,3863658.3142,118.0,123.5,49.3,24.4,31.7,16.0,79.67,0.0286,96.9,1,1920,0
600,0.4192,3838.0,1474.0,3879.0,1508.0,41.0,34.0,37.5,2.197,1.822,2.01,638570.894617,3863632.967858,133.3,140.2,64.2,28.0,31.1,20.4,82.88,0.0331,112.6,1,1920,0
601,0.419,3129.0,1261.0,3156.0,1287.0,27.0,26.0,26.5,1.447,1.393,1.42,638532.523917,3863644.596095,114.9,119.6,46.6,23.3,24.8,17.4,77.7,0.025,93.7,1,1920,0
602,0.4178,2206.0,1200.0,2251.0,1230.0,45.0,30.0,37.5,2.411,1.608,2.01,638483.542325,3863647.757689,104.1,110.5,44.1,27.5,32.2,16.8,72.68,0.0373,86.2,1,1920,0
603,0.4177,2166.0,1537.0,2190.0,1559.0,24.0,22.0,23.0,1.286,1.179,1.233,638480.836012,3863629.913436,121.7,136.7,50.8,25.6,27.4,17.5,100.95,0.0725,103.1,1,1920,0
604,0.4175,3170.0,965.0,3192.0,986.0,22.0,21.0,21.5,1.179,1.125,1.152,638534.587146,3863660.591619,114.2,122.8,46.3,21.4,25.1,14.5,85.15,0.0452,94.5,1,1920,0
605,0.4169,1981.0,1417.0,2018.0,1443.0,37.0,26.0,31.5,1.983,1.393,1.688,638471.270132,3863636.236625,122.1,139.4,45.9,24.6,24.9,16.0,110.89,0.0804,102.5,1,1920,0
606,0.4169,3678.0,484.0,3700.0,505.0,22.0,21.0,21.5,1.179,1.125,1.152,638561.811051,3863686.366652,96.6,111.0,53.5,16.6,21.4,15.5,71.96,0.0937,87.0,1,1920,0
607,0.4164,3032.0,1682.0,3066.0,1718.0,34.0,36.0,35.0,1.822,1.929,1.876,638527.513218,3863621.768312,113.7,114.7,50.5,24.0,25.7,18.3,65.2,0.0057,93.0,1,1920,0
608,0.4163,2759.0,2034.0,2791.0,2047.0,32.0,13.0,22.5,1.715,0.697,1.206,638512.829458,3863603.522161,148.8,146.8,81.2,30.1,39.0,18.5,63.73,-0.009,125.6,1,1920,0
609,0.4163,3681.0,1577.0,3702.0,1598.0,21.0,21.0,21.0,1.125,1.125,1.125,638561.945027,3863627.796776,114.2,120.2,44.0,21.0,24.1,12.4,82.17,0.0315,92.8,1,1920,0
610,0.416,2231.0,1510.0,2263.0,1538.0,32.0,28.0,30.0,1.715,1.5,1.608,638484.533747,3863631.199509,109.9,120.9,44.3,25.3,27.9,15.1,87.5,0.0588,91.7,1,1920,0
611,0.4157,3357.0,1026.0,3384.0,1051.0,27.0,25.0,26.0,1.447,1.34,1.393,638544.74252,3863657.21568,124.3,137.5,38.6,28.0,29.4,15.9,112.11,0.0591,100.2,1,1920,0
612,0.4151,2395.0,1305.0,2427.0,1334.0,32.0,29.0,30.5,1.715,1.554,1.634,638493.322566,3863642.157916,121.4,135.1,39.8,26.9,29.4,15.6,108.84,0.0629,98.8,1,1920,0
613,0.4151,3331.0,1989.0,3360.0,1999.0,29.0,10.0,19.5,1.554,0.536,1.045,638543.402761,3863606.013926,154.9,141.3,87.1,22.7,24.1,21.9,40.57,-0.0651,127.8,1,1920,0
614,0.4149,3022.0,1651.0,3054.0,1686.0,32.0,35.0,33.5,1.715,1.876,1.795,638526.923724,3863623.456282,109.3,114.2,50.1,28.1,28.3,20.4,69.06,0.0283,91.2,1,1920,0
615,0.4145,3496.0,1283.0,3526.0,1313.0,30.0,30.0,30.0,1.608,1.608,1.608,638552.271966,3863643.310023,127.1,130.6,58.7,23.2,27.8,16.8,75.32,0.0175,105.5,1,1920,0
616,0.4144,2695.0,1866.0,2716.0,1888.0,21.0,22.0,21.5,1.125,1.179,1.152,638509.104928,3863612.283528,117.8,126.0,53.8,23.2,27.1,16.3,80.34,0.043,99.2,1,1920,0
617,0.4137,2839.0,1567.0,2860.0,1589.0,21.0,22.0,21.5,1.125,1.179,1.152,638516.821941,3863628.305846,116.9,123.7,51.8,25.5,25.8,21.3,78.66,0.0357,97.5,1,1920,0
618,0.4136,3555.0,2036.0,3586.0,2047.0,31.0,11.0,21.0,1.661,0.589,1.125,638555.460593,3863603.468574,128.4,130.0,65.6,27.1,25.8,24.3,66.04,0.0083,108.0,1,1920,0
619,0.4134,2025.0,1960.0,2048.0,1983.0,23.0,23.0,23.0,1.233,1.233,1.233,638473.252975,3863607.219619,114.2,118.7,48.7,26.8,32.1,16.3,74.37,0.0239,93.9,1,1920,0
620,0.4132,2950.0,1861.0,2977.0,1885.0,27.0,24.0,25.5,1.447,1.286,1.367,638522.931242,3863612.497874,149.3,148.0,66.8,25.7,22.6,21.9,79.85,-0.0059,121.4,1,1920,0
621,0.4128,2031.0,1998.0,2065.0,2027.0,34.0,29.0,31.5,1.822,1.554,1.688,638473.869264,3863605.022578,117.7,128.2,55.3,40.6,44.7,24.1,83.45,0.0551,100.4,1,1920,0
622,0.4127,3568.0,1455.0,3596.0,1482.0,28.0,27.0,27.5,1.5,1.447,1.474,638556.076882,3863634.173551,105.4,104.8,42.1,17.8,21.1,12.6,62.1,-0.0036,84.1,1,1920,0
623,0.4126,3946.0,794.0,3966.0,813.0,20.0,19.0,19.5,1.072,1.018,1.045,638576.119678,3863669.808471,120.2,134.0,43.5,24.8,22.8,17.6,104.43,0.0659,99.2,1,1920,0
624,0.4126,3096.0,811.0,3121.0,835.0,25.0,24.0,24.5,1.34,1.286,1.313,638530.701845,3863668.763537,109.0,121.7,39.4,18.5,20.2,12.0,94.93,0.0662,90.0,1,1920,0
625,0.4125,3596.0,1350.0,3626.0,1379.0,30.0,29.0,29.5,1.608,1.554,1.581,638557.631002,3863639.746531,130.7,134.9,63.1,23.0,25.4,19.7,75.87,0.0204,109.6,1,1920,0
626,0.4119,3576.0,1377.0,3600.0,1401.0,24.0,24.0,24.0,1.286,1.286,1.286,638556.398424,3863638.433665,171.3,166.9,157.5,27.2,27.8,33.0,4.93,-0.0245,165.3,1,1920,0
627,0.4118,3581.0,722.0,3609.0,749.0,28.0,27.0,27.5,1.5,1.447,1.474,638556.773556,3863673.452342,84.7,100.9,33.9,14.5,18.1,12.3,83.19,0.1067,73.2,1,1920,0
628,0.4108,3603.0,1975.0,3634.0,2008.0,31.0,33.0,32.0,1.661,1.768,1.715,638558.03293,3863606.147892,130.0,126.8,65.3,28.6,28.5,27.0,58.26,-0.0169,107.3,1,1920,0
629,0.4099,3231.0,1687.0,3254.0,1711.0,23.0,24.0,23.5,1.233,1.286,1.259,638537.882953,3863621.821898,117.4,122.2,47.4,28.1,28.6,20.9,79.67,0.0251,95.7,1,1920,0
630,0.4098,3077.0,1191.0,3095.0,1209.0,18.0,18.0,18.0,0.965,0.965,0.965,638529.496062,3863648.561485,132.7,138.1,51.1,26.1,27.7,15.2,92.27,0.0244,107.3,1,1920,0
631,0.4092,3646.0,1485.0,3672.0,1512.0,26.0,27.0,26.5,1.393,1.447,1.42,638560.20334,3863632.56596,119.2,126.4,54.8,19.4,21.1,14.6,78.82,0.0376,100.1,1,1920,0
632,0.4091,3521.0,1651.0,3548.0,1677.0,27.0,26.0,26.5,1.447,1.393,1.42,638553.53134,3863623.69742,123.9,120.0,56.4,20.5,19.3,16.9,59.54,-0.0213,100.1,1,1920,0
633,0.4091,3265.0,715.0,3285.0,736.0,20.0,21.0,20.5,1.072,1.125,1.099,638539.62464,3863673.988206,104.1,119.0,39.3,14.0,19.0,14.2,94.57,0.0808,87.5,1,1920,0
634,0.4086,2524.0,1574.0,2545.0,1595.0,21.0,21.0,21.0,1.125,1.125,1.125,638499.940976,3863627.957535,102.5,113.6,38.1,22.4,23.9,15.5,86.61,0.0624,84.7,1,1920,0
635,0.4083,3384.0,1951.0,3413.0,1979.0,29.0,28.0,28.5,1.554,1.5,1.527,638546.24305,3863607.56793,121.2,125.8,53.7,26.8,25.9,20.7,76.7,0.0236,100.2,1,1920,0
636,0.4057,3754.0,747.0,3798.0,780.0,44.0,33.0,38.5,2.358,1.768,2.063,638566.473412,3863671.951925,114.5,125.6,42.6,26.2,26.9,16.4,94.17,0.0565,94.2,1,1920,0
637,0.4057,3613.0,1395.0,3640.0,1421.0,27.0,26.0,26.5,1.447,1.393,1.42,638558.461653,3863637.415525,94.9,104.0,39.2,17.8,20.6,14.8,73.88,0.0569,79.4,1,1920,0
638,0.4056,2058.0,1242.0,2086.0,1266.0,28.0,24.0,26.0,1.5,1.286,1.393,638475.155433,3863645.667822,128.3,130.4,59.5,22.4,24.9,19.2,72.96,0.0106,106.1,1,1920,0
639,0.4037,2781.0,1920.0,2806.0,1941.0,25.0,21.0,23.0,1.34,1.125,1.233,638513.82088,3863609.416659,119.1,131.4,52.4,35.4,38.0,18.6,91.32,0.0622,100.9,1,1920,0
640,0.4032,2199.0,1526.0,2223.0,1553.0,24.0,27.0,25.5,1.286,1.447,1.367,638482.604494,3863630.36892,117.2,133.3,48.9,26.2,24.8,18.3,100.59,0.0801,99.8,1,1920,0
641,0.4024,3571.0,1020.0,3597.0,1046.0,26.0,26.0,26.0,1.393,1.393,1.393,638556.184062,3863657.510404,129.4,140.5,48.7,29.4,29.8,17.0,102.95,0.0504,106.2,1,1920,0
642,0.4019,2413.0,1894.0,2446.0,1926.0,33.0,32.0,32.5,1.768,1.715,1.742,638494.313988,3863610.515179,106.0,118.0,51.2,24.2,26.4,17.3,78.94,0.0697,91.7,1,1920,0
643,0.4011,2587.0,1957.0,2618.0,1987.0,31.0,30.0,30.5,1.661,1.608,1.634,638503.585121,3863607.192825,102.5,111.6,55.6,21.1,23.7,18.0,65.07,0.0573,89.9,1,1920,0
644,0.401,3764.0,1731.0,3786.0,1752.0,22.0,21.0,21.5,1.179,1.125,1.152,638566.419822,3863619.544478,140.8,131.5,130.3,32.9,36.0,36.5,-8.01,-0.0652,134.2,1,1920,0
645,0.4008,3621.0,1795.0,3648.0,1823.0,27.0,28.0,27.5,1.447,1.5,1.474,638558.890376,3863615.9274,151.1,145.8,74.1,23.8,23.1,24.1,66.45,-0.0236,123.6,1,1920,0
646,0.8165,4306.0,1366.0,4364.0,1423.0,58.0,57.0,57.5,3.108,3.055,3.081,638596.430425,3863638.13894,134.2,139.9,65.4,23.4,24.2,18.2,80.32,0.0276,113.2,2,3840,0
647,0.8032,4377.0,409.0,4420.0,447.0,43.0,38.0,40.5,2.304,2.036,2.17,638599.833414,3863689.930144,135.5,143.4,55.3,29.0,33.0,17.8,96.05,0.0355,111.4,2,3840,0
648,0.7636,4252.0,1385.0,4291.0,1420.0,39.0,35.0,37.0,2.09,1.876,1.983,638593.027437,3863637.71025,126.1,130.3,54.0,21.2,27.8,15.7,80.38,0.0206,103.5,2,3840,0
649,0.7488,4391.0,349.0,4434.0,389.0,43.0,40.0,41.5,2.304,2.144,2.224,638600.583679,3863693.091738,121.8,129.9,51.5,26.3,27.8,20.7,86.45,0.0403,101.1,2,3840,0
650,0.7461,4131.0,1198.0,4171.0,1233.0,40.0,35.0,37.5,2.144,1.876,2.01,638586.569799,3863647.730896,135.2,141.8,53.4,34.4,38.0,19.6,94.91,0.0292,110.1,2,3840,0
651,0.7433,4674.0,861.0,4712.0,898.0,38.0,37.0,37.5,2.036,1.983,2.01,638615.615776,3863665.735909,130.6,139.7,52.6,30.6,28.5,20.6,96.11,0.0418,107.6,2,3840,0
652,0.7399,4390.0,297.0,4422.0,330.0,32.0,33.0,32.5,1.715,1.768,1.742,638600.235341,3863696.06578,152.5,147.3,132.1,26.1,27.4,28.6,9.98,-0.031,144.0,2,3840,0
653,0.7306,4486.0,265.0,4539.0,312.0,53.0,47.0,50.0,2.84,2.519,2.679,638605.942715,3863697.405439,94.2,109.5,32.0,18.3,22.3,12.0,92.81,0.0892,78.6,2,3840,0
654,0.7264,4902.0,913.0,4944.0,954.0,42.0,41.0,41.5,2.251,2.197,2.224,638627.941559,3863662.842246,111.7,119.2,44.5,23.6,28.2,14.4,82.2,0.0404,91.8,2,3840,0
655,0.724,4261.0,253.0,4306.0,300.0,45.0,47.0,46.0,2.411,2.519,2.465,638593.670522,3863698.048475,153.9,147.4,128.5,21.0,23.3,25.2,12.46,-0.0374,143.3,2,3840,0
656,0.724,4786.0,1153.0,4828.0,1192.0,42.0,39.0,40.5,2.251,2.09,2.17,638621.725077,3863650.035109,129.1,133.1,58.2,23.3,24.8,15.9,78.79,0.0193,106.8,2,3840,0
657,0.7233,4593.0,1936.0,4623.0,1968.0,30.0,32.0,31.0,1.608,1.715,1.661,638611.060595,3863608.264552,138.4,103.5,92.4,29.7,29.0,27.2,-23.71,-0.2329,111.4,2,3840,0
658,0.7117,5157.0,1641.0,5201.0,1682.0,44.0,41.0,42.5,2.358,2.197,2.278,638641.660692,3863623.831386,114.3,120.9,47.3,21.2,21.0,18.5,80.19,0.0352,94.1,2,3840,0
659,0.7077,4386.0,1368.0,4423.0,1404.0,37.0,36.0,36.5,1.983,1.929,1.956,638600.154956,3863638.594424,136.4,141.8,63.3,24.1,24.9,17.9,83.88,0.025,113.8,2,3840,0
660,0.6992,4994.0,1712.0,5033.0,1753.0,39.0,41.0,40.0,2.09,2.197,2.144,638632.791487,3863620.026755,123.5,133.5,43.4,30.4,32.3,16.4,100.01,0.0466,100.1,2,3840,0
661,0.6892,4884.0,1795.0,4930.0,1839.0,46.0,44.0,45.0,2.465,2.358,2.411,638627.084113,3863615.498709,123.0,124.0,57.8,22.0,29.1,16.9,67.2,0.0053,101.6,2,3840,0
662,0.6878,4080.0,871.0,4112.0,904.0,32.0,33.0,32.5,1.715,1.768,1.742,638583.622329,3863665.307218,129.9,134.5,59.2,26.0,29.8,17.6,79.93,0.0224,107.9,2,3840,0
663,0.6852,5001.0,1993.0,5043.0,2034.0,42.0,41.0,41.5,2.251,2.197,2.224,638633.247005,3863604.968992,129.4,135.2,51.7,26.7,30.7,20.9,89.34,0.0273,105.5,2,3840,0
664,0.6805,4611.0,719.0,4658.0,760.0,47.0,41.0,44.0,2.519,2.197,2.358,638612.480739,3863673.237997,112.8,123.1,54.2,17.2,18.8,15.6,79.16,0.0566,96.7,2,3840,0
665,0.6798,4730.0,1334.0,4771.0,1373.0,41.0,39.0,40.0,2.197,2.09,2.144,638618.697221,3863640.335981,123.0,124.9,55.1,30.9,38.6,17.7,71.71,0.0099,101.0,2,3840,0
666,0.6751,4191.0,1021.0,4233.0,1062.0,42.0,41.0,41.5,2.251,2.197,2.224,638589.838811,3863657.054921,117.3,127.4,48.8,25.8,26.1,19.2,88.85,0.0519,97.8,2,3840,0
667,0.6717,4258.0,676.0,4283.0,701.0,25.0,25.0,25.0,1.34,1.34,1.34,638592.973847,3863675.970901,136.8,147.7,44.6,25.1,23.4,17.1,114.03,0.0457,109.7,2,3840,0
668,0.671,4169.0,371.0,4211.0,403.0,42.0,32.0,37.0,2.251,1.715,1.983,638588.659823,3863692.127184,123.2,133.6,48.1,24.7,26.6,18.6,95.9,0.0499,101.7,2,3840,0
669,0.6665,4161.0,1486.0,4201.0,1521.0,40.0,35.0,37.5,2.144,1.876,2.01,638588.177509,3863632.298029,133.8,134.5,60.8,27.4,32.9,18.7,74.39,0.0033,109.7,2,3840,0
670,0.6657,5066.0,1976.0,5108.0,2012.0,42.0,36.0,39.0,2.251,1.929,2.09,638636.730379,3863606.013926,127.9,131.7,54.6,28.2,30.9,21.3,80.88,0.0185,104.7,2,3840,0
671,0.6618,3905.0,378.0,3944.0,421.0,39.0,43.0,41.0,2.09,2.304,2.197,638574.431581,3863691.457355,132.0,119.0,97.8,25.2,28.3,28.0,8.21,-0.085,116.3,2,3840,0
672,0.657,5179.0,1696.0,5213.0,1729.0,34.0,33.0,33.5,1.822,1.768,1.795,638642.571728,3863621.098482,137.3,130.1,53.9,25.9,28.2,15.6,69.0,-0.0337,107.1,2,3840,0
673,0.6555,4978.0,1899.0,5020.0,1937.0,42.0,38.0,40.0,2.251,2.036,2.144,638632.014427,3863610.086488,121.8,129.6,54.8,20.7,25.8,15.9,82.58,0.0399,102.1,2,3840,0
674,0.6547,4751.0,1253.0,4802.0,1293.0,51.0,40.0,45.5,2.733,2.144,2.438,638620.090571,3863644.649681,125.7,127.5,67.1,25.2,30.4,18.8,62.15,0.0095,106.8,2,3840,0
675,0.654,4221.0,1296.0,4262.0,1331.0,41.0,35.0,38.0,2.197,1.876,2.036,638591.419726,3863642.479434,107.5,121.0,42.3,25.1,27.3,15.5,92.12,0.0724,90.3,2,3840,0
676,0.6524,4566.0,307.0,4596.0,335.0,30.0,28.0,29.0,1.608,1.5,1.554,638609.613655,3863695.663883,108.4,119.3,34.1,19.7,24.1,13.7,96.02,0.056,87.3,2,3840,0
677,0.6501,5047.0,1895.0,5076.0,1923.0,29.0,28.0,28.5,1.554,1.5,1.527,638635.363824,3863610.568765,137.0,145.8,65.5,18.8,22.0,12.2,89.17,0.0405,116.1,2,3840,0
678,0.6482,4287.0,1473.0,4328.0,1513.0,41.0,40.0,40.5,2.197,2.144,2.17,638594.95669,3863632.860685,114.1,114.8,63.6,20.4,24.5,16.3,51.91,0.0042,97.5,2,3840,0
679,0.6477,4164.0,785.0,4208.0,825.0,44.0,40.0,42.0,2.358,2.144,2.251,638588.445461,3863669.728091,104.3,115.9,46.8,18.4,22.1,12.2,80.54,0.0665,89.0,2,3840,0
680,0.6477,4922.0,1315.0,4971.0,1362.0,49.0,47.0,48.0,2.626,2.519,2.572,638629.200933,3863641.139776,117.7,123.6,49.2,29.2,34.2,16.4,80.28,0.0305,96.8,2,3840,0
681,0.6472,4836.0,1435.0,4880.0,1478.0,44.0,43.0,43.5,2.358,2.304,2.331,638624.458185,3863634.816587,102.5,115.4,46.7,26.0,28.3,15.5,81.7,0.0756,88.2,2,3840,0
682,0.646,5108.0,1681.0,5145.0,1713.0,37.0,32.0,34.5,1.983,1.715,1.849,638638.847198,3863621.929071,100.6,111.8,39.4,19.4,20.5,9.8,83.55,0.0646,84.0,2,3840,0
683,0.6453,4748.0,1212.0,4785.0,1245.0,37.0,33.0,35.0,1.983,1.768,1.876,638619.554667,3863647.034274,101.4,110.0,46.9,27.4,30.3,16.2,71.78,0.0524,86.1,2,3840,0
684,0.6436,4797.0,1351.0,4832.0,1383.0,35.0,32.0,33.5,1.876,1.715,1.795,638622.127005,3863639.612565,108.9,111.6,49.5,22.5,27.5,16.8,64.77,0.0157,90.0,2,3840,0
685,0.6417,4138.0,665.0,4164.0,689.0,26.0,24.0,25.0,1.393,1.286,1.34,638586.569799,3863676.587144,136.4,145.1,46.2,25.1,28.2,12.8,107.51,0.0369,109.2,2,3840,0
686,0.641,4444.0,1508.0,4488.0,1553.0,44.0,45.0,44.5,2.358,2.411,2.385,638603.450763,3863630.851197,130.1,139.1,58.1,28.6,30.2,20.0,90.05,0.0425,109.1,2,3840,0
687,0.6402,4627.0,900.0,4670.0,941.0,43.0,41.0,42.0,2.304,2.197,2.251,638613.231004,3863663.538868,122.4,135.6,51.4,25.7,26.1,19.3,97.47,0.0641,103.1,2,3840,0
688,0.6393,4603.0,1400.0,4642.0,1436.0,39.0,36.0,37.5,2.09,1.929,2.01,638611.837655,3863636.879661,129.2,136.6,55.1,26.4,31.6,16.9,88.8,0.0349,107.0,2,3840,0
689,0.6374,4643.0,287.0,4681.0,327.0,38.0,40.0,39.0,2.036,2.144,2.09,638613.954474,3863696.414092,142.1,144.5,54.4,25.6,30.2,23.8,92.59,0.0104,113.7,2,3840,0
690,0.6363,4662.0,1529.0,4689.0,1556.0,27.0,27.0,27.0,1.447,1.447,1.447,638614.677944,3863630.208161,121.4,122.6,57.0,22.5,28.7,14.5,66.73,0.0062,100.4,2,3840,0
691,0.636,4337.0,1430.0,4371.0,1463.0,34.0,33.0,33.5,1.822,1.768,1.795,638597.448642,3863635.35245,129.8,132.3,61.4,26.3,29.3,22.4,73.38,0.0124,107.8,2,3840,0
692,0.6347,4391.0,1561.0,4438.0,1598.0,47.0,37.0,42.0,2.519,1.983,2.251,638600.690859,3863628.225466,135.6,145.5,56.3,30.1,30.5,20.5,99.09,0.0439,112.4,2,3840,0
693,0.6326,4420.0,1636.0,4459.0,1673.0,39.0,37.0,38.0,2.09,1.983,2.036,638602.030618,3863624.20649,110.4,114.9,46.7,20.2,21.9,18.4,72.77,0.0253,90.7,2,3840,0
694,0.6314,4553.0,1580.0,4593.0,1617.0,40.0,37.0,38.5,2.144,1.983,2.063,638609.184932,3863627.207326,112.5,121.5,41.4,25.6,25.3,14.0,89.18,0.0471,91.8,2,3840,0
695,0.6306,4554.0,735.0,4595.0,772.0,41.0,37.0,39.0,2.197,1.983,2.09,638609.265317,3863672.487788,118.4,131.5,48.7,26.9,27.3,16.2,95.91,0.0651,99.6,2,3840,0
696,0.6295,4027.0,2008.0,4065.0,2043.0,38.0,35.0,36.5,2.036,1.876,1.956,638580.94281,3863604.325956,129.3,131.7,56.1,28.8,30.7,19.4,77.89,0.0115,105.7,2,3840,0
697,0.6284,4584.0,1350.0,4629.0,1389.0,45.0,39.0,42.0,2.411,2.09,2.251,638610.980209,3863639.478599,122.4,130.4,54.1,26.3,29.7,17.7,84.27,0.0403,102.3,2,3840,0
698,0.628,4347.0,717.0,4374.0,745.0,27.0,28.0,27.5,1.447,1.5,1.474,638597.79698,3863673.693481,105.0,117.0,42.8,23.3,27.4,13.8,86.13,0.0667,88.2,2,3840,0
699,0.6273,4102.0,915.0,4128.0,942.0,26.0,27.0,26.5,1.393,1.447,1.42,638584.640545,3863663.110178,134.1,138.1,64.6,21.1,26.7,15.6,77.56,0.0194,112.3,2,3840,0
700,0.6264,4368.0,1122.0,4401.0,1157.0,33.0,35.0,34.0,1.768,1.876,1.822,638599.083148,3863651.803459,146.1,151.8,56.1,24.9,25.4,15.1,101.32,0.0235,118.0,2,3840,0
701,0.6263,4478.0,410.0,4504.0,437.0,26.0,27.0,26.5,1.393,1.447,1.42,638604.790522,3863690.171282,102.7,117.8,31.0,21.8,21.3,13.0,101.89,0.0795,83.8,2,3840,0
702,0.6207,4462.0,1225.0,4488.0,1250.0,26.0,25.0,25.5,1.393,1.34,1.367,638603.933076,3863646.551997,113.0,122.1,50.4,22.9,23.9,15.6,80.86,0.0496,95.2,2,3840,0
703,0.6205,4013.0,870.0,4053.0,906.0,40.0,36.0,38.0,2.144,1.929,2.036,638580.246136,3863665.280425,113.6,124.6,44.0,24.8,28.8,15.7,91.5,0.0566,94.1,2,3840,0
704,0.6205,4882.0,1382.0,4924.0,1421.0,42.0,39.0,40.5,2.251,2.09,2.17,638626.869752,3863637.763836,101.3,116.0,44.0,24.9,29.1,13.5,86.64,0.0844,87.1,2,3840,0
705,0.6186,4040.0,440.0,4069.0,468.0,29.0,28.0,28.5,1.554,1.5,1.527,638581.398328,3863688.536899,127.7,131.2,52.2,19.4,23.4,11.9,82.5,0.0168,103.7,2,3840,0
706,0.6172,4062.0,1179.0,4098.0,1214.0,36.0,35.0,35.5,1.929,1.876,1.902,638582.764883,3863648.749037,120.0,131.9,52.6,21.0,25.1,14.2,91.15,0.0595,101.5,2,3840,0
707,0.6168,4030.0,913.0,4069.0,950.0,39.0,37.0,38.0,2.09,1.983,2.036,638581.130377,3863662.949419,123.5,130.3,51.9,24.0,25.8,16.5,85.27,0.0339,101.9,2,3840,0
708,0.6096,4645.0,765.0,4673.0,795.0,28.0,30.0,29.0,1.5,1.608,1.554,638613.793703,3863671.06775,116.6,125.8,57.2,30.2,31.9,21.1,77.81,0.0495,99.8,2,3840,0
709,0.6089,4516.0,1938.0,4558.0,1974.0,42.0,36.0,39.0,2.251,1.929,2.09,638607.255679,3863608.050207,108.1,112.3,48.5,21.8,24.8,17.7,68.13,0.0248,89.6,2,3840,0
710,0.6084,4063.0,365.0,4096.0,395.0,33.0,30.0,31.5,1.768,1.608,1.688,638582.738088,3863692.502288,117.3,120.5,43.3,21.3,24.1,17.1,80.35,0.0162,93.7,2,3840,0
711,0.6069,4643.0,1138.0,4675.0,1169.0,32.0,31.0,31.5,1.715,1.661,1.688,638613.793703,3863651.05325,125.9,131.5,61.3,25.7,29.2,18.1,75.85,0.0287,106.2,2,3840,0
712,0.6038,4648.0,1653.0,4693.0,1690.0,45.0,37.0,41.0,2.411,1.983,2.197,638614.409992,3863623.295522,121.4,132.3,54.1,23.4,26.3,16.0,89.09,0.0546,102.6,2,3840,0
713,0.6035,4317.0,1194.0,4361.0,1233.0,44.0,39.0,41.5,2.358,2.09,2.224,638596.644787,3863647.838069,133.3,143.5,61.5,27.6,27.1,26.1,92.16,0.0473,112.8,2,3840,0
714,0.602,4306.0,1527.0,4340.0,1562.0,34.0,35.0,34.5,1.822,1.876,1.849,638595.787341,3863630.100988,116.8,123.5,55.8,28.8,32.4,19.1,74.39,0.0363,98.7,2,3840,0
715,0.6011,4585.0,251.0,4612.0,279.0,27.0,28.0,27.5,1.447,1.5,1.474,638610.551486,3863698.664718,135.0,140.5,51.8,22.4,23.6,14.5,94.27,0.0246,109.1,2,3840,0
716,0.6006,4323.0,1746.0,4375.0,1792.0,52.0,46.0,49.0,2.787,2.465,2.626,638597.180691,3863618.070854,108.7,116.6,46.3,24.5,24.9,16.3,78.21,0.0441,90.6,2,3840,0
717,0.6005,4653.0,1308.0,4686.0,1341.0,33.0,33.0,33.0,1.768,1.768,1.768,638614.356402,3863641.889985,133.0,142.3,51.0,28.7,28.7,17.8,100.6,0.0413,108.7,2,3840,0
718,0.6004,4414.0,1265.0,4456.0,1307.0,42.0,42.0,42.0,2.251,2.251,2.251,638601.789462,3863643.953059,110.0,115.7,48.4,21.5,22.0,16.2,72.98,0.0321,91.4,2,3840,0
719,0.599,4554.0,1427.0,4591.0,1463.0,37.0,36.0,36.5,1.983,1.929,1.956,638609.158137,3863635.43283,126.3,132.8,53.1,27.1,27.9,19.8,86.35,0.0319,104.1,2,3840,0
720,0.5987,4850.0,1138.0,4886.0,1172.0,36.0,34.0,35.0,1.929,1.822,1.876,638624.994089,3863650.97287,140.9,143.7,61.4,26.6,26.2,17.2,85.08,0.0127,115.3,2,3840,0
721,0.598,4297.0,1879.0,4339.0,1917.0,42.0,38.0,40.0,2.251,2.036,2.144,638595.519389,3863611.158215,117.6,119.3,45.9,22.2,22.4,21.5,75.04,0.0088,94.3,2,3840,0
722,0.5976,4686.0,1417.0,4730.0,1458.0,44.0,41.0,42.5,2.358,2.197,2.278,638616.419631,3863635.834727,117.3,127.9,56.3,27.4,31.7,18.1,82.1,0.0557,100.5,2,3840,0
723,0.5975,4502.0,1382.0,4524.0,1408.0,22.0,26.0,24.0,1.179,1.393,1.286,638605.96951,3863638.112147,174.4,168.5,157.8,36.1,38.6,43.5,4.71,-0.0319,166.9,2,3840,0
724,0.5969,5226.0,1820.0,5252.0,1847.0,26.0,27.0,26.5,1.393,1.447,1.42,638644.876114,3863614.614534,112.3,117.7,41.3,22.3,23.1,15.9,81.93,0.0288,90.4,2,3840,0
725,0.5947,5036.0,1851.0,5068.0,1879.0,32.0,28.0,30.0,1.715,1.5,1.608,638634.854716,3863612.926565,125.3,128.4,52.1,19.7,25.0,13.1,79.46,0.0155,101.9,2,3840,0
726,0.5943,3859.0,1734.0,3892.0,1766.0,33.0,32.0,32.5,1.768,1.715,1.742,638571.805653,3863619.088994,139.2,140.7,66.6,23.6,26.0,15.9,75.51,0.0068,115.5,2,3840,0
727,0.591,4384.0,970.0,4417.0,1000.0,33.0,30.0,31.5,1.768,1.608,1.688,638599.940594,3863660.082549,127.8,134.4,49.2,26.7,28.8,18.5,91.84,0.031,103.8,2,3840,0
728,0.5901,4573.0,1106.0,4603.0,1133.0,30.0,27.0,28.5,1.608,1.447,1.527,638609.988787,3863652.875186,114.2,129.3,42.9,21.9,23.2,14.2,101.55,0.0756,95.5,2,3840,0
729,0.5901,4502.0,1612.0,4527.0,1637.0,25.0,25.0,25.0,1.34,1.34,1.34,638606.049896,3863625.814081,111.8,120.8,48.5,19.2,23.5,12.6,81.41,0.0491,93.7,2,3840,0
730,0.59,4364.0,1869.0,4408.0,1908.0,44.0,39.0,41.5,2.358,2.09,2.224,638599.163534,3863611.667285,136.7,134.5,71.7,26.5,30.5,18.7,60.64,-0.0111,114.3,2,3840,0
731,0.5897,5043.0,1690.0,5079.0,1723.0,36.0,33.0,34.5,1.929,1.768,1.849,638635.337029,3863621.42,122.1,125.8,49.3,30.3,26.4,18.7,80.24,0.0186,99.1,2,3840,0
732,0.5894,4807.0,859.0,4847.0,900.0,40.0,41.0,40.5,2.144,2.197,2.17,638622.796884,3863665.735909,104.2,113.3,47.7,19.3,22.9,15.7,74.78,0.054,88.4,2,3840,0
733,0.5877,5021.0,1807.0,5056.0,1841.0,35.0,34.0,34.5,1.876,1.822,1.849,638634.131246,3863615.123605,121.1,131.1,42.6,29.3,30.0,19.4,98.52,0.0478,98.3,2,3840,0
734,0.5875,4344.0,1614.0,4383.0,1647.0,39.0,33.0,36.0,2.09,1.768,1.929,638597.957751,3863625.492563,120.8,129.7,56.7,27.7,31.5,16.8,81.99,0.046,102.4,2,3840,0
735,0.587,4675.0,1558.0,4710.0,1597.0,35.0,39.0,37.0,1.876,2.09,1.983,638615.58898,3863628.332639,123.8,127.2,56.2,31.4,35.4,19.3,74.53,0.0179,102.4,2,3840,0
736,0.5866,4841.0,1293.0,4887.0,1336.0,46.0,43.0,44.5,2.465,2.304,2.385,638624.779728,3863642.425848,128.7,136.5,57.1,28.6,31.6,19.9,87.07,0.0372,107.4,2,3840,0
737,0.5865,4090.0,472.0,4117.0,499.0,27.0,27.0,27.0,1.447,1.447,1.447,638584.024256,3863686.848929,133.9,138.6,55.7,23.0,25.7,12.4,87.67,0.0218,109.4,2,3840,0
738,0.5863,4625.0,1571.0,4662.0,1607.0,37.0,36.0,36.5,1.983,1.929,1.956,638612.963053,3863627.716396,97.4,109.5,38.0,20.9,23.6,11.6,83.48,0.0713,81.6,2,3840,0
739,0.5863,4307.0,1142.0,4349.0,1176.0,42.0,34.0,38.0,2.251,1.822,2.036,638596.055293,3863650.758525,138.9,146.2,67.0,27.5,29.7,21.6,86.47,0.0332,117.4,2,3840,0
740,0.5862,3970.0,1670.0,4006.0,1702.0,36.0,32.0,34.0,1.929,1.715,1.822,638577.834569,3863622.51852,107.9,118.3,46.4,28.6,28.4,22.2,82.18,0.0575,90.9,2,3840,0
741,0.5852,4149.0,1956.0,4174.0,1982.0,25.0,26.0,25.5,1.34,1.393,1.367,638587.132497,3863607.353585,161.1,157.6,74.1,22.3,23.0,13.9,79.96,-0.0144,130.9,2,3840,0
742,0.5835,4105.0,958.0,4143.0,996.0,38.0,38.0,38.0,2.036,2.036,2.036,638585.122859,3863660.51124,115.3,121.7,47.7,26.4,28.8,16.8,80.32,0.0334,94.9,2,3840,0
743,0.5817,4018.0,1808.0,4054.0,1842.0,36.0,34.0,35.0,1.929,1.822,1.876,638580.406907,3863615.070018,107.9,113.1,49.7,22.1,24.4,15.1,68.54,0.0302,90.3,2,3840,0
744,0.5817,4945.0,2009.0,4980.0,2043.0,35.0,34.0,34.5,1.876,1.822,1.849,638630.058378,3863604.299163,108.0,120.5,43.8,23.5,23.8,18.8,89.17,0.0675,90.8,2,3840,0
745,0.58,5082.0,1791.0,5110.0,1819.0,28.0,28.0,28.0,1.5,1.5,1.5,638637.212692,3863616.141745,125.7,131.7,59.0,18.6,21.3,15.1,78.59,0.0299,105.5,2,3840,0
746,0.5791,3983.0,1718.0,4021.0,1753.0,38.0,35.0,36.5,2.036,1.876,1.956,638578.584834,3863619.865996,137.9,143.5,61.9,29.5,29.0,26.3,87.16,0.0255,114.4,2,3840,0
747,0.5789,4658.0,983.0,4698.0,1022.0,40.0,39.0,39.5,2.144,2.09,2.117,638614.81192,3863659.144788,139.6,151.4,55.9,32.0,31.7,21.3,107.41,0.0503,115.6,2,3840,0
748,0.5784,4883.0,1229.0,4927.0,1273.0,44.0,44.0,44.0,2.358,2.358,2.358,638626.976933,3863645.828581,114.3,124.1,54.6,21.0,26.0,18.0,79.19,0.053,97.7,2,3840,0
749,0.578,4515.0,1343.0,4556.0,1376.0,41.0,33.0,37.0,2.197,1.768,1.983,638607.175293,3863640.014462,128.6,134.0,58.7,28.5,30.0,18.8,80.73,0.0265,107.1,2,3840,0
750,0.5761,4190.0,1569.0,4242.0,1614.0,52.0,45.0,48.5,2.787,2.411,2.599,638590.053172,3863627.58243,113.7,120.5,52.3,25.4,29.7,17.0,74.98,0.0373,95.5,2,3840,0
751,0.575,4532.0,692.0,4573.0,728.0,41.0,36.0,38.5,2.197,1.929,2.063,638608.086329,3863674.818794,108.0,121.8,44.9,24.4,23.1,17.7,90.76,0.075,91.6,2,3840,0
752,0.5743,4354.0,1289.0,4389.0,1325.0,35.0,36.0,35.5,1.876,1.929,1.902,638598.386474,3863642.827746,123.2,136.2,56.8,26.4,24.1,21.4,92.42,0.0641,105.4,2,3840,0
753,0.5729,4672.0,1983.0,4712.0,2024.0,40.0,41.0,40.5,2.144,2.197,2.17,638615.562185,3863605.504856,113.0,119.7,44.9,25.3,27.9,16.3,81.54,0.0358,92.5,2,3840,0
754,0.5728,4200.0,437.0,4234.0,469.0,34.0,32.0,33.0,1.822,1.715,1.768,638590.106763,3863688.590485,119.7,125.2,44.7,22.0,24.5,17.4,86.07,0.0278,96.5,2,3840,0
755,0.5723,4474.0,1564.0,4512.0,1598.0,38.0,34.0,36.0,2.036,1.822,1.929,638604.897703,3863628.145087,90.5,104.3,35.9,20.9,23.9,12.7,82.35,0.0873,76.9,2,3840,0
756,0.5722,4692.0,1067.0,4737.0,1108.0,45.0,41.0,43.0,2.411,2.197,2.304,638616.767968,3863654.589949,103.7,109.5,51.0,22.3,27.3,16.0,64.3,0.0355,88.1,2,3840,0
757,0.5708,4383.0,1712.0,4424.0,1751.0,41.0,39.0,40.0,2.197,2.09,2.144,638600.101365,3863620.080342,119.1,123.3,54.2,25.0,28.1,17.0,73.24,0.022,98.9,2,3840,0
758,0.5698,4182.0,831.0,4220.0,864.0,38.0,33.0,35.5,2.036,1.768,1.902,638589.249317,3863667.450672,130.5,137.3,55.3,24.7,27.8,18.5,88.77,0.0318,107.7,2,3840,0
759,0.5673,4261.0,1553.0,4294.0,1586.0,33.0,33.0,33.0,1.768,1.768,1.768,638593.34898,3863628.76133,126.9,135.7,51.5,24.7,26.4,17.2,93.08,0.0419,104.7,2,3840,0
760,0.5672,4973.0,910.0,5008.0,948.0,35.0,38.0,36.5,1.876,2.036,1.956,638631.558909,3863663.083384,112.6,118.9,50.1,28.3,27.7,28.2,75.07,0.0348,93.9,2,3840,0
761,0.5662,3865.0,1776.0,3902.0,1812.0,37.0,36.0,36.5,1.983,1.929,1.956,638572.234376,3863616.731195,131.3,133.6,59.2,27.7,30.9,19.5,76.66,0.0111,108.0,2,3840,0
762,0.5643,3843.0,547.0,3875.0,577.0,32.0,30.0,31.0,1.715,1.608,1.661,638570.921412,3863682.749573,130.8,136.3,52.7,22.0,26.8,16.1,89.19,0.0259,106.6,2,3840,0
763,0.5633,4209.0,1430.0,4253.0,1469.0,44.0,39.0,41.5,2.358,2.09,2.224,638590.857028,3863635.191691,109.8,119.6,46.4,25.5,29.2,16.5,82.98,0.0535,91.9,2,3840,0
764,0.5632,4592.0,1457.0,4616.0,1482.0,24.0,25.0,24.5,1.286,1.34,1.313,638610.846233,3863634.119964,161.0,156.1,145.1,41.5,42.0,44.7,6.2,-0.0281,154.1,2,3840,0
765,0.5618,4446.0,966.0,4476.0,998.0,30.0,32.0,31.0,1.608,1.715,1.661,638603.182811,3863660.243308,103.2,112.3,44.9,27.4,29.7,18.9,76.38,0.053,86.8,2,3840,0
766,0.5613,5127.0,1727.0,5156.0,1755.0,29.0,28.0,28.5,1.554,1.5,1.527,638639.651054,3863619.571271,116.5,127.9,40.1,20.1,20.0,12.2,99.16,0.0558,94.9,2,3840,0
767,0.5611,4317.0,1996.0,4350.0,2029.0,33.0,33.0,33.0,1.768,1.768,1.768,638596.35004,3863605.022578,124.3,124.4,58.0,22.2,18.1,19.9,66.54,0.0006,102.3,2,3840,0
768,0.5603,4144.0,1444.0,4174.0,1473.0,30.0,29.0,29.5,1.608,1.554,1.581,638586.998521,3863634.709414,112.5,116.3,61.3,20.1,23.6,14.2,58.68,0.0224,96.7,2,3840,0
769,0.5593,4769.0,1889.0,4810.0,1922.0,41.0,33.0,37.0,2.197,1.768,1.983,638620.787246,3863610.756318,123.3,127.6,52.7,25.7,31.6,16.1,79.09,0.0213,101.2,2,3840,0
770,0.5589,4620.0,857.0,4650.0,888.0,30.0,31.0,30.5,1.608,1.661,1.634,638612.507534,3863666.111013,110.8,127.2,52.9,28.2,28.0,23.0,90.86,0.0889,97.0,2,3840,0
771,0.5535,4895.0,1080.0,4938.0,1118.0,43.0,38.0,40.5,2.304,2.036,2.17,638627.593222,3863653.973706,105.8,119.1,42.9,22.0,24.9,13.5,89.53,0.0733,89.3,2,3840,0
772,0.5534,5370.0,1999.0,5404.0,2029.0,34.0,30.0,32.0,1.822,1.608,1.715,638652.807488,3863604.942199,116.4,121.8,50.8,22.4,23.8,18.4,76.28,0.0284,96.3,2,3840,0
773,0.5512,4600.0,1977.0,4636.0,2013.0,36.0,36.0,36.0,1.929,1.929,1.929,638611.596498,3863605.96034,131.0,126.7,58.7,24.1,28.0,21.3,63.59,-0.0221,105.5,2,3840,0
774,0.551,3859.0,1549.0,3898.0,1586.0,39.0,37.0,38.0,2.09,1.983,2.036,638571.966425,3863628.868502,139.0,133.5,65.6,28.3,31.8,24.5,62.45,-0.0265,112.7,2,3840,0
775,0.5502,4448.0,1678.0,4482.0,1711.0,34.0,33.0,33.5,1.822,1.768,1.795,638603.397173,3863622.063037,170.4,126.5,79.4,33.9,31.2,20.2,3.19,-0.2019,125.4,2,3840,0
776,0.5502,4974.0,1860.0,5002.0,1886.0,28.0,26.0,27.0,1.5,1.393,1.447,638631.424933,3863612.497874,111.2,119.1,45.5,25.4,26.8,16.8,81.48,0.0427,92.0,2,3840,0
777,0.5496,3885.0,530.0,3912.0,556.0,27.0,26.0,26.5,1.447,1.393,1.42,638573.038232,3863683.767714,136.0,141.2,54.5,24.1,29.1,17.8,91.82,0.0234,110.6,2,3840,0
778,0.5492,4247.0,614.0,4274.0,642.0,27.0,28.0,27.5,1.447,1.5,1.474,638592.437943,3863679.212875,143.5,150.0,51.3,29.6,33.2,17.0,105.17,0.0269,114.9,2,3840,0
779,0.5488,4239.0,413.0,4269.0,443.0,30.0,30.0,30.0,1.608,1.608,1.608,638592.089606,3863689.930144,118.7,126.5,44.8,21.8,25.7,16.6,89.42,0.0389,96.7,2,3840,0
780,0.5466,3982.0,1386.0,4008.0,1413.0,26.0,27.0,26.5,1.393,1.447,1.42,638578.209702,3863637.871009,135.7,141.4,53.3,23.5,22.9,18.0,93.78,0.0255,110.1,2,3840,0
781,0.5463,3844.0,1651.0,3867.0,1675.0,23.0,24.0,23.5,1.233,1.286,1.259,638570.733846,3863623.751006,122.9,117.3,59.1,22.1,26.9,13.6,52.55,-0.0309,99.7,2,3840,0
782,0.5455,3886.0,1410.0,3911.0,1435.0,25.0,25.0,25.0,1.34,1.34,1.34,638573.038232,3863636.638523,119.2,124.8,46.6,23.9,27.2,17.9,83.74,0.0284,96.9,2,3840,0
783,0.5453,4591.0,1148.0,4630.0,1191.0,39.0,43.0,41.0,2.09,2.304,2.197,638611.194571,3863650.195868,124.4,133.3,57.6,25.1,28.0,17.6,84.63,0.0447,105.1,2,3840,0
784,0.545,3935.0,629.0,3964.0,655.0,29.0,26.0,27.5,1.554,1.393,1.474,638575.77134,3863678.462666,127.8,134.7,45.3,23.2,25.3,17.0,96.29,0.0319,102.6,2,3840,0
785,0.5428,4471.0,321.0,4500.0,349.0,29.0,28.0,28.5,1.554,1.5,1.527,638604.495775,3863694.913674,117.5,127.9,37.3,21.9,23.9,14.8,101.01,0.0498,94.2,2,3840,0
786,0.5428,4631.0,1270.0,4670.0,1304.0,39.0,34.0,36.5,2.09,1.822,1.956,638613.338185,3863643.899473,118.8,126.6,49.1,29.2,32.2,18.7,85.29,0.0397,98.1,2,3840,0
787,0.5428,4714.0,952.0,4758.0,994.0,44.0,42.0,43.0,2.358,2.251,2.304,638617.920161,3863660.725585,119.8,129.5,49.9,24.3,24.3,16.0,89.29,0.0487,99.7,2,3840,0
788,0.5427,4005.0,1964.0,4045.0,1998.0,40.0,34.0,37.0,2.144,1.822,1.983,638579.817413,3863606.710548,120.1,128.2,52.6,28.2,30.5,19.5,83.7,0.0413,100.3,2,3840,0
789,0.5419,4181.0,651.0,4204.0,674.0,23.0,23.0,23.0,1.233,1.233,1.233,638588.793799,3863677.364146,127.2,140.1,47.3,26.9,27.4,16.6,105.72,0.0586,104.9,2,3840,0
790,0.5419,4604.0,1539.0,4629.0,1564.0,25.0,25.0,25.0,1.34,1.34,1.34,638611.516113,3863629.725884,108.5,123.5,47.3,27.7,28.9,16.0,91.31,0.0814,93.1,2,3840,0
791,0.5418,4123.0,1360.0,4147.0,1384.0,24.0,24.0,24.0,1.286,1.286,1.286,638585.712353,3863639.344633,116.1,131.6,42.9,30.7,29.3,19.0,104.16,0.0757,96.9,2,3840,0
792,0.5414,4774.0,925.0,4817.0,964.0,43.0,39.0,41.0,2.304,2.09,2.197,638621.108788,3863662.252796,113.5,118.0,49.2,16.3,19.0,13.8,73.2,0.0245,93.6,2,3840,0
793,0.5403,4279.0,1588.0,4308.0,1616.0,29.0,28.0,28.5,1.554,1.5,1.527,638594.206425,3863627.019774,131.9,137.7,57.3,22.5,22.0,16.0,86.08,0.0272,109.0,2,3840,0
794,0.5393,4965.0,1413.0,4995.0,1442.0,30.0,29.0,29.5,1.608,1.554,1.581,638630.99621,3863636.370591,86.0,96.5,38.5,20.2,24.9,11.8,68.51,0.073,73.7,2,3840,0
795,0.5392,4326.0,1101.0,4360.0,1136.0,34.0,35.0,34.5,1.822,1.876,1.849,638596.859148,3863652.928772,175.5,173.6,162.9,36.0,37.9,39.7,8.76,-0.0103,170.7,2,3840,0
796,0.5388,4081.0,1985.0,4108.0,1999.0,27.0,14.0,20.5,1.447,0.75,1.099,638583.541943,3863606.121099,108.8,115.9,46.9,20.4,24.3,14.2,76.04,0.0399,90.5,2,3840,0
797,0.5384,5241.0,1677.0,5269.0,1705.0,28.0,28.0,28.0,1.5,1.5,1.5,638645.73356,3863622.250589,120.5,126.3,49.9,26.6,23.2,24.8,82.24,0.0296,98.9,2,3840,0
798,0.5383,4086.0,1106.0,4133.0,1147.0,47.0,41.0,44.0,2.519,2.197,2.358,638584.345798,3863652.500081,110.8,124.1,46.4,22.4,25.0,17.2,90.88,0.0702,93.8,2,3840,0
799,0.5376,4499.0,1451.0,4530.0,1480.0,31.0,29.0,30.0,1.661,1.554,1.608,638606.049896,3863634.33431,127.1,138.6,53.4,30.5,31.4,19.0,96.72,0.0541,106.4,2,3840,0
800,0.5371,3959.0,406.0,3992.0,439.0,33.0,33.0,33.0,1.768,1.768,1.768,638577.16469,3863690.224869,165.2,150.3,131.9,20.5,22.8,23.3,3.55,-0.0811,149.1,2,3840,0
801,0.5357,4361.0,1076.0,4388.0,1101.0,27.0,25.0,26.0,1.447,1.34,1.393,638598.547245,3863654.536362,124.7,136.1,49.9,24.8,25.1,17.5,97.69,0.0543,103.6,2,3840,0
802,0.5356,4341.0,1021.0,4386.0,1063.0,45.0,42.0,43.5,2.411,2.251,2.331,638597.957751,3863657.028127,113.7,121.9,45.4,26.8,28.2,16.9,84.71,0.0434,93.7,2,3840,0
803,0.5353,4564.0,486.0,4586.0,506.0,22.0,20.0,21.0,1.179,1.072,1.125,638609.292113,3863686.286272,121.5,135.2,38.1,22.3,23.1,13.3,110.85,0.063,98.3,2,3840,0
804,0.5345,4447.0,218.0,4472.0,243.0,25.0,25.0,25.0,1.34,1.34,1.34,638603.102426,3863700.513447,108.4,123.4,33.5,20.3,23.5,11.3,104.91,0.0757,88.5,2,3840,0
805,0.5344,5246.0,1863.0,5274.0,1893.0,28.0,30.0,29.0,1.5,1.608,1.554,638646.001512,3863612.229942,93.5,101.1,39.2,19.2,21.2,12.9,69.43,0.0488,77.9,2,3840,0
806,0.5336,3893.0,976.0,3931.0,1012.0,38.0,36.0,37.0,2.036,1.929,1.983,638573.761702,3863659.600272,114.5,124.3,52.9,23.2,23.7,18.7,81.19,0.0528,97.2,2,3840,0
807,0.5327,4232.0,773.0,4265.0,805.0,33.0,32.0,32.5,1.768,1.715,1.742,638591.794859,3863670.585473,122.4,130.1,56.5,17.7,19.0,13.4,81.31,0.0394,103.0,2,3840,0
808,0.5323,4569.0,1315.0,4597.0,1344.0,28.0,29.0,28.5,1.5,1.554,1.527,638609.720836,3863641.622053,98.7,104.4,50.8,17.8,20.3,17.5,59.23,0.0371,84.6,2,3840,0
809,0.5314,4730.0,1165.0,4766.0,1200.0,36.0,35.0,35.5,1.929,1.876,1.902,638618.563246,3863649.499246,115.5,125.9,44.6,25.6,28.1,15.2,91.68,0.0529,95.3,2,3840,0
810,0.5307,4819.0,1206.0,4851.0,1242.0,32.0,36.0,34.0,1.715,1.929,1.822,638623.225607,3863647.275412,101.5,107.2,41.0,28.5,27.8,17.0,71.98,0.0341,83.3,2,3840,0
811,0.5301,4274.0,737.0,4310.0,773.0,36.0,36.0,36.0,1.929,1.929,1.929,638594.12604,3863672.407409,120.8,132.9,51.0,19.9,24.8,15.9,93.91,0.0595,101.6,2,3840,0
812,0.5299,4157.0,713.0,4188.0,741.0,31.0,28.0,29.5,1.661,1.5,1.581,638587.721991,3863673.907826,130.2,140.5,53.8,20.4,23.0,15.6,97.02,0.0475,108.2,2,3840,0
813,0.5284,4817.0,1772.0,4855.0,1808.0,38.0,36.0,37.0,2.036,1.929,1.983,638623.279197,3863616.94554,103.3,108.7,46.4,19.5,20.5,18.4,67.86,0.0331,86.1,2,3840,0
814,0.5265,3882.0,1827.0,3912.0,1855.0,30.0,28.0,29.0,1.608,1.5,1.554,638572.957846,3863614.212637,114.3,116.6,47.0,24.7,27.9,16.8,71.74,0.0121,92.7,2,3840,0
815,0.5264,4396.0,1792.0,4416.0,1813.0,20.0,21.0,20.5,1.072,1.125,1.099,638600.235341,3863616.275711,111.7,113.4,45.4,26.5,27.4,19.4,69.67,0.0095,90.1,2,3840,0
816,0.5255,4417.0,925.0,4448.0,955.0,31.0,30.0,30.5,1.661,1.608,1.634,638601.655486,3863662.493935,125.5,135.3,48.5,26.4,29.2,17.6,96.71,0.0465,103.1,2,3840,0
817,0.5245,4283.0,517.0,4309.0,541.0,26.0,24.0,25.0,1.393,1.286,1.34,638594.340401,3863684.517923,136.2,146.1,46.6,25.1,24.8,16.6,109.43,0.0421,109.6,2,3840,0
818,0.524,4239.0,1824.0,4280.0,1856.0,41.0,32.0,36.5,2.197,1.715,1.956,638592.384353,3863614.266223,123.2,127.3,52.7,24.5,25.7,15.1,78.56,0.0204,101.1,2,3840,0
819,0.5238,4596.0,523.0,4623.0,547.0,27.0,24.0,25.5,1.447,1.286,1.367,638611.14098,3863684.196405,130.2,144.1,47.1,22.0,20.2,15.9,110.83,0.0611,107.1,2,3840,0
820,0.5237,4135.0,1045.0,4179.0,1087.0,44.0,42.0,43.0,2.358,2.251,2.304,638586.891341,3863655.742055,125.0,129.8,54.0,24.9,26.7,17.3,80.49,0.0235,102.9,2,3840,0
821,0.5229,4860.0,960.0,4887.0,987.0,27.0,27.0,27.0,1.447,1.447,1.447,638625.288836,3863660.698792,123.5,135.4,56.9,21.8,24.2,14.6,90.46,0.0589,105.3,2,3840,0
822,0.5226,4757.0,1410.0,4800.0,1447.0,43.0,37.0,40.0,2.304,1.983,2.144,638620.197752,3863636.317005,96.0,106.6,38.1,24.2,29.9,14.4,79.07,0.0644,80.2,2,3840,0
823,0.522,5143.0,1975.0,5177.0,2010.0,34.0,35.0,34.5,1.822,1.876,1.849,638640.642475,3863606.094305,139.0,139.4,55.3,21.7,24.4,16.1,84.59,0.002,111.2,2,3840,0
824,0.5205,4261.0,1007.0,4303.0,1047.0,42.0,40.0,41.0,2.251,2.144,2.197,638593.590136,3863657.831923,121.2,134.2,48.5,26.0,24.7,17.5,98.71,0.063,101.3,2,3840,0
825,0.5203,3843.0,511.0,3867.0,534.0,24.0,23.0,23.5,1.286,1.233,1.259,638570.707051,3863684.866234,122.6,133.7,45.7,25.1,28.0,17.8,99.17,0.053,100.7,2,3840,0
826,0.5203,4646.0,1895.0,4682.0,1929.0,36.0,34.0,35.0,1.929,1.822,1.876,638614.061655,3863610.408006,105.7,108.0,48.8,19.8,21.4,18.5,61.52,0.014,87.5,2,3840,0
827,0.5203,4875.0,1740.0,4914.0,1779.0,39.0,39.0,39.0,2.09,2.09,2.09,638626.414234,3863618.579924,101.4,108.7,39.7,20.3,21.9,16.0,76.38,0.0431,83.2,2,3840,0
828,0.5201,5305.0,1841.0,5341.0,1873.0,36.0,32.0,34.0,1.929,1.715,1.822,638649.377704,3863613.355255,133.4,138.5,59.7,32.3,30.1,33.7,83.96,0.0242,110.5,2,3840,0
829,0.52,4146.0,499.0,4169.0,521.0,23.0,22.0,22.5,1.233,1.179,1.206,638586.918136,3863685.536063,112.7,120.6,41.7,18.8,21.4,11.4,86.67,0.0408,91.7,2,3840,0
830,0.5197,4623.0,1059.0,4663.0,1098.0,40.0,39.0,39.5,2.144,2.09,2.117,638612.936257,3863655.072226,119.5,129.5,54.8,27.8,29.2,17.4,84.72,0.0516,101.2,2,3840,0
831,0.5187,5026.0,1235.0,5070.0,1272.0,44.0,37.0,40.5,2.358,1.983,2.17,638634.640355,3863645.694615,97.8,110.9,42.3,23.6,24.0,16.2,81.69,0.0787,83.7,2,3840,0
832,0.5186,3890.0,1630.0,3925.0,1665.0,35.0,35.0,35.0,1.876,1.876,1.876,638573.520545,3863624.581595,118.6,125.7,51.8,32.1,29.5,27.1,80.88,0.0366,98.7,2,3840,0
833,0.5184,5289.0,1799.0,5316.0,1827.0,27.0,28.0,27.5,1.447,1.5,1.474,638648.279102,3863615.713055,111.2,120.3,36.9,23.6,21.6,18.3,92.53,0.0468,89.5,2,3840,0
834,0.5181,4113.0,803.0,4146.0,836.0,33.0,33.0,33.0,1.768,1.768,1.768,638585.417606,3863668.951089,110.3,114.9,53.3,16.1,20.6,14.2,66.24,0.0269,92.8,2,3840,0
835,0.5181,4451.0,1352.0,4492.0,1394.0,41.0,42.0,41.5,2.197,2.251,2.224,638603.74551,3863639.291047,122.3,135.2,40.5,27.8,27.4,15.1,107.64,0.0596,99.3,2,3840,0
836,0.5178,3925.0,1054.0,3961.0,1087.0,36.0,33.0,34.5,1.929,1.768,1.849,638575.423003,3863655.500917,128.4,136.5,53.9,23.3,22.9,17.0,90.55,0.0381,106.3,2,3840,0
837,0.5165,4239.0,1517.0,4279.0,1551.0,40.0,34.0,37.0,2.144,1.822,1.983,638592.357558,3863630.663645,108.0,117.7,47.5,24.3,26.9,16.9,79.87,0.0544,91.0,2,3840,0
838,0.5161,5254.0,1909.0,5298.0,1946.0,44.0,37.0,40.5,2.358,1.983,2.17,638646.858957,3863609.577418,101.4,109.1,43.0,18.5,19.4,14.8,73.76,0.0457,84.5,2,3840,0
839,0.5159,4202.0,1242.0,4242.0,1279.0,40.0,37.0,38.5,2.144,1.983,2.063,638590.374714,3863645.319511,125.4,133.3,47.5,27.8,27.6,18.6,93.61,0.0372,102.1,2,3840,0
840,0.5156,4049.0,823.0,4086.0,857.0,37.0,34.0,35.5,1.983,1.822,1.902,638582.095003,3863667.852569,99.1,111.9,47.3,20.6,24.3,15.2,77.46,0.0786,86.1,2,3840,0
841,0.5155,4844.0,917.0,4876.0,949.0,32.0,32.0,32.0,1.715,1.715,1.715,638624.565366,3863662.869039,100.1,113.5,44.6,20.3,22.6,13.8,82.28,0.0792,86.0,2,3840,0
842,0.5147,4860.0,1918.0,4891.0,1949.0,31.0,31.0,31.0,1.661,1.661,1.661,638625.396017,3863609.2559,133.6,134.5,58.2,26.5,27.6,20.2,77.16,0.0042,108.7,2,3840,0
843,0.5139,4090.0,1312.0,4134.0,1347.0,44.0,35.0,39.5,2.358,1.876,2.117,638584.479774,3863641.622053,110.4,118.1,42.5,25.8,29.6,15.2,83.27,0.0414,90.3,2,3840,0
844,0.5139,4258.0,475.0,4288.0,502.0,30.0,27.0,28.5,1.608,1.447,1.527,638593.107823,3863686.68817,126.2,134.0,52.1,20.9,24.1,16.7,89.69,0.0374,104.1,2,3840,0
845,0.5132,4580.0,811.0,4627.0,848.0,47.0,37.0,42.0,2.519,1.983,2.251,638610.819438,3863668.415226,120.0,131.1,51.7,25.0,25.0,17.7,90.57,0.056,100.9,2,3840,0
846,0.5123,4975.0,1125.0,5027.0,1151.0,52.0,26.0,39.0,2.787,1.393,2.09,638632.121607,3863651.883838,113.1,118.7,49.3,25.4,27.0,14.4,74.95,0.0308,93.7,2,3840,0
847,0.512,4152.0,1288.0,4192.0,1323.0,40.0,35.0,37.5,2.144,1.876,2.01,638587.695196,3863642.908125,116.2,127.4,50.3,28.0,29.4,18.6,88.42,0.0581,98.0,2,3840,0
848,0.5114,4887.0,869.0,4925.0,904.0,38.0,35.0,36.5,2.036,1.876,1.956,638627.030523,3863665.360804,93.1,103.4,38.8,22.7,23.5,16.0,74.9,0.0652,78.4,2,3840,0
849,0.5108,4575.0,1632.0,4618.0,1667.0,43.0,35.0,39.0,2.304,1.876,2.09,638610.444305,3863624.474422,103.4,110.0,43.6,22.1,24.8,14.7,72.96,0.0389,85.7,2,3840,0
850,0.5103,4340.0,341.0,4372.0,369.0,32.0,28.0,30.0,1.715,1.5,1.608,638597.555823,3863693.841947,96.4,112.8,30.6,18.8,19.7,14.4,98.68,0.0921,79.9,2,3840,0
851,0.5093,4827.0,1825.0,4866.0,1859.0,39.0,34.0,36.5,2.09,1.822,1.956,638623.841896,3863614.15905,109.4,118.5,40.6,21.0,22.8,17.2,86.95,0.0484,89.5,2,3840,0
852,0.5088,4646.0,649.0,4679.0,681.0,33.0,32.0,32.5,1.768,1.715,1.742,638613.981269,3863677.23018,96.7,110.3,41.9,18.2,20.9,12.6,81.95,0.0823,82.9,2,3840,0
853,0.5085,3843.0,1900.0,3867.0,1926.0,24.0,26.0,25.0,1.286,1.393,1.34,638570.707051,3863610.35442,134.4,130.3,67.1,23.8,23.0,19.9,59.15,-0.0206,110.6,2,3840,0
854,0.5079,4474.0,182.0,4504.0,218.0,30.0,36.0,33.0,1.608,1.929,1.768,638604.683341,3863702.147831,98.4,110.1,34.9,26.4,29.0,15.0,86.78,0.0669,81.1,2,3840,0
855,0.5079,5016.0,1388.0,5057.0,1427.0,41.0,39.0,40.0,2.197,2.09,2.144,638634.024065,3863637.442318,110.3,115.7,54.2,22.7,25.9,17.1,66.83,0.0314,93.4,2,3840,0
856,0.5074,3961.0,1624.0,3989.0,1651.0,28.0,27.0,27.5,1.5,1.447,1.474,638577.137895,3863625.117458,130.6,134.7,55.2,26.8,29.6,22.0,83.56,0.0194,106.9,2,3840,0
857,0.5074,4525.0,440.0,4562.0,475.0,37.0,35.0,36.0,1.983,1.876,1.929,638607.604016,3863688.349347,100.2,112.7,35.9,20.2,21.8,14.7,89.2,0.0705,82.9,2,3840,0
858,0.5067,5060.0,1934.0,5091.0,1965.0,31.0,31.0,31.0,1.661,1.661,1.661,638636.11409,3863608.398518,116.4,129.4,45.6,22.0,24.9,17.9,96.82,0.065,97.2,2,3840,0
859,0.5063,4928.0,1171.0,4963.0,1205.0,35.0,34.0,34.5,1.876,1.822,1.849,638629.147342,3863649.204521,116.3,121.9,51.0,22.5,23.7,20.3,76.49,0.0301,96.4,2,3840,0
860,0.5062,4698.0,750.0,4748.0,776.0,50.0,26.0,38.0,2.679,1.393,2.036,638617.223486,3863671.978718,123.3,132.2,49.5,26.9,28.0,16.6,91.67,0.0431,101.7,2,3840,0
861,0.506,4287.0,1792.0,4315.0,1821.0,28.0,29.0,28.5,1.5,1.554,1.527,638594.608353,3863616.061366,112.3,116.4,46.6,25.0,26.1,16.8,73.99,0.0227,91.7,2,3840,0
862,0.5058,5158.0,2025.0,5188.0,2047.0,30.0,22.0,26.0,1.608,1.179,1.393,638641.33915,3863603.763299,130.7,139.0,53.9,26.6,28.2,17.6,93.31,0.0384,107.9,2,3840,0
863,0.5042,4949.0,1371.0,4974.0,1397.0,25.0,26.0,25.5,1.34,1.393,1.367,638630.004788,3863638.701597,103.3,116.4,47.2,22.6,23.4,15.4,82.22,0.0759,89.0,2,3840,0
864,0.5037,4985.0,1463.0,5013.0,1488.0,28.0,25.0,26.5,1.5,1.34,1.42,638632.014427,3863633.798446,80.6,90.5,34.8,23.6,26.3,12.5,65.57,0.0722,68.6,2,3840,0
865,0.5033,4122.0,1159.0,4147.0,1183.0,25.0,24.0,24.5,1.34,1.286,1.313,638585.685558,3863650.115489,84.8,96.9,34.3,18.7,19.6,11.5,74.62,0.0819,72.0,2,3840,0
866,0.5021,4662.0,1937.0,4697.0,1968.0,35.0,31.0,33.0,1.876,1.661,1.768,638614.892306,3863608.237759,101.2,106.5,45.2,14.2,17.0,13.6,66.57,0.0325,84.3,2,3840,0
867,0.5016,4637.0,1486.0,4669.0,1517.0,32.0,31.0,31.5,1.715,1.661,1.688,638613.472161,3863632.405201,98.3,104.1,51.9,18.9,19.7,13.6,58.0,0.0387,84.7,2,3840,0
868,0.501,4070.0,317.0,4099.0,343.0,29.0,26.0,27.5,1.554,1.393,1.474,638583.006039,3863695.181606,113.6,120.7,40.4,19.0,22.3,18.0,87.36,0.0366,91.5,2,3840,0
869,0.4998,5064.0,1742.0,5089.0,1766.0,25.0,24.0,24.5,1.34,1.286,1.313,638636.16768,3863618.874649,121.6,129.9,52.3,19.0,22.0,12.3,85.95,0.0416,101.3,2,3840,0
870,0.4998,4149.0,1248.0,4180.0,1278.0,31.0,30.0,30.5,1.661,1.608,1.634,638587.293268,3863645.185545,107.1,118.3,46.4,23.0,25.6,16.1,83.21,0.063,90.6,2,3840,0
871,0.4998,4672.0,414.0,4711.0,451.0,39.0,37.0,38.0,2.09,1.983,2.036,638615.53539,3863689.689005,115.7,126.4,43.1,24.4,26.8,16.8,93.91,0.0535,95.1,2,3840,0
872,0.4997,4257.0,1200.0,4294.0,1238.0,37.0,38.0,37.5,1.983,2.036,2.01,638593.241799,3863647.543344,132.0,137.6,59.0,25.6,27.5,18.9,84.32,0.0267,109.5,2,3840,0
873,0.4997,4359.0,382.0,4380.0,401.0,21.0,19.0,20.0,1.125,1.018,1.072,638598.279293,3863691.886046,109.4,119.5,42.2,20.4,24.5,14.5,87.28,0.0539,90.4,2,3840,0
874,0.4994,4716.0,794.0,4757.0,833.0,41.0,39.0,40.0,2.197,2.09,2.144,638617.946956,3863669.272607,118.0,132.7,44.3,23.1,25.5,15.2,103.07,0.0711,98.3,2,3840,0
875,0.4987,5137.0,1772.0,5176.0,1809.0,39.0,37.0,38.0,2.09,1.983,2.036,638640.454909,3863616.918747,109.4,115.9,44.8,21.2,24.3,13.6,77.59,0.0359,90.1,2,3840,0
876,0.498,4289.0,1233.0,4320.0,1263.0,31.0,30.0,30.5,1.661,1.608,1.634,638594.795919,3863645.98934,154.1,152.6,136.9,31.6,32.5,37.1,14.05,-0.0093,147.9,2,3840,0
877,0.4973,4740.0,558.0,4768.0,581.0,28.0,23.0,25.5,1.5,1.233,1.367,638618.884788,3863682.347676,130.6,137.8,49.2,26.1,29.6,15.3,95.83,0.0329,105.9,2,3840,0
878,0.4964,4932.0,981.0,4975.0,1018.0,43.0,37.0,40.0,2.304,1.983,2.144,638629.576065,3863659.305547,89.4,100.7,37.8,21.0,25.4,12.8,74.19,0.074,76.0,2,3840,0
879,0.4962,4126.0,1398.0,4165.0,1433.0,39.0,35.0,37.0,2.09,1.876,1.983,638586.275052,3863637.013627,124.4,126.7,62.1,21.9,25.4,14.8,67.05,0.0126,104.4,2,3840,0
880,0.4936,3871.0,411.0,3895.0,435.0,24.0,24.0,24.0,1.286,1.286,1.286,638572.207581,3863690.198076,115.8,118.9,45.7,19.3,29.5,12.3,76.37,0.0167,93.5,2,3840,0
881,0.4931,4703.0,1869.0,4733.0,1898.0,30.0,29.0,29.5,1.608,1.554,1.581,638616.955535,3863611.935217,128.4,139.4,56.5,21.6,25.7,16.1,94.01,0.0522,108.1,2,3840,0
882,0.4919,5232.0,1642.0,5254.0,1664.0,22.0,22.0,22.0,1.179,1.179,1.179,638645.090475,3863624.28687,116.0,124.4,43.0,29.5,27.3,18.4,89.82,0.0428,94.5,2,3840,0
883,0.4915,4908.0,1126.0,4946.0,1160.0,38.0,34.0,36.0,2.036,1.822,1.929,638628.155921,3863651.615906,97.0,108.4,38.8,21.8,23.7,13.2,80.91,0.0679,81.4,2,3840,0
884,0.491,4078.0,1470.0,4119.0,1507.0,41.0,37.0,39.0,2.197,1.983,2.09,638583.756304,3863633.101824,101.1,113.5,37.0,20.3,22.5,14.1,88.97,0.0699,83.9,2,3840,0
885,0.4907,4046.0,1881.0,4092.0,1925.0,46.0,44.0,45.0,2.465,2.358,2.411,638582.175389,3863610.890283,121.2,124.9,58.0,26.4,26.9,17.5,70.6,0.0195,101.4,2,3840,0
886,0.49,4023.0,1093.0,4057.0,1126.0,34.0,33.0,33.5,1.822,1.768,1.795,638580.621268,3863653.411049,97.7,110.0,38.1,19.9,22.1,14.3,84.13,0.0722,81.9,2,3840,0
887,0.4895,5273.0,1758.0,5299.0,1785.0,26.0,27.0,26.5,1.393,1.447,1.42,638647.394861,3863617.936888,117.5,119.6,49.6,25.0,23.7,25.8,72.02,0.0112,95.5,2,3840,0
888,0.4877,4326.0,420.0,4350.0,446.0,24.0,26.0,25.0,1.286,1.393,1.34,638596.591197,3863689.662212,133.5,134.4,59.0,25.3,30.8,17.5,76.33,0.0042,109.0,2,3840,0
889,0.4872,4921.0,1455.0,4957.0,1489.0,36.0,34.0,35.0,1.929,1.822,1.876,638628.799005,3863633.985999,100.0,114.3,41.8,20.7,25.6,12.9,86.91,0.0833,85.4,2,3840,0
890,0.4866,4369.0,628.0,4412.0,662.0,43.0,34.0,38.5,2.304,1.822,2.063,638599.404691,3863678.301907,124.8,136.3,44.0,26.0,29.7,17.8,103.76,0.0529,101.7,2,3840,0
891,0.4866,4274.0,1342.0,4297.0,1367.0,23.0,25.0,24.0,1.233,1.34,1.286,638593.777702,3863640.282394,137.7,135.6,128.1,32.1,33.0,32.9,5.42,-0.0145,133.8,2,3840,0
892,0.4857,5059.0,1319.0,5101.0,1357.0,42.0,38.0,40.0,2.251,2.036,2.144,638636.355246,3863641.166569,101.0,108.4,39.5,21.2,25.2,14.8,76.33,0.0438,83.0,2,3840,0
893,0.4855,4002.0,1263.0,4044.0,1299.0,42.0,36.0,39.0,2.251,1.929,2.09,638579.710232,3863644.220991,120.4,128.9,54.9,26.7,27.2,18.3,82.37,0.0434,101.4,2,3840,0
894,0.4855,4182.0,1150.0,4210.0,1176.0,28.0,26.0,27.0,1.5,1.393,1.447,638588.981365,3863650.544179,101.4,115.7,40.5,24.2,23.5,14.7,89.47,0.0807,85.8,2,3840,0
895,0.4853,4997.0,1340.0,5039.0,1379.0,42.0,39.0,40.5,2.251,2.09,2.17,638633.032644,3863640.014462,91.6,99.0,45.7,21.8,20.9,20.2,60.58,0.0507,78.8,2,3840,0
896,0.485,4275.0,1056.0,4325.0,1096.0,50.0,40.0,45.0,2.679,2.144,2.411,638594.554763,3863655.206192,146.5,151.8,68.6,23.4,24.3,19.8,88.47,0.0228,122.3,2,3840,0
897,0.4845,4386.0,843.0,4427.0,874.0,41.0,31.0,36.0,2.197,1.661,1.929,638600.262136,3863666.861222,104.1,115.5,46.1,19.2,23.8,12.7,80.86,0.066,88.6,2,3840,0
898,0.484,4401.0,1224.0,4429.0,1251.0,28.0,27.0,27.5,1.5,1.447,1.474,638600.717654,3863646.551997,93.9,107.5,48.0,17.9,22.4,12.5,73.06,0.0889,83.1,2,3840,0
899,0.4836,4584.0,937.0,4621.0,968.0,37.0,31.0,34.0,1.983,1.661,1.822,638610.765848,3863661.824105,120.3,135.3,53.6,35.3,37.0,19.8,96.59,0.0739,103.1,2,3840,0
900,0.4835,3897.0,1020.0,3933.0,1053.0,36.0,33.0,34.5,1.929,1.768,1.849,638573.922473,3863657.322852,121.3,129.2,48.1,18.7,20.4,15.4,88.97,0.0388,99.5,2,3840,0
901,0.4832,4705.0,1119.0,4748.0,1155.0,43.0,36.0,39.5,2.304,1.929,2.117,638617.411053,3863651.937424,113.4,122.7,43.2,29.3,31.9,15.4,88.66,0.0479,93.1,2,3840,0
902,0.4832,4367.0,1665.0,4394.0,1690.0,27.0,25.0,26.0,1.447,1.34,1.393,638598.868787,3863622.974004,122.3,134.2,51.2,35.0,32.9,24.7,94.94,0.0581,102.6,2,3840,0
903,0.483,4546.0,225.0,4571.0,249.0,25.0,24.0,24.5,1.34,1.286,1.313,638608.407872,3863700.165136,116.8,121.3,41.0,23.3,31.2,13.1,84.81,0.0228,93.0,2,3840,0
904,0.4824,4196.0,1954.0,4221.0,1979.0,25.0,25.0,25.0,1.34,1.34,1.34,638589.651244,3863607.48755,122.6,128.4,49.4,19.8,21.6,14.2,84.87,0.0287,100.1,2,3840,0
905,0.4811,3941.0,1575.0,3969.0,1605.0,28.0,30.0,29.0,1.5,1.608,1.554,638576.066087,3863627.66281,132.9,142.2,57.4,23.7,26.4,16.8,94.16,0.0429,110.8,2,3840,0
906,0.4803,4970.0,1069.0,5011.0,1104.0,41.0,35.0,38.0,2.197,1.876,2.036,638631.558909,3863654.643535,116.9,128.4,38.5,26.7,26.2,14.7,101.42,0.0558,94.6,2,3840,0
907,0.4791,3914.0,688.0,3939.0,712.0,25.0,24.0,24.5,1.34,1.286,1.313,638574.538762,3863675.354658,141.7,146.8,64.8,22.6,27.0,16.6,87.11,0.0228,117.8,2,3840,0
908,0.4788,4260.0,352.0,4289.0,381.0,29.0,29.0,29.0,1.554,1.554,1.554,638593.188208,3863693.225704,131.4,143.5,49.1,23.8,24.4,18.5,106.46,0.0534,108.0,2,3840,0
909,0.4782,4434.0,799.0,4469.0,832.0,35.0,33.0,34.0,1.876,1.768,1.822,638602.673703,3863669.165435,145.6,149.4,68.1,26.8,28.9,21.3,85.1,0.0166,121.0,2,3840,0
910,0.4777,4911.0,773.0,4946.0,806.0,35.0,33.0,34.0,1.876,1.768,1.822,638628.236306,3863670.55868,127.0,131.7,53.7,26.6,28.2,18.6,82.65,0.023,104.1,2,3840,0
911,0.4764,5011.0,1768.0,5037.0,1794.0,26.0,26.0,26.0,1.393,1.393,1.393,638633.354186,3863617.427818,116.6,124.4,45.2,32.8,32.1,21.2,86.98,0.0396,95.4,2,3840,0
912,0.4762,3963.0,1140.0,3990.0,1166.0,27.0,26.0,26.5,1.447,1.393,1.42,638577.21828,3863651.080043,118.8,123.0,51.7,19.2,20.7,14.6,75.52,0.022,97.8,2,3840,0
913,0.4757,4839.0,1870.0,4875.0,1904.0,36.0,34.0,35.0,1.929,1.822,1.876,638624.404595,3863611.747665,123.3,127.4,54.4,24.3,28.7,19.1,77.0,0.0206,101.7,2,3840,0
914,0.4754,4773.0,1103.0,4811.0,1140.0,38.0,37.0,37.5,2.036,1.983,2.01,638620.921222,3863652.768013,102.3,117.3,44.3,24.3,27.5,14.5,88.01,0.0856,87.9,2,3840,0
915,0.4753,4559.0,390.0,4585.0,418.0,26.0,28.0,27.0,1.393,1.5,1.447,638609.131342,3863691.216216,136.4,143.5,40.6,20.5,20.6,15.7,109.9,0.0293,106.8,2,3840,0
916,0.475,4855.0,659.0,4891.0,694.0,36.0,35.0,35.5,1.929,1.876,1.902,638625.262041,3863676.613937,108.9,118.8,47.5,26.4,26.0,20.4,81.19,0.0548,91.7,2,3840,0
917,0.4741,4045.0,1525.0,4066.0,1546.0,21.0,21.0,21.0,1.125,1.125,1.125,638581.451919,3863630.583266,133.5,138.1,56.9,22.9,25.6,13.6,85.81,0.0213,109.5,2,3840,0
918,0.4737,5167.0,1873.0,5193.0,1900.0,26.0,27.0,26.5,1.393,1.447,1.42,638641.714283,3863611.774458,108.6,116.5,40.4,19.5,23.1,11.9,83.98,0.0426,88.5,2,3840,0
919,0.473,4738.0,837.0,4777.0,872.0,39.0,35.0,37.0,2.09,1.876,1.983,638619.072354,3863667.075567,123.3,130.9,45.7,21.5,20.8,15.7,92.79,0.0364,100.0,2,3840,0
920,0.473,4764.0,632.0,4807.0,670.0,43.0,38.0,40.5,2.304,2.036,2.17,638620.572884,3863677.980389,115.6,126.2,45.6,24.9,25.5,15.9,91.1,0.0538,95.8,2,3840,0
921,0.4729,4417.0,1020.0,4442.0,1045.0,25.0,25.0,25.0,1.34,1.34,1.34,638601.494715,3863657.537198,112.8,123.1,52.0,28.5,31.1,18.7,81.43,0.0562,96.0,2,3840,0
922,0.4724,3964.0,2027.0,4004.0,2047.0,40.0,20.0,30.0,2.144,1.072,1.608,638577.620208,3863603.709713,131.7,141.3,55.7,25.7,24.1,16.9,95.16,0.0441,109.6,2,3840,0
923,0.4721,4366.0,577.0,4394.0,600.0,28.0,23.0,25.5,1.5,1.233,1.367,638598.841992,3863681.329535,106.5,123.7,44.3,24.1,24.7,15.2,96.67,0.0929,91.5,2,3840,0
924,0.472,4074.0,1227.0,4109.0,1260.0,35.0,33.0,34.0,1.876,1.768,1.822,638583.381172,3863646.230479,126.8,140.5,57.1,24.3,24.1,20.7,97.13,0.065,108.2,2,3840,0
925,0.472,4950.0,1810.0,4989.0,1846.0,39.0,36.0,37.5,2.09,1.929,2.01,638630.433511,3863614.909259,112.5,119.2,44.7,21.2,22.3,16.0,81.2,0.0358,92.1,2,3840,0
926,0.4716,3897.0,1730.0,3925.0,1761.0,28.0,31.0,29.5,1.5,1.661,1.581,638573.708111,3863619.330133,150.3,145.2,142.6,36.6,39.1,42.1,-2.56,-0.0336,146.0,2,3840,0
927,0.471,4556.0,1274.0,4583.0,1302.0,27.0,28.0,27.5,1.447,1.5,1.474,638608.997366,3863643.845886,99.4,111.2,49.5,26.3,28.4,16.0,73.47,0.0731,86.7,2,3840,0
928,0.4708,4751.0,1799.0,4787.0,1833.0,36.0,34.0,35.0,1.929,1.822,1.876,638619.688643,3863615.552295,119.2,125.4,52.3,24.8,25.5,26.5,79.35,0.0324,99.0,2,3840,0
929,0.4702,4791.0,981.0,4835.0,1020.0,44.0,39.0,41.5,2.358,2.09,2.224,638622.046619,3863659.251961,107.2,111.6,52.7,20.6,23.2,15.5,63.41,0.0267,90.5,2,3840,0
930,0.4691,4181.0,266.0,4207.0,291.0,26.0,25.0,25.5,1.393,1.34,1.367,638588.874184,3863697.941303,138.1,142.4,62.5,19.8,20.8,32.0,84.2,0.0195,114.3,2,3840,0
931,0.469,4539.0,1986.0,4568.0,1999.0,29.0,13.0,21.0,1.554,0.697,1.125,638608.13992,3863606.094305,132.9,135.8,54.9,22.8,20.3,19.4,83.73,0.0136,107.9,2,3840,0
932,0.4689,4906.0,1430.0,4932.0,1457.0,26.0,27.0,26.5,1.393,1.447,1.42,638627.727198,3863635.513209,91.9,107.4,39.4,25.0,27.6,14.8,83.52,0.0968,79.6,2,3840,0
933,0.4686,4414.0,203.0,4433.0,223.0,19.0,20.0,19.5,1.018,1.072,1.045,638601.173173,3863701.451208,102.8,114.1,33.2,22.9,26.7,9.8,92.18,0.0616,83.4,2,3840,0
934,0.4677,4724.0,1500.0,4772.0,1537.0,48.0,37.0,42.5,2.572,1.983,2.278,638618.563246,3863631.494233,119.2,129.0,56.6,26.6,30.6,16.8,82.27,0.0511,101.6,2,3840,0
935,0.4675,4868.0,832.0,4899.0,863.0,31.0,31.0,31.0,1.661,1.661,1.661,638625.82474,3863667.450672,119.0,128.2,48.2,24.3,26.0,16.7,89.15,0.0462,98.4,2,3840,0
936,0.4674,4496.0,581.0,4528.0,609.0,32.0,28.0,30.0,1.715,1.5,1.608,638605.91592,3863680.981224,143.5,148.4,60.2,28.8,30.5,21.3,93.08,0.021,117.4,2,3840,0
937,0.4672,3931.0,496.0,3955.0,519.0,24.0,23.0,23.5,1.286,1.233,1.259,638575.423003,3863685.670029,128.5,135.0,42.0,31.8,32.4,16.6,99.54,0.0295,101.9,2,3840,0
938,0.4668,3869.0,1363.0,3898.0,1392.0,29.0,29.0,29.0,1.554,1.554,1.554,638572.234376,3863639.049908,123.7,125.7,50.3,23.5,26.4,18.5,77.42,0.01,99.9,2,3840,0
939,0.4667,4907.0,1879.0,4944.0,1917.0,37.0,38.0,37.5,1.983,2.036,2.01,638628.075535,3863611.158215,103.0,107.2,52.6,23.3,27.0,18.4,58.88,0.0266,87.6,2,3840,0
940,0.4663,4679.0,620.0,4705.0,642.0,26.0,22.0,24.0,1.393,1.179,1.286,638615.562185,3863679.052116,95.0,107.7,31.0,16.1,18.4,11.5,89.38,0.0739,77.9,2,3840,0
941,0.4661,3974.0,1900.0,4006.0,1928.0,32.0,28.0,30.0,1.715,1.5,1.608,638577.94175,3863610.300834,97.1,109.4,47.9,21.1,22.8,15.0,73.81,0.0776,84.8,2,3840,0
942,0.4655,3958.0,372.0,3990.0,403.0,32.0,31.0,31.5,1.715,1.661,1.688,638577.084304,3863692.100391,141.0,124.7,102.8,20.7,23.2,25.2,5.65,-0.0998,122.8,2,3840,0
943,0.4655,4252.0,824.0,4278.0,847.0,26.0,23.0,24.5,1.393,1.233,1.313,638592.6791,3863668.093708,138.2,132.9,63.7,26.3,27.4,17.8,63.89,-0.0257,111.6,2,3840,0
944,0.4646,4472.0,1006.0,4507.0,1038.0,35.0,32.0,33.5,1.876,1.715,1.795,638604.710137,3863658.099854,118.2,128.4,46.1,27.7,27.7,18.6,92.56,0.0509,97.6,2,3840,0
945,0.4642,4823.0,1255.0,4860.0,1290.0,37.0,35.0,36.0,1.983,1.876,1.929,638623.573944,3863644.676475,93.2,108.1,38.0,23.6,24.7,16.4,85.02,0.0916,79.8,2,3840,0
946,0.4642,3912.0,1677.0,3936.0,1701.0,24.0,24.0,24.0,1.286,1.286,1.286,638574.404786,3863622.357761,139.1,141.3,60.3,29.6,30.6,21.7,83.2,0.0101,113.5,2,3840,0
947,0.4632,4677.0,1221.0,4713.0,1252.0,36.0,31.0,33.5,1.929,1.661,1.795,638615.722956,3863646.605583,114.0,121.5,44.0,23.5,23.8,17.0,84.97,0.0392,93.1,2,3840,0
948,0.4622,5130.0,1293.0,5152.0,1315.0,22.0,22.0,22.0,1.179,1.179,1.179,638639.624258,3863642.988505,147.5,146.5,61.4,21.3,22.0,17.4,84.2,-0.0042,118.5,2,3840,0
949,0.461,4806.0,1980.0,4834.0,2009.0,28.0,29.0,28.5,1.5,1.554,1.527,638622.421752,3863605.987133,123.0,131.4,43.2,19.8,22.4,13.6,96.68,0.04,99.2,2,3840,0
950,0.4607,4311.0,247.0,4335.0,270.0,24.0,23.0,23.5,1.286,1.233,1.259,638595.787341,3863699.01303,127.8,130.3,57.9,18.0,22.5,19.3,74.88,0.0124,105.3,2,3840,0
951,0.4604,4728.0,1940.0,4769.0,1978.0,41.0,38.0,39.5,2.197,2.036,2.117,638618.590041,3863607.889448,106.0,116.6,42.9,20.6,25.1,13.1,84.44,0.0593,88.5,2,3840,0
952,0.4599,4877.0,2010.0,4915.0,2043.0,38.0,33.0,35.5,2.036,1.768,1.902,638626.494619,3863604.27237,111.2,114.7,51.1,20.9,27.1,18.5,67.23,0.0204,92.3,2,3840,0
953,0.4595,4427.0,1836.0,4467.0,1871.0,40.0,35.0,37.5,2.144,1.876,2.01,638602.432546,3863613.542808,116.4,122.0,48.5,26.7,26.8,25.1,79.21,0.0298,95.6,2,3840,0
954,0.4593,5092.0,2026.0,5120.0,2047.0,28.0,21.0,24.5,1.5,1.125,1.313,638637.748596,3863603.736506,119.0,128.7,42.3,19.1,17.1,14.4,96.08,0.0472,96.7,2,3840,0
955,0.4592,4515.0,1142.0,4543.0,1167.0,28.0,25.0,26.5,1.5,1.34,1.42,638606.826956,3863650.999663,126.4,138.8,53.2,25.6,24.3,17.7,97.94,0.0586,106.1,2,3840,0
956,0.4587,4357.0,488.0,4381.0,511.0,24.0,23.0,23.5,1.286,1.233,1.259,638598.252498,3863686.09872,126.5,142.4,40.5,26.7,27.3,15.7,117.74,0.0695,103.2,2,3840,0
957,0.4583,4477.0,1052.0,4517.0,1087.0,40.0,35.0,37.5,2.144,1.876,2.01,638605.112064,3863655.554503,112.9,121.4,49.0,24.7,25.5,18.1,80.93,0.0459,94.4,2,3840,0
958,0.4577,3999.0,1012.0,4030.0,1043.0,31.0,31.0,31.0,1.661,1.661,1.661,638579.254714,3863657.805129,127.5,134.0,49.9,27.8,29.7,17.6,90.65,0.0309,103.8,2,3840,0
959,0.4565,3969.0,1346.0,3996.0,1373.0,27.0,27.0,27.0,1.447,1.447,1.447,638577.539822,3863640.014462,131.0,135.5,54.0,21.9,21.5,23.3,85.91,0.0209,106.8,2,3840,0
960,0.4562,4006.0,1596.0,4034.0,1622.0,28.0,26.0,27.0,1.5,1.393,1.447,638579.549461,3863626.644669,147.8,149.5,65.5,21.4,20.9,18.3,85.64,0.0071,120.9,2,3840,0
961,0.4561,4471.0,2009.0,4510.0,2042.0,39.0,33.0,36.0,2.09,1.768,1.929,638604.763727,3863604.325956,108.0,115.5,39.7,21.5,21.9,16.3,83.28,0.041,87.7,2,3840,0
962,0.455,4298.0,1299.0,4323.0,1325.0,25.0,26.0,25.5,1.34,1.393,1.367,638595.117462,3863642.559814,113.7,126.2,50.9,24.6,23.7,21.0,87.89,0.0662,97.0,2,3840,0
963,0.4546,4427.0,1063.0,4457.0,1089.0,30.0,26.0,28.0,1.608,1.393,1.5,638602.164594,3863655.206192,92.4,110.0,37.1,19.9,21.6,13.3,90.59,0.1068,79.8,2,3840,0
964,0.4532,4006.0,1768.0,4031.0,1793.0,25.0,25.0,25.0,1.34,1.34,1.34,638579.469075,3863617.454611,127.7,135.5,60.6,26.7,25.9,20.0,82.59,0.0383,107.9,2,3840,0
965,0.4521,4438.0,1100.0,4469.0,1129.0,31.0,29.0,30.0,1.661,1.554,1.608,638602.780883,3863653.143117,129.3,140.3,55.6,24.9,25.1,17.3,95.6,0.0511,108.4,2,3840,0
966,0.4506,5026.0,1036.0,5062.0,1071.0,36.0,35.0,35.5,1.929,1.876,1.902,638634.425993,3863656.411884,129.2,136.8,61.2,32.1,30.4,30.2,83.13,0.0368,109.1,2,3840,0
967,0.4503,4223.0,1482.0,4254.0,1513.0,31.0,31.0,31.0,1.661,1.661,1.661,638591.258955,3863632.619547,103.2,116.3,46.4,27.4,29.9,20.0,82.98,0.0755,88.6,2,3840,0
968,0.4501,4374.0,800.0,4403.0,830.0,29.0,30.0,29.5,1.554,1.608,1.581,638599.29751,3863669.192228,109.4,126.4,44.0,23.1,23.1,15.0,99.45,0.0887,93.3,2,3840,0
969,0.4483,5297.0,2002.0,5328.0,2031.0,31.0,29.0,30.0,1.661,1.554,1.608,638648.815006,3863604.808233,119.5,125.4,50.7,22.1,25.4,13.8,80.52,0.0302,98.5,2,3840,0
970,0.4483,4498.0,1100.0,4531.0,1130.0,33.0,30.0,31.5,1.768,1.608,1.688,638606.049896,3863653.116324,128.4,136.0,46.7,30.2,28.8,21.4,96.94,0.035,103.7,2,3840,0
971,0.4478,4398.0,718.0,4434.0,750.0,36.0,32.0,34.0,1.929,1.715,1.822,638600.771245,3863673.532722,87.8,105.6,33.8,23.5,27.1,13.5,89.64,0.1116,75.7,2,3840,0
972,0.4467,4094.0,1837.0,4118.0,1860.0,24.0,23.0,23.5,1.286,1.233,1.259,638584.158232,3863613.810739,134.1,137.7,63.6,22.3,23.4,16.3,77.72,0.0173,111.8,2,3840,0
973,0.4466,4148.0,432.0,4184.0,466.0,36.0,34.0,35.0,1.929,1.822,1.876,638587.373654,3863688.804831,122.4,123.6,55.0,21.7,25.9,16.5,69.84,0.0064,100.3,2,3840,0
974,0.4447,4863.0,1499.0,4903.0,1536.0,40.0,37.0,38.5,2.144,1.983,2.063,638625.797945,3863631.54782,78.9,91.2,32.7,18.1,21.5,12.9,70.81,0.0891,67.6,2,3840,0
975,0.4441,4693.0,1834.0,4719.0,1858.0,26.0,24.0,25.0,1.393,1.286,1.34,638616.31245,3863613.944705,119.3,131.2,49.1,22.9,24.4,20.4,93.95,0.0589,99.9,2,3840,0
976,0.4435,4060.0,1937.0,4100.0,1969.0,40.0,32.0,36.0,2.144,1.715,1.929,638582.764883,3863608.210966,106.9,114.4,46.2,26.3,25.3,20.1,75.74,0.0431,89.2,2,3840,0
977,0.443,4323.0,503.0,4344.0,524.0,21.0,21.0,21.0,1.125,1.125,1.125,638596.35004,3863685.348511,114.0,129.8,37.4,24.5,23.4,15.7,108.18,0.0764,93.7,2,3840,0
978,0.4425,4493.0,1295.0,4531.0,1331.0,38.0,36.0,37.0,2.036,1.929,1.983,638605.91592,3863642.506228,116.9,121.7,46.5,27.2,28.4,17.3,79.88,0.0247,95.0,2,3840,0
979,0.4423,4794.0,1938.0,4822.0,1963.0,28.0,25.0,26.5,1.5,1.34,1.42,638621.778667,3863608.344932,108.7,122.2,41.2,20.8,21.5,15.7,94.52,0.0712,90.7,2,3840,0
980,0.4416,4681.0,1032.0,4708.0,1058.0,27.0,26.0,26.5,1.447,1.393,1.42,638615.696161,3863656.867368,90.9,106.2,42.0,18.7,23.9,12.1,79.46,0.0987,79.7,2,3840,0
981,0.4413,4064.0,1431.0,4097.0,1462.0,33.0,31.0,32.0,1.768,1.661,1.715,638582.791678,3863635.35245,97.5,108.1,38.3,18.7,23.1,11.1,80.35,0.0633,81.3,2,3840,0
982,0.4412,4625.0,428.0,4644.0,449.0,19.0,21.0,20.0,1.018,1.125,1.072,638612.480739,3863689.367487,92.6,98.6,43.9,12.7,15.9,9.2,60.78,0.041,78.4,2,3840,0
983,0.4405,4680.0,1387.0,4711.0,1413.0,31.0,26.0,28.5,1.661,1.393,1.527,638615.749751,3863637.844215,108.3,121.2,48.7,18.9,20.0,15.3,85.3,0.0711,92.8,2,3840,0
984,0.4402,5010.0,1192.0,5054.0,1230.0,44.0,38.0,41.0,2.358,2.036,2.197,638633.782909,3863647.972035,100.2,108.5,37.1,24.3,25.2,16.9,79.72,0.0486,81.9,2,3840,0
985,0.4397,4176.0,977.0,4213.0,1011.0,37.0,34.0,35.5,1.983,1.822,1.902,638588.900979,3863659.600272,106.5,118.5,42.7,23.5,24.9,16.5,87.79,0.0659,89.2,2,3840,0
986,0.4389,4623.0,1448.0,4653.0,1476.0,30.0,28.0,29.0,1.608,1.5,1.554,638612.668306,3863634.521862,123.8,131.9,59.5,28.1,29.2,19.8,80.6,0.0414,105.1,2,3840,0
987,0.4387,4365.0,1958.0,4409.0,1994.0,44.0,36.0,40.0,2.358,1.929,2.144,638599.217124,3863606.97848,94.2,107.2,40.1,24.9,25.6,18.7,80.04,0.0804,80.5,2,3840,0
988,0.4386,4033.0,1662.0,4065.0,1695.0,32.0,33.0,32.5,1.715,1.768,1.742,638581.103581,3863622.920418,148.2,141.9,83.3,34.8,31.8,38.1,52.34,-0.0303,124.5,2,3840,0
989,0.4351,5111.0,1894.0,5139.0,1920.0,28.0,26.0,27.0,1.5,1.393,1.447,638638.766813,3863610.675938,105.5,117.8,46.7,21.8,22.0,16.0,83.33,0.0694,90.0,2,3840,0
990,0.435,4305.0,382.0,4331.0,409.0,26.0,27.0,26.5,1.393,1.447,1.42,638595.519389,3863691.6717,122.3,134.4,46.5,25.4,24.7,17.9,100.01,0.0574,101.1,2,3840,0
991,0.4342,4372.0,1502.0,4415.0,1540.0,43.0,38.0,40.5,2.304,2.036,2.17,638599.565462,3863631.360268,107.1,112.6,49.7,24.9,27.7,21.7,68.31,0.0318,89.8,2,3840,0
992,0.4335,4107.0,1556.0,4140.0,1584.0,33.0,28.0,30.5,1.768,1.5,1.634,638585.096064,3863628.734537,128.9,138.9,54.5,28.8,28.4,19.6,94.48,0.0469,107.4,2,3840,0
993,0.4331,4840.0,1092.0,4866.0,1116.0,26.0,24.0,25.0,1.393,1.286,1.34,638624.190234,3863653.705774,138.5,148.3,61.1,24.9,25.6,16.0,96.92,0.0433,116.0,2,3840,0
994,0.433,4501.0,448.0,4521.0,469.0,20.0,21.0,20.5,1.072,1.125,1.099,638605.862329,3863688.29576,114.1,124.9,46.4,24.6,30.0,14.3,89.43,0.0565,95.1,2,3840,0
995,0.4327,4189.0,1194.0,4232.0,1236.0,43.0,42.0,42.5,2.304,2.251,2.278,638589.758425,3863647.757689,115.3,126.4,48.6,26.4,26.1,17.8,88.9,0.0574,96.8,2,3840,0
996,0.4323,4918.0,1713.0,4963.0,1745.0,45.0,32.0,38.5,2.411,1.715,2.063,638628.87939,3863620.214308,113.6,124.9,55.1,26.4,27.3,25.8,81.18,0.0618,97.9,2,3840,0
997,0.4318,4098.0,1511.0,4132.0,1544.0,34.0,33.0,33.5,1.822,1.768,1.795,638584.640545,3863631.011956,110.6,123.1,45.4,25.1,26.1,17.2,90.17,0.0662,93.0,2,3840,0
998,0.4313,4090.0,519.0,4125.0,554.0,35.0,35.0,35.0,1.876,1.876,1.876,638584.238618,3863684.116025,126.4,131.1,54.8,21.3,25.8,14.6,81.08,0.0234,104.1,2,3840,0
999,0.4305,4965.0,1325.0,4974.0,1356.0,9.0,31.0,20.0,0.482,1.661,1.072,638630.433511,3863641.032603,104.3,103.5,48.6,19.8,27.3,13.9,54.06,-0.005,85.5,2,3840,0
1000,0.4303,4134.0,853.0,4157.0,876.0,23.0,23.0,23.0,1.233,1.233,1.233,638586.275052,3863666.539704,122.5,124.8,54.2,32.0,38.4,18.1,72.94,0.012,100.5,2,3840,0
1001,0.4302,3926.0,1145.0,3944.0,1164.0,18.0,19.0,18.5,0.965,1.018,0.991,638574.99428,3863650.999663,155.9,154.7,139.3,29.5,29.7,28.1,14.24,-0.0068,150.0,2,3840,0
1002,0.4297,4217.0,1930.0,4254.0,1969.0,37.0,39.0,38.0,1.983,2.09,2.036,638591.098184,3863608.398518,123.7,124.0,56.7,19.7,20.4,24.6,67.6,0.0016,101.4,2,3840,0
1003,0.4292,3965.0,1493.0,3993.0,1522.0,28.0,29.0,28.5,1.5,1.554,1.527,638577.352256,3863632.083683,136.2,140.2,57.1,22.4,26.4,19.2,87.22,0.0186,111.2,2,3840,0
1004,0.4292,4254.0,1152.0,4284.0,1183.0,30.0,31.0,30.5,1.608,1.661,1.634,638592.893461,3863650.303041,130.7,142.5,57.5,20.0,21.2,18.6,96.67,0.0544,110.3,2,3840,0
1005,0.4291,4271.0,1750.0,4300.0,1778.0,29.0,28.0,28.5,1.554,1.5,1.527,638593.777702,3863618.338785,112.9,121.5,53.7,20.1,23.5,14.4,76.39,0.0474,96.1,2,3840,0
1006,0.4285,4706.0,1644.0,4745.0,1681.0,39.0,37.0,38.0,2.09,1.983,2.036,638617.357462,3863623.7778,102.6,110.5,43.7,18.2,19.3,13.8,74.71,0.0466,85.6,2,3840,0
1007,0.4277,3946.0,794.0,3968.0,814.0,22.0,20.0,21.0,1.179,1.072,1.125,638576.173268,3863669.781678,119.4,133.4,44.1,24.0,22.1,18.0,103.38,0.067,99.0,2,3840,0
1008,0.4275,5106.0,1816.0,5133.0,1850.0,27.0,34.0,30.5,1.447,1.822,1.634,638638.472066,3863614.641328,167.5,169.4,152.2,37.4,40.7,45.6,19.14,0.0105,163.0,2,3840,0
1009,0.4267,5475.0,2010.0,5524.0,2047.0,49.0,37.0,43.0,2.626,1.983,2.304,638658.836404,3863604.165197,140.0,124.6,113.0,37.0,35.2,38.2,-3.81,-0.1015,125.9,2,3840,0
1010,0.4262,3900.0,1445.0,3936.0,1480.0,36.0,35.0,35.5,1.929,1.876,1.902,638574.083244,3863634.495069,125.0,134.0,58.9,23.3,22.6,18.8,84.14,0.045,106.0,2,3840,0
1011,0.4261,5195.0,1763.0,5239.0,1806.0,44.0,43.0,43.5,2.358,2.304,2.331,638643.697126,3863617.240265,129.4,131.5,55.4,27.2,29.9,18.6,78.23,0.0102,105.4,2,3840,0
1012,0.4257,4030.0,1489.0,4051.0,1510.0,21.0,21.0,21.0,1.125,1.125,1.125,638580.648063,3863632.512374,121.7,125.3,56.5,20.6,19.9,17.3,72.42,0.019,101.1,2,3840,0
1013,0.4255,3850.0,673.0,3883.0,707.0,33.0,34.0,33.5,1.768,1.822,1.795,638571.32334,3863675.890521,106.4,116.1,45.8,20.0,21.6,14.5,80.05,0.0551,89.4,2,3840,0
1014,0.4244,4996.0,1946.0,5023.0,1975.0,27.0,29.0,28.0,1.447,1.554,1.5,638632.577126,3863607.809068,108.6,112.6,57.0,18.4,23.6,14.0,59.63,0.0244,92.7,2,3840,0
1015,0.424,4530.0,1542.0,4566.0,1578.0,36.0,36.0,36.0,1.929,1.929,1.929,638607.845173,3863629.2704,94.7,106.7,39.2,17.7,19.3,12.3,79.45,0.0738,80.2,2,3840,0
1016,0.4225,4217.0,246.0,4241.0,271.0,24.0,25.0,24.5,1.286,1.34,1.313,638590.749847,3863699.01303,125.0,134.3,45.6,19.8,22.5,16.0,98.06,0.0435,101.6,2,3840,0
1017,0.4223,4329.0,545.0,4354.0,570.0,25.0,25.0,25.0,1.34,1.34,1.34,638596.778763,3863682.990712,129.0,124.9,61.5,23.4,29.0,16.6,59.18,-0.0217,105.1,2,3840,0
1018,0.422,4090.0,1273.0,4120.0,1301.0,30.0,28.0,29.0,1.608,1.5,1.554,638584.104642,3863643.899473,89.4,97.5,39.2,21.6,22.7,16.8,66.47,0.0551,75.4,2,3840,0
1019,0.4218,4151.0,1781.0,4186.0,1818.0,35.0,37.0,36.0,1.876,1.983,1.929,638587.50763,3863616.43647,128.0,132.6,59.5,25.6,26.5,20.3,77.64,0.0229,106.7,2,3840,0
1020,0.4217,5115.0,1253.0,5136.0,1274.0,21.0,21.0,21.0,1.125,1.125,1.125,638638.793608,3863645.158752,119.9,120.4,61.9,20.5,18.6,19.3,58.91,0.0028,100.7,2,3840,0
1021,0.4215,4423.0,751.0,4467.0,786.0,44.0,35.0,39.5,2.358,1.876,2.117,638602.325365,3863671.683993,124.7,134.5,56.5,26.4,29.3,18.4,87.85,0.0485,105.2,2,3840,0
1022,0.4209,3963.0,931.0,4000.0,968.0,37.0,37.0,37.0,1.983,1.983,1.983,638577.486232,3863661.984864,110.6,119.5,57.7,18.7,23.2,13.6,70.8,0.0518,95.9,2,3840,0
1023,0.4199,4449.0,463.0,4472.0,488.0,23.0,25.0,24.0,1.233,1.34,1.286,638603.156016,3863687.384792,130.7,143.1,50.7,26.6,28.3,17.7,104.85,0.0556,108.2,2,3840,0
1024,0.4195,4355.0,1800.0,4382.0,1828.0,27.0,28.0,27.5,1.447,1.5,1.474,638598.225703,3863615.659468,125.1,128.9,52.2,24.8,29.4,16.4,80.52,0.0188,102.1,2,3840,0
1025,0.4185,4947.0,849.0,4969.0,870.0,22.0,21.0,21.5,1.179,1.125,1.152,638629.817222,3863666.807636,123.7,129.9,47.8,24.5,23.8,21.0,88.35,0.0301,100.5,2,3840,0
1026,0.4174,4927.0,813.0,4956.0,842.0,29.0,29.0,29.0,1.554,1.554,1.554,638628.932981,3863668.522399,108.6,117.8,45.8,22.4,25.7,14.2,81.24,0.0509,90.8,2,3840,0
1027,0.4164,3899.0,1175.0,3934.0,1209.0,35.0,34.0,34.5,1.876,1.822,1.849,638574.002858,3863648.990175,111.5,117.4,45.4,21.0,20.4,15.7,77.88,0.0321,91.4,2,3840,0
1028,0.4157,4998.0,955.0,5029.0,987.0,31.0,32.0,31.5,1.661,1.715,1.688,638632.791487,3863660.832758,124.6,130.6,55.4,35.5,30.6,36.8,81.29,0.0303,103.5,2,3840,0
1029,0.4156,4342.0,1247.0,4368.0,1274.0,26.0,27.0,26.5,1.393,1.447,1.42,638597.502233,3863645.319511,136.9,151.3,58.6,28.7,24.4,25.6,107.07,0.0626,115.6,2,3840,0
1030,0.4151,4189.0,1862.0,4211.0,1883.0,22.0,21.0,21.5,1.179,1.125,1.152,638589.195726,3863612.524667,136.8,141.3,63.0,23.2,24.1,16.1,82.8,0.0208,113.7,2,3840,0
1031,0.4148,4215.0,1730.0,4228.0,1756.0,13.0,26.0,19.5,0.697,1.393,1.045,638590.347919,3863619.464099,125.7,132.9,48.5,19.3,22.1,14.2,91.65,0.0343,102.4,2,3840,0
1032,0.4143,4700.0,661.0,4726.0,687.0,26.0,26.0,26.0,1.393,1.393,1.393,638616.687583,3863676.747903,105.2,111.6,42.4,21.2,28.1,13.1,75.52,0.0363,86.4,2,3840,0
1033,0.4143,5041.0,1085.0,5068.0,1112.0,27.0,27.0,27.0,1.447,1.447,1.447,638634.988692,3863654.000499,124.0,124.7,55.3,24.1,24.9,18.2,70.13,0.0038,101.3,2,3840,0
1034,0.4138,3849.0,1937.0,3875.0,1963.0,26.0,26.0,26.0,1.393,1.393,1.393,638571.082184,3863608.371725,123.9,129.2,58.9,24.3,26.0,21.2,75.62,0.0273,104.0,2,3840,0
1035,0.4129,4941.0,1762.0,4983.0,1800.0,42.0,38.0,40.0,2.251,2.036,2.144,638630.031583,3863617.427818,109.7,119.9,46.5,25.3,30.0,15.2,83.61,0.0557,92.0,2,3840,0
1036,0.4114,3944.0,1103.0,3973.0,1129.0,29.0,26.0,27.5,1.554,1.393,1.474,638576.253654,3863653.062738,105.7,115.8,45.6,23.7,26.4,17.0,80.37,0.0574,89.0,2,3840,0
1037,0.4111,4810.0,1043.0,4851.0,1081.0,41.0,38.0,39.5,2.197,2.036,2.117,638622.98445,3863655.9564,100.3,112.8,48.4,18.7,21.7,12.5,77.04,0.0764,87.2,2,3840,0
1038,0.4107,4108.0,557.0,4138.0,586.0,30.0,29.0,29.5,1.608,1.554,1.581,638585.069268,3863682.240503,136.9,139.8,59.6,28.1,34.5,14.7,83.15,0.0135,112.1,2,3840,0
1039,0.4095,5458.0,1964.0,5484.0,1988.0,26.0,24.0,25.0,1.393,1.286,1.34,638657.309078,3863606.97848,113.6,123.1,47.8,19.1,19.3,17.2,84.8,0.0503,94.8,2,3840,0
1040,0.4086,4782.0,783.0,4820.0,818.0,38.0,35.0,36.5,2.036,1.876,1.956,638621.403535,3863669.96923,119.9,130.3,43.0,26.8,25.5,16.5,97.65,0.0499,97.7,2,3840,0
1041,0.4085,4275.0,909.0,4308.0,938.0,33.0,29.0,31.0,1.768,1.554,1.661,638594.099245,3863663.378109,145.5,153.5,62.9,22.3,24.0,14.6,98.49,0.0335,120.6,2,3840,0
1042,0.4078,4162.0,1672.0,4190.0,1702.0,28.0,30.0,29.0,1.5,1.608,1.554,638587.909558,3863622.464934,123.5,127.8,59.7,22.9,27.8,18.8,72.52,0.0228,103.7,2,3840,0
1043,0.4078,5096.0,1396.0,5139.0,1436.0,43.0,40.0,41.5,2.304,2.144,2.224,638638.364885,3863636.986834,120.7,128.2,38.1,29.0,28.4,19.6,97.61,0.0356,95.7,2,3840,0
1044,0.4075,4093.0,2037.0,4125.0,2047.0,32.0,10.0,21.0,1.715,0.536,1.125,638584.319003,3863603.441781,126.4,128.7,71.7,24.1,23.9,31.0,59.39,0.0129,108.9,2,3840,0
1045,0.4072,4334.0,458.0,4358.0,481.0,24.0,23.0,23.5,1.286,1.233,1.259,638597.019919,3863687.706311,99.1,111.9,36.8,20.9,23.3,14.1,87.9,0.0734,82.6,2,3840,0
1046,0.4068,4674.0,698.0,4697.0,722.0,23.0,24.0,23.5,1.233,1.286,1.259,638615.213848,3863674.818794,105.9,119.4,44.5,18.2,19.5,13.9,88.57,0.0752,89.9,2,3840,0
1047,0.4068,4284.0,318.0,4304.0,340.0,20.0,22.0,21.0,1.072,1.179,1.125,638594.233221,3863695.235192,155.2,141.2,120.0,26.4,28.2,28.1,7.19,-0.0793,138.8,2,3840,0
1048,0.4068,4200.0,700.0,4230.0,719.0,30.0,19.0,24.5,1.608,1.018,1.313,638589.999582,3863674.845587,125.6,131.4,48.4,23.8,27.9,14.5,88.78,0.0276,101.8,2,3840,0
1049,0.4066,4015.0,700.0,4045.0,730.0,30.0,30.0,30.0,1.608,1.608,1.608,638580.085365,3863674.550863,126.5,134.8,50.2,22.9,25.6,16.8,92.92,0.0393,103.9,2,3840,0
1050,0.406,4338.0,891.0,4375.0,925.0,37.0,34.0,35.5,1.983,1.822,1.902,638597.582618,3863664.208698,119.9,131.3,48.3,29.6,31.8,16.2,94.57,0.0566,99.8,2,3840,0
1051,0.4058,3848.0,1693.0,3875.0,1718.0,27.0,25.0,26.0,1.447,1.34,1.393,638571.055388,3863621.473587,112.0,113.2,50.4,22.8,22.9,18.7,64.09,0.0071,91.9,2,3840,0
1052,0.4046,3864.0,1450.0,3883.0,1469.0,19.0,19.0,19.0,1.018,1.018,1.018,638571.698473,3863634.655828,174.2,168.0,155.5,34.2,34.5,42.6,6.24,-0.0336,165.9,2,3840,0
1053,0.4042,4414.0,1424.0,4445.0,1446.0,31.0,22.0,26.5,1.661,1.179,1.42,638601.494715,3863635.968693,109.2,116.9,49.5,27.1,29.5,18.2,75.1,0.0439,91.9,2,3840,0
1054,0.404,4351.0,1579.0,4375.0,1602.0,24.0,23.0,23.5,1.286,1.233,1.259,638597.930956,3863627.636017,150.3,145.1,139.5,35.2,36.1,36.4,0.47,-0.0331,145.0,2,3840,0
1055,0.4038,4602.0,981.0,4629.0,1005.0,27.0,24.0,25.5,1.447,1.286,1.367,638611.462522,3863659.653858,116.1,130.3,47.1,31.2,32.4,18.8,97.46,0.0714,97.8,2,3840,0
1056,0.4036,4813.0,2027.0,4843.0,2047.0,30.0,20.0,25.0,1.608,1.072,1.34,638622.850475,3863603.709713,133.3,141.4,47.2,22.7,21.7,16.1,102.33,0.0356,107.3,2,3840,0
1057,0.4032,4305.0,1661.0,4339.0,1695.0,34.0,34.0,34.0,1.822,1.822,1.822,638595.733751,3863622.947211,127.1,134.6,57.7,27.4,28.6,20.9,84.32,0.0366,106.5,2,3840,0
1058,0.4029,3915.0,466.0,3937.0,487.0,22.0,21.0,21.5,1.179,1.125,1.152,638574.511967,3863687.331206,110.5,116.3,40.4,27.3,32.2,13.7,81.54,0.0308,89.1,2,3840,0
1059,0.4029,5157.0,1829.0,5191.0,1864.0,34.0,35.0,34.5,1.822,1.876,1.849,638641.39274,3863613.917912,109.5,114.9,50.6,24.4,25.8,16.9,69.7,0.0311,91.7,2,3840,0
1060,0.4027,4611.0,1018.0,4644.0,1050.0,33.0,32.0,32.5,1.768,1.715,1.742,638612.105607,3863657.456818,107.9,119.0,44.2,29.0,32.2,18.5,85.93,0.0607,90.4,2,3840,0
1061,0.402,4054.0,1561.0,4076.0,1581.0,22.0,20.0,21.0,1.179,1.072,1.125,638581.961027,3863628.68095,107.7,118.4,50.6,29.9,29.6,17.9,78.59,0.0613,92.2,2,3840,0
1062,0.4003,4951.0,1528.0,4989.0,1568.0,38.0,40.0,39.0,2.036,2.144,2.09,638630.460306,3863629.913436,114.8,130.4,44.6,27.7,28.3,15.8,101.48,0.0778,96.6,2,3840,0
1063,0.4002,4840.0,620.0,4867.0,648.0,27.0,28.0,27.5,1.447,1.5,1.474,638624.217029,3863678.891357,108.0,123.2,44.5,24.4,26.4,18.4,93.87,0.0815,91.9,2,3840,0
1064,0.4002,4434.0,1469.0,4462.0,1495.0,28.0,26.0,27.0,1.5,1.393,1.447,638602.486136,3863633.450135,101.8,111.0,54.0,19.1,18.8,18.4,66.16,0.0576,88.9,2,3840,0
1065,0.4001,5001.0,1990.0,5039.0,1999.0,38.0,9.0,23.5,2.036,0.482,1.259,638633.139824,3863605.987133,123.2,122.8,60.0,23.4,28.9,22.1,62.37,-0.0021,102.0,2,3840,0
1066,0.7396,1691.0,1970.0,1725.0,2001.0,34.0,31.0,32.5,1.822,1.661,1.742,638455.648541,3863606.46941,120.5,129.9,55.4,20.1,23.7,14.6,83.9,0.0485,101.9,3,0,1920
1067,0.7262,892.0,2294.0,927.0,2327.0,35.0,33.0,34.0,1.876,1.768,1.822,638412.856636,3863589.053847,132.0,143.3,49.7,30.7,32.9,20.0,104.74,0.0497,108.3,3,0,1920
1068,0.7217,1755.0,3409.0,1799.0,3452.0,44.0,43.0,43.5,2.358,2.304,2.331,638459.346276,3863529.03714,145.0,145.9,65.9,25.6,27.5,22.2,80.85,0.004,118.9,3,0,1920
1069,0.6931,1277.0,2106.0,1320.0,2147.0,43.0,41.0,42.0,2.304,2.197,2.251,638433.703287,3863598.913735,125.6,133.7,57.2,27.2,28.2,23.6,84.61,0.0402,105.5,3,0,1920
1070,0.6869,883.0,1975.0,922.0,2011.0,39.0,36.0,37.5,2.09,1.929,2.01,638412.481503,3863606.067512,145.7,152.8,55.3,30.2,32.8,19.0,104.47,0.0289,117.9,3,0,1920
1071,0.6855,389.0,2419.0,428.0,2458.0,39.0,39.0,39.0,2.09,2.09,2.09,638386.007863,3863582.194795,129.9,137.6,46.3,28.0,33.1,15.2,98.95,0.0346,104.6,3,0,1920
1072,0.6819,808.0,2348.0,835.0,2375.0,27.0,27.0,27.0,1.447,1.447,1.447,638408.140684,3863586.320944,128.7,129.4,55.4,27.1,27.5,17.1,74.61,0.0035,104.5,3,0,1920
1073,0.6802,696.0,3201.0,724.0,3229.0,28.0,28.0,28.0,1.5,1.5,1.5,638402.165358,3863540.584997,139.5,148.2,48.7,26.6,27.6,16.0,108.34,0.0368,112.1,3,0,1920
1074,0.6738,1307.0,3435.0,1338.0,3465.0,31.0,30.0,30.5,1.661,1.608,1.634,638434.989456,3863527.992206,146.0,147.4,55.8,32.2,34.2,20.4,93.04,0.0059,116.4,3,0,1920
1075,0.6706,615.0,2779.0,641.0,2806.0,26.0,27.0,26.5,1.393,1.447,1.42,638397.770948,3863563.225229,170.6,152.9,140.0,26.9,27.0,32.0,-4.8,-0.0965,154.5,3,0,1920
1076,0.6671,1307.0,2199.0,1340.0,2227.0,33.0,28.0,30.5,1.768,1.5,1.634,638435.043046,3863594.278516,125.5,130.7,58.7,22.6,25.4,13.3,77.11,0.0262,105.0,3,0,1920
1077,0.6605,911.0,2346.0,937.0,2370.0,26.0,24.0,25.0,1.393,1.286,1.34,638413.633696,3863586.508496,144.0,152.7,53.4,29.5,31.5,18.6,107.97,0.0358,116.7,3,0,1920
1078,0.6578,1632.0,2807.0,1678.0,2846.0,46.0,39.0,42.5,2.465,2.09,2.278,638452.808251,3863561.403293,129.7,131.3,63.1,23.5,26.8,18.2,69.77,0.0079,108.0,3,0,1920
1079,0.6572,452.0,2392.0,478.0,2418.0,26.0,26.0,26.0,1.393,1.393,1.393,638389.035719,3863583.989938,127.8,133.7,51.1,20.2,26.5,15.4,88.6,0.0284,104.2,3,0,1920
1080,0.6552,1929.0,3534.0,1967.0,3571.0,38.0,37.0,37.5,2.036,1.983,2.01,638468.510228,3863522.499605,141.3,143.3,58.1,31.7,31.2,19.1,87.33,0.0091,114.2,3,0,1920
1081,0.654,1093.0,2658.0,1125.0,2685.0,32.0,27.0,29.5,1.715,1.447,1.581,638423.547913,3863569.709176,123.7,129.3,49.1,30.9,31.3,22.1,85.78,0.0274,100.7,3,0,1920
1082,0.6518,1180.0,2912.0,1212.0,2942.0,32.0,30.0,31.0,1.715,1.608,1.661,638428.210275,3863556.017865,154.9,155.7,66.5,29.0,27.2,21.0,90.08,0.0033,125.7,3,0,1920
1083,0.6386,1464.0,2377.0,1503.0,2413.0,39.0,36.0,37.5,2.09,1.929,2.01,638443.617504,3863584.525801,128.8,128.9,55.6,23.8,27.6,15.8,73.49,0.0007,104.4,3,0,1920
1084,0.6353,1290.0,3393.0,1324.0,3426.0,34.0,33.0,33.5,1.822,1.768,1.795,638434.158805,3863530.162453,129.8,131.7,45.6,31.3,33.3,20.3,88.14,0.0092,102.4,3,0,1920
1085,0.6325,1799.0,1957.0,1837.0,1992.0,38.0,35.0,36.5,2.036,1.876,1.956,638461.543481,3863607.05886,129.2,131.1,58.9,26.2,28.9,19.5,74.12,0.0096,106.4,3,0,1920
1086,0.6292,1002.0,2911.0,1032.0,2941.0,30.0,30.0,30.0,1.608,1.608,1.608,638418.6176,3863556.071451,155.3,160.0,56.2,34.2,32.1,22.3,108.55,0.0182,123.9,3,0,1920
1087,0.6278,761.0,2356.0,785.0,2378.0,24.0,22.0,23.0,1.286,1.179,1.233,638405.541551,3863586.026219,144.9,149.8,43.0,31.3,33.3,17.9,111.73,0.0194,112.6,3,0,1920
1088,0.6253,322.0,2119.0,354.0,2150.0,32.0,31.0,31.5,1.715,1.661,1.688,638382.229743,3863598.485044,132.7,141.3,52.1,24.0,25.9,19.7,97.65,0.0385,108.7,3,0,1920
1089,0.6236,1300.0,3128.0,1332.0,3157.0,32.0,29.0,30.5,1.715,1.554,1.634,638434.641118,3863544.470007,136.5,141.2,53.2,29.8,34.1,18.3,92.82,0.0212,110.3,3,0,1920
1090,0.6224,452.0,2499.0,490.0,2535.0,38.0,36.0,37.0,2.036,1.929,1.983,638389.357261,3863577.988267,145.2,145.1,67.8,29.3,30.3,21.7,77.15,-0.0007,119.4,3,0,1920
1091,0.62,378.0,2600.0,411.0,2632.0,33.0,32.0,32.5,1.768,1.715,1.742,638385.257598,3863572.683219,128.2,133.6,47.1,27.7,28.5,17.0,91.9,0.0253,103.0,3,0,1920
1092,0.619,1812.0,3723.0,1853.0,3760.0,41.0,37.0,39.0,2.197,1.983,2.09,638462.320541,3863512.371786,150.6,148.2,67.3,27.5,29.3,20.1,78.41,-0.0108,122.0,3,0,1920
1093,0.617,716.0,2290.0,751.0,2323.0,35.0,33.0,34.0,1.876,1.768,1.822,638403.424732,3863589.268193,134.7,141.9,49.5,22.2,24.7,20.4,99.61,0.0316,108.7,3,0,1920
1094,0.6147,901.0,2218.0,941.0,2253.0,40.0,35.0,37.5,2.144,1.876,2.01,638413.472925,3863593.072823,129.3,138.2,50.8,34.6,36.2,19.0,96.38,0.0414,106.1,3,0,1920
1095,0.6116,314.0,2176.0,346.0,2206.0,32.0,30.0,31.0,1.715,1.608,1.661,638381.80102,3863595.457416,111.4,121.3,41.4,28.2,27.4,16.6,89.67,0.0514,91.4,3,0,1920
1096,0.61,791.0,2309.0,816.0,2335.0,25.0,26.0,25.5,1.34,1.393,1.367,638407.176057,3863588.437604,120.3,123.7,52.2,23.2,24.3,20.0,74.88,0.0177,98.7,3,0,1920
1097,0.6099,1430.0,3606.0,1457.0,3629.0,27.0,23.0,25.0,1.447,1.233,1.34,638441.47389,3863519.016493,138.7,148.1,44.4,28.8,30.7,17.4,113.14,0.0389,110.4,3,0,1920
1098,0.6097,391.0,2347.0,418.0,2378.0,27.0,31.0,29.0,1.447,1.661,1.554,638385.793502,3863586.267357,145.5,150.1,61.6,22.0,27.7,20.6,93.17,0.0198,119.1,3,0,1920
1099,0.6081,1199.0,1982.0,1229.0,2009.0,30.0,27.0,28.5,1.608,1.447,1.527,638429.174901,3863605.933546,133.5,136.3,64.0,23.7,29.5,15.9,75.28,0.0141,111.3,3,0,1920
1100,0.6074,896.0,3100.0,922.0,3125.0,26.0,25.0,25.5,1.393,1.34,1.367,638412.82984,3863546.077598,149.1,154.0,69.5,33.5,32.0,31.4,89.37,0.0209,124.2,3,0,1920
1101,0.6049,1180.0,3041.0,1212.0,3068.0,32.0,27.0,29.5,1.715,1.447,1.581,638428.210275,3863549.185606,163.0,161.8,65.8,32.2,35.3,23.4,94.8,-0.0048,130.2,3,0,1920
1102,0.6031,606.0,3078.0,631.0,3103.0,25.0,25.0,25.0,1.34,1.34,1.34,638397.26184,3863547.256497,151.5,152.2,61.5,34.2,39.3,20.6,91.45,0.0031,121.8,3,0,1920
1103,0.6018,783.0,2396.0,809.0,2420.0,26.0,24.0,25.0,1.393,1.286,1.34,638406.774129,3863583.829179,134.7,135.4,53.2,19.3,20.0,16.3,82.83,0.0029,107.8,3,0,1920
1104,0.6011,849.0,2329.0,869.0,2349.0,20.0,20.0,20.0,1.072,1.072,1.072,638410.150322,3863587.526636,133.4,139.6,55.3,27.1,30.9,14.6,90.52,0.0284,109.4,3,0,1920
1105,0.5992,1283.0,2827.0,1329.0,2867.0,46.0,40.0,43.0,2.465,2.144,2.304,638434.105215,3863560.304773,157.3,151.6,71.2,24.9,25.6,22.5,74.78,-0.0239,126.7,3,0,1920
1106,0.5985,1522.0,3196.0,1559.0,3230.0,37.0,34.0,35.5,1.983,1.822,1.902,638446.672155,3863540.69217,113.0,117.3,49.5,24.9,25.9,18.5,72.08,0.0236,93.2,3,0,1920
1107,0.5984,626.0,2458.0,661.0,2491.0,35.0,33.0,34.0,1.876,1.768,1.822,638398.601599,3863580.265687,140.1,144.1,59.5,30.9,31.4,21.3,88.5,0.0176,114.6,3,0,1920
1108,0.5946,750.0,1920.0,790.0,1952.0,40.0,32.0,36.0,2.144,1.715,1.929,638405.38078,3863609.121934,127.7,140.5,41.6,24.4,24.3,17.6,111.68,0.0565,103.2,3,0,1920
1109,0.5945,1820.0,3497.0,1846.0,3525.0,26.0,28.0,27.0,1.393,1.5,1.447,638462.347336,3863524.723439,163.9,160.0,157.5,25.7,27.8,29.2,-1.26,-0.0229,160.5,3,0,1920
1110,0.5945,671.0,2028.0,699.0,2055.0,28.0,27.0,27.5,1.5,1.447,1.474,638400.825599,3863603.468574,104.4,105.7,45.0,21.9,22.3,14.4,62.06,0.008,85.1,3,0,1920
1111,0.5943,1285.0,2295.0,1320.0,2324.0,35.0,29.0,32.0,1.876,1.554,1.715,638433.917648,3863589.107434,119.1,125.3,52.4,20.4,21.7,16.8,79.1,0.0322,98.9,3,0,1920
1112,0.5931,745.0,2230.0,774.0,2260.0,29.0,30.0,29.5,1.554,1.608,1.581,638404.818081,3863592.563753,137.9,144.0,54.1,34.6,35.5,24.0,95.95,0.0267,112.0,3,0,1920
1113,0.5916,1731.0,2328.0,1758.0,2358.0,27.0,30.0,28.5,1.447,1.608,1.527,638457.604589,3863587.312291,186.5,180.0,153.7,31.9,32.3,42.0,19.82,-0.0306,173.4,3,0,1920
1114,0.5896,1088.0,2466.0,1119.0,2497.0,31.0,31.0,31.0,1.661,1.661,1.661,638423.253166,3863579.890582,122.6,126.1,54.5,28.0,34.0,19.6,75.15,0.018,101.1,3,0,1920
1115,0.5884,1475.0,3730.0,1510.0,3763.0,35.0,33.0,34.0,1.876,1.768,1.822,638444.099817,3863512.103854,127.9,134.8,38.9,32.4,30.7,19.4,102.71,0.0305,100.5,3,0,1920
1116,0.5873,473.0,1922.0,499.0,1947.0,26.0,25.0,25.5,1.393,1.34,1.367,638390.161117,3863609.202313,121.4,131.7,41.2,25.3,26.1,16.4,100.75,0.0485,98.1,3,0,1920
1117,0.5862,926.0,2387.0,953.0,2412.0,27.0,25.0,26.0,1.447,1.34,1.393,638414.464346,3863584.284663,142.6,146.8,57.6,28.5,30.8,15.4,93.35,0.0181,115.7,3,0,1920
1118,0.586,1787.0,3486.0,1812.0,3512.0,25.0,26.0,25.5,1.34,1.393,1.367,638460.552059,3863525.366475,120.5,125.8,57.4,19.9,19.7,12.8,73.71,0.0281,101.2,3,0,1920
1119,0.5848,1326.0,2003.0,1360.0,2038.0,34.0,35.0,34.5,1.822,1.876,1.849,638436.088058,3863604.593888,134.6,139.3,64.5,19.5,22.1,21.5,79.5,0.0223,112.8,3,0,1920
1120,0.5845,1537.0,2271.0,1587.0,2313.0,50.0,42.0,46.0,2.679,2.251,2.465,638447.824348,3863590.045195,128.5,131.0,54.3,29.0,33.2,18.1,79.24,0.0123,104.6,3,0,1920
1121,0.5816,684.0,2148.0,709.0,2171.0,25.0,23.0,24.0,1.34,1.233,1.286,638401.441888,3863597.145386,146.7,152.6,49.6,25.9,28.2,13.2,108.8,0.0234,116.3,3,0,1920
1122,0.5798,1571.0,3289.0,1604.0,3321.0,33.0,32.0,32.5,1.768,1.715,1.742,638449.190902,3863535.762226,149.2,144.7,61.3,24.8,26.9,17.3,78.87,-0.0194,118.4,3,0,1920
1123,0.5789,1512.0,3150.0,1549.0,3183.0,37.0,33.0,35.0,1.983,1.768,1.876,638446.136251,3863543.183935,135.9,142.5,55.4,26.9,28.6,17.0,93.73,0.0297,111.3,3,0,1920
1124,0.5785,733.0,2677.0,769.0,2708.0,36.0,31.0,33.5,1.929,1.661,1.795,638404.362563,3863568.583863,152.0,148.0,63.9,29.7,30.7,27.3,80.1,-0.0169,121.3,3,0,1920
1125,0.5774,1217.0,2306.0,1257.0,2340.0,40.0,34.0,37.0,2.144,1.822,1.983,638430.40748,3863588.384018,136.0,140.7,53.2,25.5,25.5,21.5,92.07,0.0207,110.0,3,0,1920
1126,0.5773,1416.0,3863.0,1448.0,3894.0,32.0,31.0,31.5,1.715,1.661,1.688,638440.8576,3863505.030457,152.1,154.7,56.3,30.4,29.7,20.9,101.07,0.0105,121.0,3,0,1920
1127,0.5768,1276.0,2051.0,1305.0,2078.0,29.0,27.0,28.0,1.554,1.447,1.5,638433.274564,3863602.236088,124.0,132.7,52.4,25.1,27.6,15.6,88.9,0.0424,103.1,3,0,1920
1128,0.5766,1709.0,3793.0,1735.0,3817.0,26.0,24.0,25.0,1.393,1.286,1.34,638456.398806,3863508.969053,144.1,154.9,44.4,30.7,29.0,18.7,121.35,0.0426,114.5,3,0,1920
1129,0.5747,741.0,2727.0,770.0,2754.0,29.0,27.0,28.0,1.554,1.447,1.5,638404.60372,3863566.011719,150.4,149.8,64.4,29.1,29.2,28.5,84.73,-0.0026,121.5,3,0,1920
1130,0.5744,1197.0,3613.0,1222.0,3637.0,25.0,24.0,24.5,1.34,1.286,1.313,638428.933745,3863518.614595,138.2,142.2,60.9,28.8,28.0,26.1,85.37,0.0183,113.7,3,0,1920
1131,0.5743,1836.0,2957.0,1866.0,2985.0,30.0,28.0,29.0,1.608,1.5,1.554,638463.311963,3863553.660066,124.3,130.6,53.3,31.0,29.2,25.2,83.5,0.031,102.8,3,0,1920
1132,0.5738,374.0,2141.0,407.0,2176.0,33.0,35.0,34.0,1.768,1.876,1.822,638385.043237,3863597.198972,137.4,139.6,56.0,25.6,30.6,19.3,85.76,0.0099,111.0,3,0,1920
1133,0.5735,1718.0,3331.0,1752.0,3362.0,34.0,31.0,32.5,1.822,1.661,1.742,638457.095481,3863533.538393,147.8,150.1,62.1,30.5,32.4,19.8,90.22,0.0096,120.0,3,0,1920
1134,0.572,782.0,3373.0,812.0,3402.0,30.0,29.0,29.5,1.608,1.554,1.581,638406.82772,3863531.341353,150.4,153.1,62.5,23.0,26.5,19.3,93.25,0.0112,122.0,3,0,1920
1135,0.5718,1444.0,3811.0,1491.0,3851.0,47.0,40.0,43.5,2.519,2.144,2.331,638442.760058,3863507.575808,139.3,148.3,58.3,30.4,33.3,20.3,98.9,0.039,115.3,3,0,1920
1136,0.5716,965.0,2183.0,1003.0,2218.0,38.0,35.0,36.5,2.036,1.876,1.956,638416.849118,3863594.948345,133.5,134.1,53.7,31.6,32.9,20.2,80.95,0.0027,107.1,3,0,1920
1137,0.5714,999.0,3444.0,1029.0,3472.0,30.0,28.0,29.0,1.608,1.5,1.554,638418.456829,3863527.563515,142.6,151.5,56.4,34.1,34.1,21.9,104.03,0.0376,116.8,3,0,1920
1138,0.5696,1011.0,2164.0,1041.0,2190.0,30.0,26.0,28.0,1.608,1.393,1.5,638419.099913,3863596.207625,112.9,124.3,45.0,24.4,25.5,16.5,90.6,0.0589,94.1,3,0,1920
1139,0.5693,1832.0,3112.0,1866.0,3146.0,34.0,34.0,34.0,1.822,1.822,1.822,638463.204782,3863545.193423,126.2,124.2,56.4,30.3,31.0,19.6,65.88,-0.0101,102.2,3,0,1920
1140,0.5692,1660.0,3835.0,1688.0,3862.0,28.0,27.0,27.5,1.5,1.447,1.474,638453.826468,3863506.638047,139.8,147.4,58.5,31.8,27.7,25.5,96.56,0.0333,115.3,3,0,1920
1141,0.5692,536.0,2402.0,564.0,2419.0,28.0,17.0,22.5,1.5,0.911,1.206,638393.5909,3863583.695213,114.9,124.5,47.1,22.4,29.5,14.8,87.0,0.0498,95.5,3,0,1920
1142,0.5687,983.0,2069.0,1023.0,2103.0,40.0,34.0,37.0,2.144,1.822,1.983,638417.867335,3863601.083982,127.9,137.4,49.6,34.4,32.8,21.6,97.26,0.044,104.9,3,0,1920
1143,0.5685,742.0,2522.0,765.0,2544.0,23.0,22.0,22.5,1.233,1.179,1.206,638404.496539,3863577.130885,158.4,160.7,62.3,31.8,32.0,23.9,100.67,0.0088,127.1,3,0,1920
1144,0.5684,1516.0,2196.0,1559.0,2235.0,43.0,39.0,41.0,2.304,2.09,2.197,638446.511384,3863594.14455,130.8,132.7,58.1,30.7,34.7,17.5,76.39,0.0088,107.2,3,0,1920
1145,0.5678,1717.0,3182.0,1748.0,3206.0,31.0,24.0,27.5,1.661,1.286,1.474,638456.961505,3863541.710311,134.4,146.7,45.0,25.4,25.7,15.7,114.06,0.0523,108.7,3,0,1920
1146,0.5677,957.0,2305.0,987.0,2334.0,30.0,29.0,29.5,1.608,1.554,1.581,638416.206033,3863588.57157,131.6,141.8,44.9,27.0,25.2,16.7,107.19,0.0447,106.1,3,0,1920
1147,0.5675,1257.0,1962.0,1299.0,2005.0,42.0,43.0,42.5,2.251,2.304,2.278,638432.604684,3863606.576583,118.1,128.4,51.5,23.2,24.5,16.8,87.2,0.0526,99.3,3,0,1920
1148,0.5666,1675.0,3383.0,1707.0,3411.0,32.0,28.0,30.0,1.715,1.5,1.608,638454.737505,3863530.832282,140.6,142.0,63.0,29.7,27.1,25.7,80.5,0.0066,115.2,3,0,1920
1149,0.5657,1259.0,2741.0,1296.0,2778.0,37.0,37.0,37.0,1.983,1.983,1.983,638432.577889,3863564.993578,137.1,141.8,62.9,31.2,29.0,24.9,83.52,0.0216,113.9,3,0,1920
1150,0.5645,1550.0,2947.0,1587.0,2981.0,37.0,34.0,35.5,1.983,1.822,1.902,638448.172685,3863554.03517,116.4,119.1,57.0,27.2,28.8,16.9,64.82,0.0151,97.5,3,0,1920
1151,0.5634,1696.0,3296.0,1730.0,3326.0,34.0,30.0,32.0,1.822,1.608,1.715,638455.916493,3863535.440708,111.2,120.0,44.6,28.8,28.4,20.9,84.26,0.0475,92.0,3,0,1920
1152,0.5633,1401.0,3376.0,1436.0,3410.0,35.0,34.0,34.5,1.876,1.822,1.849,638440.134131,3863531.046628,141.3,140.9,61.9,26.6,27.6,22.5,78.6,-0.0017,114.7,3,0,1920
1153,0.563,1457.0,2898.0,1496.0,2935.0,39.0,37.0,38.0,2.09,1.983,2.036,638443.242372,3863556.580522,146.9,149.9,63.1,33.5,32.3,36.0,89.84,0.013,120.0,3,0,1920
1154,0.5629,1894.0,3117.0,1926.0,3147.0,32.0,30.0,31.0,1.715,1.608,1.661,638466.473794,3863545.032664,117.3,122.3,49.1,30.2,30.1,20.8,78.1,0.0259,96.2,3,0,1920
1155,0.562,1395.0,3192.0,1421.0,3219.0,26.0,27.0,26.5,1.393,1.447,1.42,638439.571432,3863541.094068,143.3,141.5,52.6,27.5,28.1,21.6,87.09,-0.0077,112.4,3,0,1920
1156,0.5613,1559.0,3597.0,1588.0,3625.0,29.0,28.0,28.5,1.554,1.5,1.527,638448.440637,3863519.364804,141.1,143.5,56.6,34.2,35.0,20.5,89.28,0.0104,113.7,3,0,1920
1157,0.561,1454.0,3498.0,1492.0,3532.0,38.0,34.0,36.0,2.036,1.822,1.929,638443.054805,3863524.509093,123.4,130.2,44.4,32.9,30.4,22.7,92.65,0.0327,99.3,3,0,1920
1158,0.561,1848.0,3820.0,1880.0,3850.0,32.0,30.0,31.0,1.715,1.608,1.661,638464.008637,3863507.361463,126.9,131.1,51.5,33.2,30.0,31.1,83.9,0.0205,103.2,3,0,1920
1159,0.56,1111.0,2994.0,1136.0,3016.0,25.0,22.0,23.5,1.34,1.179,1.259,638424.324973,3863551.83813,131.9,138.3,44.1,33.7,35.7,17.7,100.6,0.0282,104.8,3,0,1920
1160,0.5599,1621.0,3754.0,1656.0,3783.0,35.0,29.0,32.0,1.876,1.554,1.715,638451.92401,3863510.924955,143.3,144.8,51.4,31.6,33.6,22.6,94.78,0.0061,113.2,3,0,1920
1161,0.5597,1551.0,2103.0,1582.0,2131.0,31.0,28.0,29.5,1.661,1.5,1.581,638448.065504,3863599.422805,151.7,160.8,64.2,22.6,22.8,23.5,105.71,0.0366,125.5,3,0,1920
1162,0.5594,1404.0,2406.0,1433.0,2419.0,29.0,13.0,21.0,1.554,0.697,1.125,638440.134131,3863583.58804,129.2,128.2,61.8,22.6,21.5,18.7,65.32,-0.0055,106.4,3,0,1920
1163,0.5591,1266.0,2946.0,1305.0,2980.0,39.0,34.0,36.5,2.09,1.822,1.956,638433.006612,3863554.088757,152.8,150.1,66.4,30.6,30.9,22.9,81.02,-0.0113,123.1,3,0,1920
1164,0.5589,567.0,2108.0,594.0,2133.0,27.0,25.0,26.0,1.447,1.34,1.393,638395.225406,3863599.235253,132.2,136.8,52.3,26.7,28.5,20.2,89.0,0.0208,107.1,3,0,1920
1165,0.5589,824.0,2259.0,847.0,2282.0,23.0,23.0,23.0,1.233,1.233,1.233,638408.890949,3863591.197301,135.3,133.0,63.0,22.3,23.3,18.2,67.71,-0.0112,110.5,3,0,1920
1166,0.5589,695.0,2601.0,726.0,2631.0,31.0,30.0,30.5,1.661,1.608,1.634,638402.192153,3863572.683219,134.0,134.3,59.8,29.4,30.1,21.9,74.82,0.0015,109.4,3,0,1920
1167,0.5586,1376.0,3292.0,1400.0,3316.0,24.0,24.0,24.0,1.286,1.286,1.286,638438.499624,3863535.815812,136.1,141.8,46.9,34.1,32.6,20.1,100.7,0.0248,108.3,3,0,1920
1168,0.5582,870.0,2539.0,896.0,2564.0,26.0,25.0,25.5,1.393,1.34,1.367,638411.436491,3863576.139538,143.2,145.0,52.0,28.6,26.8,24.6,94.78,0.0076,113.4,3,0,1920
1169,0.558,1099.0,2702.0,1133.0,2731.0,34.0,29.0,31.5,1.822,1.554,1.688,638423.923046,3863567.297791,111.8,116.8,52.2,26.9,27.4,18.9,69.58,0.0281,93.6,3,0,1920
1170,0.5565,1059.0,2867.0,1083.0,2891.0,24.0,24.0,24.0,1.286,1.286,1.286,638421.511479,3863558.59001,129.8,140.6,45.2,31.1,29.8,16.3,106.15,0.048,105.2,3,0,1920
1171,0.5553,1329.0,3170.0,1351.0,3190.0,22.0,20.0,21.0,1.179,1.072,1.125,638435.927287,3863542.460519,114.0,123.5,49.5,25.9,29.3,18.1,83.52,0.0506,95.7,3,0,1920
1172,0.5548,1846.0,3157.0,1878.0,3187.0,32.0,30.0,31.0,1.715,1.608,1.661,638463.901457,3863542.88921,107.7,112.2,49.2,23.1,24.5,17.1,67.62,0.0267,89.7,3,0,1920
1173,0.5542,434.0,2615.0,460.0,2638.0,26.0,23.0,24.5,1.393,1.233,1.313,638388.071092,3863572.120562,128.4,128.4,48.5,23.7,24.7,16.3,79.83,-0.0004,101.8,3,0,1920
1174,0.5538,1885.0,2147.0,1919.0,2179.0,34.0,32.0,33.0,1.822,1.715,1.768,638466.045071,3863596.957833,142.3,143.1,60.7,24.7,23.5,17.3,83.3,0.0038,115.4,3,0,1920
1175,0.5534,636.0,3169.0,669.0,3202.0,33.0,33.0,33.0,1.768,1.768,1.768,638399.083912,3863542.165795,176.7,161.8,146.9,27.0,28.3,28.6,-0.04,-0.0779,161.8,3,0,1920
1176,0.5527,1030.0,2478.0,1060.0,2507.0,30.0,29.0,29.5,1.608,1.554,1.581,638420.11813,3863579.301132,122.7,128.2,48.6,35.5,38.6,20.3,85.12,0.0272,99.8,3,0,1920
1177,0.5521,1156.0,3087.0,1194.0,3124.0,38.0,37.0,37.5,2.036,1.983,2.01,638427.084877,3863546.452702,158.1,157.6,67.9,25.9,27.2,22.3,89.24,-0.0021,127.9,3,0,1920
1178,0.5516,1358.0,3252.0,1391.0,3282.0,33.0,30.0,31.5,1.768,1.608,1.688,638437.776155,3863537.798507,134.9,138.6,56.7,27.9,31.7,17.4,85.69,0.0174,110.1,3,0,1920
1179,0.5515,1958.0,2072.0,1984.0,2099.0,26.0,27.0,26.5,1.393,1.447,1.42,638469.742806,3863601.110775,137.1,138.3,49.0,30.0,31.8,18.2,90.56,0.0055,108.1,3,0,1920
1180,0.5508,891.0,2103.0,915.0,2127.0,24.0,24.0,24.0,1.286,1.286,1.286,638412.508298,3863599.529978,122.6,140.8,40.6,23.6,23.3,15.3,118.42,0.0818,101.3,3,0,1920
1181,0.5502,1390.0,3782.0,1416.0,3808.0,26.0,26.0,26.0,1.393,1.393,1.393,638439.30348,3863509.504917,149.2,154.6,70.7,28.8,27.7,25.5,89.33,0.0233,124.8,3,0,1920
1182,0.5502,512.0,2514.0,537.0,2537.0,25.0,23.0,24.0,1.34,1.233,1.286,638392.224346,3863577.532783,111.8,118.6,54.7,23.4,25.1,16.6,70.7,0.0386,95.0,3,0,1920
1183,0.5494,1566.0,1992.0,1594.0,2022.0,28.0,30.0,29.0,1.5,1.608,1.554,638448.788974,3863605.317303,137.5,143.4,63.7,24.8,28.5,18.3,85.63,0.0272,114.9,3,0,1920
1184,0.5494,939.0,2059.0,961.0,2080.0,22.0,21.0,21.5,1.179,1.125,1.152,638415.027045,3863601.968157,136.5,147.4,54.7,30.5,34.3,17.3,103.65,0.0478,112.9,3,0,1920
1185,0.549,1522.0,2722.0,1555.0,2751.0,33.0,29.0,31.0,1.768,1.554,1.661,638446.564974,3863566.226064,113.8,117.1,55.8,20.4,22.7,16.1,64.57,0.0186,95.6,3,0,1920
1186,0.5486,322.0,2504.0,350.0,2532.0,28.0,28.0,28.0,1.5,1.5,1.5,638382.122562,3863577.934681,115.7,120.6,50.9,22.9,28.2,15.8,74.62,0.0265,95.7,3,0,1920
1187,0.5483,1176.0,2380.0,1205.0,2407.0,29.0,27.0,28.0,1.554,1.447,1.5,638427.915528,3863584.606181,126.9,132.9,55.8,34.6,33.9,23.9,83.06,0.0295,105.2,3,0,1920
1188,0.5472,669.0,2069.0,700.0,2097.0,31.0,28.0,29.5,1.661,1.5,1.581,638400.798804,3863601.244741,127.7,128.2,52.9,25.9,24.5,17.7,75.86,0.0026,102.9,3,0,1920
1189,0.5457,258.0,2143.0,288.0,2174.0,30.0,31.0,30.5,1.608,1.661,1.634,638378.746369,3863597.198972,117.0,127.0,51.3,27.7,33.0,16.3,85.72,0.052,98.5,3,0,1920
1190,0.5455,1348.0,3392.0,1382.0,3422.0,34.0,30.0,32.0,1.822,1.608,1.715,638437.267046,3863530.296419,141.4,143.3,56.4,26.6,26.4,20.7,88.69,0.0081,113.7,3,0,1920
1191,0.5453,1387.0,3647.0,1419.0,3675.0,32.0,28.0,30.0,1.715,1.5,1.608,638439.30348,3863516.685487,147.2,151.9,54.3,32.6,33.7,17.8,102.23,0.019,117.8,3,0,1920
1192,0.5448,1151.0,3811.0,1172.0,3831.0,21.0,20.0,20.5,1.125,1.072,1.099,638426.361407,3863508.111672,169.4,170.7,65.5,31.3,28.4,26.1,106.46,0.0046,135.2,3,0,1920
1193,0.5444,1943.0,3858.0,1967.0,3883.0,24.0,25.0,24.5,1.286,1.34,1.313,638468.88536,3863505.459147,124.8,131.8,45.1,23.1,23.3,14.0,93.72,0.0332,100.6,3,0,1920
1194,0.5439,200.0,2242.0,241.0,2278.0,41.0,36.0,38.5,2.197,1.929,2.063,638375.932875,3863591.759958,128.3,130.1,50.6,28.2,29.4,17.0,81.22,0.0083,103.0,3,0,1920
1195,0.5431,1424.0,3724.0,1453.0,3753.0,29.0,29.0,29.0,1.554,1.554,1.554,638441.205938,3863512.532545,142.3,148.6,57.1,29.9,29.1,19.4,97.75,0.0268,116.0,3,0,1920
1196,0.543,861.0,3356.0,886.0,3378.0,25.0,22.0,23.5,1.34,1.179,1.259,638410.927382,3863532.439873,132.5,141.3,57.5,26.7,28.3,17.8,92.66,0.0408,110.5,3,0,1920
1197,0.5423,1778.0,3824.0,1804.0,3848.0,26.0,24.0,25.0,1.393,1.286,1.34,638460.096541,3863507.307876,136.5,141.9,52.1,35.4,32.7,24.8,95.08,0.0235,110.2,3,0,1920
1198,0.5416,1800.0,2720.0,1838.0,2753.0,38.0,33.0,35.5,2.036,1.768,1.902,638461.597071,3863566.226064,140.9,142.6,70.9,32.8,35.1,31.6,73.33,0.0078,118.1,3,0,1920
1199,0.5415,1172.0,2192.0,1205.0,2223.0,33.0,31.0,32.0,1.768,1.661,1.715,638427.808347,3863594.573241,147.7,151.7,63.4,28.0,26.0,24.6,92.31,0.017,120.9,3,0,1920
1200,0.5397,890.0,2057.0,916.0,2084.0,26.0,27.0,26.5,1.393,1.447,1.42,638412.508298,3863601.91457,116.1,127.8,42.0,23.9,25.4,17.1,97.55,0.0579,95.3,3,0,1920
1201,0.5397,1066.0,3869.0,1093.0,3892.0,27.0,23.0,25.0,1.447,1.233,1.34,638421.966997,3863504.923284,142.7,147.5,54.8,30.2,30.0,20.8,97.48,0.0205,115.0,3,0,1920
1202,0.5389,1780.0,2342.0,1813.0,2381.0,33.0,39.0,36.0,1.768,2.09,1.929,638460.391288,3863586.320944,154.2,158.7,87.7,37.1,35.1,52.7,75.47,0.0199,133.5,3,0,1920
1203,0.5388,1713.0,2017.0,1739.0,2044.0,26.0,27.0,26.5,1.393,1.447,1.42,638456.613167,3863604.058024,115.4,128.3,52.5,21.4,22.0,17.8,88.76,0.0677,98.7,3,0,1920
1204,0.5386,740.0,2893.0,761.0,2914.0,21.0,21.0,21.0,1.125,1.125,1.125,638404.335768,3863557.277144,167.1,165.8,72.4,25.7,27.1,19.4,91.97,-0.0053,135.1,3,0,1920
1205,0.5382,448.0,2704.0,481.0,2732.0,33.0,28.0,30.5,1.768,1.5,1.634,638389.008924,3863567.217411,148.2,148.6,51.7,34.0,34.0,20.3,97.35,0.0016,116.2,3,0,1920
1206,0.5377,1054.0,2737.0,1086.0,2764.0,32.0,27.0,29.5,1.715,1.447,1.581,638421.457889,3863565.475855,117.9,121.8,50.4,21.9,24.7,13.8,75.37,0.0208,96.7,3,0,1920
1207,0.5363,1955.0,3617.0,1989.0,3648.0,34.0,31.0,32.5,1.822,1.661,1.742,638469.796397,3863518.212698,167.0,163.2,62.4,29.4,31.7,18.2,97.01,-0.0143,130.9,3,0,1920
1208,0.5363,1871.0,3737.0,1911.0,3770.0,40.0,33.0,36.5,2.144,1.768,1.956,638465.455577,3863511.72875,150.4,151.6,61.9,36.8,39.7,24.5,90.94,0.0051,121.3,3,0,1920
1209,0.5362,937.0,3229.0,969.0,3255.0,32.0,26.0,29.0,1.715,1.393,1.554,638415.187816,3863539.138166,144.9,156.7,51.3,30.9,29.7,17.9,117.17,0.0473,117.6,3,0,1920
1210,0.5346,1750.0,1965.0,1771.0,1986.0,21.0,21.0,21.0,1.125,1.125,1.125,638458.462035,3863607.005273,127.8,132.5,61.5,21.9,24.5,14.6,75.6,0.0234,107.3,3,0,1920
1211,0.5342,997.0,2246.0,1023.0,2269.0,26.0,23.0,24.5,1.393,1.233,1.313,638418.242467,3863591.893924,113.2,125.8,46.1,26.7,30.6,16.2,92.33,0.0654,95.0,3,0,1920
1212,0.534,1264.0,3735.0,1289.0,3759.0,25.0,24.0,24.5,1.34,1.286,1.313,638432.524299,3863512.077061,165.6,165.0,70.5,30.1,27.5,29.4,93.75,-0.0026,133.7,3,0,1920
1213,0.5335,777.0,2046.0,801.0,2069.0,24.0,23.0,23.5,1.286,1.233,1.259,638406.398997,3863602.611193,118.9,143.6,37.0,24.6,23.1,14.4,131.26,0.1096,99.8,3,0,1920
1214,0.5333,1145.0,3330.0,1182.0,3364.0,37.0,34.0,35.5,1.983,1.822,1.902,638426.468588,3863533.5116,139.3,141.9,57.7,27.1,29.7,19.3,86.82,0.0118,113.0,3,0,1920
1215,0.5325,1458.0,2670.0,1493.0,2691.0,35.0,21.0,28.0,1.876,1.125,1.5,638443.188781,3863569.226899,174.4,165.6,166.9,32.9,36.0,38.9,-10.03,-0.0507,169.0,3,0,1920
1216,0.5311,365.0,2062.0,393.0,2089.0,28.0,27.0,27.5,1.5,1.447,1.474,638384.426948,3863601.646639,116.8,125.2,44.1,25.9,25.6,18.1,89.53,0.0426,95.4,3,0,1920
1217,0.5311,991.0,1959.0,1022.0,1989.0,31.0,30.0,30.5,1.661,1.608,1.634,638418.054901,3863607.085653,125.6,141.2,45.2,25.1,24.3,17.2,111.59,0.0704,104.0,3,0,1920
1218,0.5306,1346.0,3210.0,1373.0,3235.0,27.0,25.0,26.0,1.447,1.34,1.393,638436.972299,3863540.1831,110.6,124.5,38.2,23.8,26.5,14.5,100.2,0.0705,91.1,3,0,1920
1219,0.5304,1142.0,2957.0,1170.0,2984.0,28.0,27.0,27.5,1.5,1.447,1.474,638426.06666,3863553.686859,129.1,132.5,56.6,33.3,36.0,22.1,79.34,0.0166,106.1,3,0,1920
1220,0.5294,1024.0,2033.0,1045.0,2055.0,21.0,22.0,21.5,1.125,1.179,1.152,638419.555431,3863603.334609,107.9,125.1,40.0,28.2,28.1,16.0,102.44,0.0894,91.0,3,0,1920
1221,0.5286,1511.0,3324.0,1538.0,3347.0,27.0,23.0,25.0,1.447,1.233,1.34,638445.814709,3863534.127843,151.3,155.7,57.7,29.5,30.8,22.5,102.26,0.0174,121.6,3,0,1920
1222,0.5283,1822.0,3263.0,1852.0,3286.0,30.0,23.0,26.5,1.608,1.233,1.42,638462.561698,3863537.39661,123.8,127.2,50.6,26.3,31.8,17.7,79.93,0.0167,100.5,3,0,1920
1223,0.5277,926.0,3560.0,955.0,3586.0,29.0,26.0,27.5,1.554,1.393,1.474,638414.517937,3863521.401085,141.5,145.3,54.3,30.5,32.3,22.6,94.76,0.0164,113.7,3,0,1920
1224,0.5276,604.0,2816.0,628.0,2841.0,24.0,25.0,24.5,1.286,1.34,1.313,638397.127864,3863561.29612,172.9,154.0,141.6,26.0,27.2,30.8,-6.48,-0.1019,156.2,3,0,1920
1225,0.527,1950.0,3241.0,1977.0,3267.0,27.0,26.0,26.5,1.447,1.393,1.42,638469.340879,3863538.49513,113.4,124.2,50.6,28.5,27.0,28.7,84.38,0.0579,96.1,3,0,1920
1226,0.5267,1607.0,3237.0,1644.0,3272.0,37.0,35.0,36.0,1.983,1.876,1.929,638451.227336,3863538.468337,131.3,135.2,55.7,20.0,22.7,21.1,83.35,0.0184,107.4,3,0,1920
1227,0.5263,823.0,1933.0,862.0,1965.0,39.0,32.0,35.5,2.09,1.715,1.902,638409.266081,3863608.425311,127.7,140.1,46.5,33.2,35.3,19.1,105.88,0.0558,104.8,3,0,1920
1228,0.5239,1125.0,2436.0,1136.0,2461.0,11.0,25.0,18.0,0.589,1.34,0.965,638424.700106,3863581.658932,140.7,143.7,133.8,42.3,39.6,49.8,13.01,0.0204,139.4,3,0,1920
1229,0.5238,1631.0,3473.0,1664.0,3502.0,33.0,29.0,31.0,1.768,1.554,1.661,638452.406324,3863525.982718,131.2,135.6,57.5,26.9,26.8,25.5,82.58,0.021,108.1,3,0,1920
1230,0.5226,1033.0,2981.0,1057.0,3005.0,24.0,24.0,24.0,1.286,1.286,1.286,638420.11813,3863552.481166,118.6,128.7,45.8,31.4,32.5,19.9,93.01,0.0501,97.7,3,0,1920
1231,0.522,949.0,2264.0,978.0,2289.0,29.0,25.0,27.0,1.554,1.34,1.447,638415.750515,3863590.875783,125.2,135.1,52.7,26.4,28.2,20.7,92.41,0.048,104.3,3,0,1920
1232,0.522,1359.0,2284.0,1392.0,2315.0,33.0,31.0,32.0,1.768,1.661,1.715,638437.829745,3863589.643297,114.1,117.8,48.8,25.3,25.8,15.4,72.78,0.0205,93.5,3,0,1920
1233,0.5218,1919.0,2990.0,1954.0,3025.0,35.0,35.0,35.0,1.876,1.876,1.876,638467.893939,3863551.704164,114.5,123.7,45.4,21.5,22.8,19.5,87.51,0.0478,94.5,3,0,1920
1234,0.5217,1574.0,3156.0,1603.0,3169.0,29.0,13.0,21.0,1.554,0.697,1.125,638449.244492,3863543.39828,117.1,122.9,56.5,21.4,19.3,18.9,72.24,0.0316,98.9,3,0,1920
1235,0.5216,1748.0,3098.0,1789.0,3136.0,41.0,38.0,39.5,2.197,2.036,2.117,638458.890758,3863545.836459,136.5,142.0,49.9,28.7,32.0,17.6,97.54,0.0239,109.5,3,0,1920
1236,0.5212,1159.0,1934.0,1183.0,1961.0,24.0,27.0,25.5,1.286,1.447,1.367,638426.870516,3863608.505691,145.4,141.1,78.6,22.5,25.7,15.1,58.1,-0.021,121.7,3,0,1920
1237,0.5211,558.0,2556.0,580.0,2578.0,22.0,22.0,22.0,1.179,1.179,1.179,638394.609117,3863575.30895,143.8,144.4,58.8,24.2,26.3,17.1,86.2,0.0028,115.7,3,0,1920
1238,0.521,1247.0,3154.0,1274.0,3180.0,27.0,26.0,26.5,1.447,1.393,1.42,638431.666853,3863543.157142,111.2,119.4,44.2,22.1,22.5,16.9,83.53,0.0444,91.6,3,0,1920
1239,0.5194,1980.0,3665.0,2006.0,3688.0,26.0,23.0,24.5,1.393,1.233,1.313,638470.921794,3863515.854899,115.3,117.6,48.3,24.0,24.4,20.3,71.71,0.0127,93.7,3,0,1920
1240,0.5193,1841.0,3294.0,1876.0,3327.0,35.0,33.0,34.0,1.876,1.768,1.822,638463.71389,3863535.467501,139.3,138.4,52.1,34.9,37.9,21.7,85.41,-0.004,109.9,3,0,1920
1241,0.5192,1311.0,3272.0,1336.0,3296.0,25.0,24.0,24.5,1.34,1.286,1.313,638435.043046,3863536.887539,131.1,137.2,52.0,25.7,26.1,17.0,91.25,0.0283,106.8,3,0,1920
1242,0.5192,662.0,2107.0,695.0,2134.0,33.0,27.0,30.0,1.768,1.447,1.608,638400.477262,3863599.235253,143.7,147.2,59.6,22.0,22.2,19.1,91.03,0.0149,116.8,3,0,1920
1243,0.519,1979.0,3112.0,2008.0,3141.0,29.0,29.0,29.0,1.554,1.554,1.554,638470.948589,3863545.327389,129.0,128.4,48.9,28.4,28.8,17.6,78.8,-0.003,102.1,3,0,1920
1244,0.5189,831.0,2024.0,858.0,2050.0,27.0,26.0,26.5,1.447,1.393,1.42,638409.373262,3863603.709713,108.7,125.9,34.5,25.5,26.2,14.2,108.57,0.086,89.7,3,0,1920
1245,0.5166,1065.0,3045.0,1093.0,3071.0,28.0,26.0,27.0,1.5,1.393,1.447,638421.940202,3863548.998054,145.1,152.7,61.2,25.9,26.4,20.9,99.2,0.0322,119.7,3,0,1920
1246,0.5161,1682.0,2120.0,1715.0,2152.0,33.0,32.0,32.5,1.768,1.715,1.742,638455.139432,3863598.404665,144.4,146.4,69.7,19.6,19.1,21.6,78.7,0.0091,120.1,3,0,1920
1247,0.5158,1386.0,3334.0,1419.0,3362.0,33.0,28.0,30.5,1.768,1.5,1.634,638439.276685,3863533.458013,119.7,123.4,49.3,28.4,29.6,20.2,77.69,0.0189,97.5,3,0,1920
1248,0.5155,1473.0,3395.0,1501.0,3422.0,28.0,27.0,27.5,1.5,1.447,1.474,638443.80507,3863530.216039,130.3,134.5,48.4,30.1,29.3,22.2,90.29,0.0193,104.4,3,0,1920
1249,0.5153,1585.0,2364.0,1613.0,2392.0,28.0,28.0,28.0,1.5,1.5,1.5,638449.807191,3863585.436769,135.6,137.8,60.5,29.1,27.9,28.5,79.61,0.0107,111.3,3,0,1920
1250,0.5152,1755.0,3763.0,1795.0,3804.0,40.0,41.0,40.5,2.144,2.197,2.17,638459.239095,3863510.12116,160.4,158.9,74.0,31.2,31.8,30.5,83.5,-0.0058,131.1,3,0,1920
1251,0.515,1629.0,3285.0,1668.0,3319.0,39.0,34.0,36.5,2.09,1.822,1.956,638452.459914,3863535.922985,144.6,137.7,65.8,31.5,32.4,27.1,64.84,-0.0322,116.0,3,0,1920
1252,0.5146,1031.0,2789.0,1054.0,2812.0,23.0,23.0,23.0,1.233,1.233,1.233,638419.984154,3863562.796538,149.3,147.4,69.9,23.4,27.1,18.7,75.54,-0.0087,122.2,3,0,1920
1253,0.5144,1085.0,2958.0,1114.0,2982.0,29.0,24.0,26.5,1.554,1.286,1.42,638423.038805,3863553.713652,129.1,131.2,60.1,27.8,29.1,21.7,73.17,0.0104,106.8,3,0,1920
1254,0.514,1580.0,3188.0,1616.0,3224.0,36.0,36.0,36.0,1.929,1.929,1.929,638449.753601,3863541.067274,108.2,117.3,46.0,21.5,26.3,14.4,80.39,0.0507,90.5,3,0,1920
1255,0.5135,1616.0,3429.0,1645.0,3454.0,29.0,25.0,27.0,1.554,1.34,1.447,638451.495288,3863528.44769,124.2,134.5,49.5,30.6,27.9,20.9,95.24,0.0492,102.7,3,0,1920
1256,0.5133,1037.0,2828.0,1061.0,2850.0,24.0,22.0,23.0,1.286,1.179,1.233,638420.332491,3863560.733463,140.6,142.5,55.5,34.7,35.6,18.5,88.92,0.0083,112.9,3,0,1920
1257,0.5131,1604.0,2080.0,1627.0,2103.0,23.0,23.0,23.0,1.233,1.233,1.233,638450.691432,3863600.789257,138.3,148.2,61.6,27.7,27.3,20.3,96.63,0.0444,116.0,3,0,1920
1258,0.5131,951.0,2579.0,981.0,2610.0,30.0,31.0,30.5,1.608,1.661,1.634,638415.884491,3863573.835325,141.8,144.5,53.5,32.9,34.2,20.8,93.81,0.0119,113.3,3,0,1920
1259,0.5127,1852.0,2219.0,1874.0,2239.0,22.0,20.0,21.0,1.179,1.072,1.125,638463.955047,3863593.421135,149.5,146.7,58.3,30.0,31.6,18.5,85.62,-0.0116,118.1,3,0,1920
1260,0.5124,1111.0,2513.0,1137.0,2538.0,26.0,25.0,25.5,1.393,1.34,1.367,638424.351768,3863577.532783,120.0,130.7,40.2,33.1,31.5,21.4,101.28,0.051,97.0,3,0,1920
1261,0.5122,553.0,3070.0,583.0,3100.0,30.0,30.0,30.0,1.608,1.608,1.608,638394.555526,3863547.551222,139.7,140.4,54.6,36.1,35.8,23.5,86.49,0.003,111.6,3,0,1920
1262,0.5118,1951.0,3411.0,1984.0,3442.0,33.0,31.0,32.0,1.768,1.661,1.715,638469.55524,3863529.251485,111.1,117.3,39.1,28.5,28.9,16.6,84.24,0.0323,89.2,3,0,1920
1263,0.5118,229.0,2033.0,258.0,2062.0,29.0,29.0,29.0,1.554,1.554,1.554,638377.165453,3863603.147056,124.6,131.7,46.3,26.5,29.2,14.0,92.49,0.0338,100.9,3,0,1920
1264,0.5116,1007.0,2435.0,1039.0,2468.0,32.0,33.0,32.5,1.715,1.768,1.742,638418.939142,3863581.498173,117.6,123.3,45.5,25.8,27.5,16.9,83.48,0.0289,95.5,3,0,1920
1265,0.5113,479.0,1977.0,499.0,1999.0,20.0,22.0,21.0,1.072,1.179,1.125,638390.321888,3863606.335444,119.4,128.0,38.6,29.3,30.2,16.2,97.97,0.0411,95.3,3,0,1920
1266,0.5105,1861.0,2394.0,1893.0,2423.0,32.0,29.0,30.5,1.715,1.554,1.634,638464.705312,3863583.802385,105.6,113.3,41.6,28.5,29.1,19.8,79.45,0.0433,86.8,3,0,1920
1267,0.5103,1954.0,1965.0,1992.0,2001.0,38.0,36.0,37.0,2.036,1.929,1.983,638469.849987,3863606.603376,116.9,121.6,48.9,27.4,30.3,16.9,77.38,0.0247,95.8,3,0,1920
1268,0.5103,1106.0,2067.0,1135.0,2092.0,29.0,25.0,27.0,1.554,1.34,1.447,638424.164202,3863601.432293,130.0,135.5,57.7,28.7,28.5,35.4,83.29,0.0266,107.7,3,0,1920
1269,0.5097,1986.0,3839.0,2012.0,3866.0,26.0,27.0,26.5,1.393,1.447,1.42,638471.243336,3863506.423702,137.9,140.2,52.7,27.9,28.9,16.2,89.88,0.0103,110.3,3,0,1920
1270,0.5082,1529.0,3855.0,1566.0,3903.0,37.0,48.0,42.5,1.983,2.572,2.278,638447.047287,3863505.003663,130.9,140.6,43.9,34.1,33.8,21.3,106.34,0.0424,105.1,3,0,1920
1271,0.508,1404.0,2249.0,1437.0,2279.0,33.0,30.0,31.5,1.768,1.608,1.688,638440.241311,3863591.545612,130.0,136.3,59.2,25.4,27.1,16.4,83.32,0.0304,108.5,3,0,1920
1272,0.5076,1710.0,3416.0,1734.0,3440.0,24.0,24.0,24.0,1.286,1.286,1.286,638456.398806,3863529.171106,167.4,143.2,130.4,30.5,33.1,34.4,-11.46,-0.1345,147.0,3,0,1920
1273,0.5074,1177.0,2509.0,1208.0,2544.0,31.0,35.0,33.0,1.661,1.876,1.768,638428.022708,3863577.479197,133.5,135.0,58.6,27.4,28.9,21.6,77.92,0.0073,109.1,3,0,1920
1274,0.5069,1946.0,3747.0,1984.0,3781.0,38.0,34.0,36.0,2.036,1.822,1.929,638469.421264,3863511.166093,120.3,127.5,51.1,26.5,27.5,17.8,83.48,0.0362,99.6,3,0,1920
1275,0.5065,409.0,1923.0,447.0,1957.0,38.0,34.0,36.0,2.036,1.822,1.929,638387.052876,3863608.907589,121.1,124.0,50.3,25.0,28.9,16.7,76.54,0.0146,98.5,3,0,1920
1276,0.5064,1125.0,3870.0,1150.0,3891.0,25.0,21.0,23.0,1.34,1.125,1.233,638425.075238,3863504.923284,123.6,131.3,44.0,31.2,32.6,18.5,94.96,0.0364,99.6,3,0,1920
1277,0.5064,1655.0,3653.0,1682.0,3679.0,27.0,26.0,26.5,1.447,1.393,1.42,638453.531721,3863516.417555,128.2,135.1,47.4,33.5,31.1,24.2,94.58,0.0319,103.6,3,0,1920
1278,0.5061,889.0,3666.0,912.0,3689.0,23.0,23.0,23.0,1.233,1.233,1.233,638412.374322,3863515.801312,129.1,139.4,44.8,28.0,27.2,16.0,104.92,0.0462,104.5,3,0,1920
1279,0.5055,782.0,3324.0,805.0,3347.0,23.0,23.0,23.0,1.233,1.233,1.233,638406.640153,3863534.127843,153.4,154.0,71.4,27.7,30.4,21.1,83.22,0.0027,126.3,3,0,1920
1280,0.5052,1995.0,3366.0,2024.0,3396.0,29.0,30.0,29.5,1.554,1.608,1.581,638471.806035,3863531.689664,129.6,135.1,50.7,31.5,31.6,21.2,89.93,0.0257,105.2,3,0,1920
1281,0.5052,1693.0,3126.0,1736.0,3163.0,43.0,37.0,40.0,2.304,1.983,2.144,638455.996878,3863544.362835,138.6,142.8,60.1,30.8,31.7,20.8,86.88,0.0189,113.8,3,0,1920
1282,0.5051,1164.0,2999.0,1189.0,3023.0,25.0,24.0,24.5,1.34,1.286,1.313,638427.165263,3863551.516612,123.6,129.5,54.8,25.6,27.3,17.5,80.6,0.0299,102.6,3,0,1920
1283,0.5038,825.0,3313.0,844.0,3334.0,19.0,21.0,20.0,1.018,1.125,1.072,638408.837358,3863534.770879,132.6,143.1,45.7,22.7,23.4,14.1,107.8,0.0454,107.1,3,0,1920
1284,0.5031,1318.0,1923.0,1356.0,1956.0,38.0,33.0,35.5,2.036,1.768,1.902,638435.766516,3863608.934382,136.2,140.6,62.7,21.9,24.5,16.2,82.31,0.0205,113.2,3,0,1920
1285,0.5028,1263.0,3775.0,1286.0,3797.0,23.0,22.0,22.5,1.233,1.179,1.206,638432.417118,3863509.987194,152.7,156.1,65.4,30.5,27.0,29.7,93.92,0.0136,124.7,3,0,1920
1286,0.5027,947.0,2105.0,972.0,2130.0,25.0,25.0,25.0,1.34,1.34,1.34,638415.536154,3863599.396012,154.2,159.2,50.9,26.2,28.2,22.4,113.3,0.0191,121.5,3,0,1920
1287,0.5025,1329.0,3068.0,1352.0,3090.0,23.0,22.0,22.5,1.233,1.179,1.206,638435.954082,3863547.87274,120.1,130.6,45.3,22.7,23.4,15.6,95.73,0.0512,98.7,3,0,1920
1288,0.5024,1169.0,3884.0,1192.0,3906.0,23.0,22.0,22.5,1.233,1.179,1.206,638427.379624,3863504.146282,131.0,142.6,51.4,36.6,34.5,23.5,102.77,0.052,108.3,3,0,1920
1289,0.5024,1500.0,2676.0,1533.0,2708.0,33.0,32.0,32.5,1.768,1.715,1.742,638445.385986,3863568.610656,106.1,114.4,41.2,28.4,26.8,23.2,81.56,0.0466,87.2,3,0,1920
1290,0.5022,1857.0,3508.0,1881.0,3530.0,24.0,22.0,23.0,1.286,1.179,1.233,638464.276589,3863524.294748,103.1,111.5,33.4,26.0,28.5,11.9,86.49,0.0462,82.6,3,0,1920
1291,0.5,480.0,2780.0,510.0,2794.0,30.0,14.0,22.0,1.608,0.75,1.179,638390.64343,3863563.519953,99.8,109.8,33.8,27.4,26.7,15.8,86.05,0.0569,81.1,3,0,1920
1292,0.4993,1834.0,3777.0,1861.0,3802.0,27.0,25.0,26.0,1.447,1.34,1.393,638463.124396,3863509.799641,123.8,133.0,50.5,27.5,27.6,22.4,91.61,0.0442,102.4,3,0,1920
1293,0.4993,997.0,3336.0,1020.0,3356.0,23.0,20.0,21.5,1.233,1.072,1.152,638418.162082,3863533.565186,152.7,156.7,53.3,26.3,27.3,19.1,107.42,0.0157,120.9,3,0,1920
1294,0.4993,1067.0,2780.0,1093.0,2806.0,26.0,26.0,26.0,1.393,1.393,1.393,638421.993792,3863563.198435,135.3,137.9,63.2,23.4,24.4,22.2,77.17,0.0121,112.2,3,0,1920
1295,0.4992,1289.0,3233.0,1319.0,3263.0,30.0,30.0,30.0,1.608,1.608,1.608,638433.998034,3863538.816648,118.9,122.6,46.5,25.3,27.1,16.1,79.68,0.0186,96.0,3,0,1920
1296,0.4984,1451.0,2341.0,1480.0,2365.0,29.0,24.0,26.5,1.554,1.286,1.42,638442.652878,3863586.776428,108.4,117.1,40.9,21.5,20.8,15.9,84.8,0.0468,88.8,3,0,1920
1297,0.4984,1128.0,3906.0,1153.0,3919.0,25.0,13.0,19.0,1.34,0.697,1.018,638425.236009,3863503.208521,123.6,134.6,40.0,33.4,33.6,16.0,105.71,0.0505,99.4,3,0,1920
1298,0.4979,1499.0,3283.0,1530.0,3309.0,31.0,26.0,28.5,1.661,1.393,1.527,638445.278805,3863536.244503,155.4,158.0,51.5,27.6,27.9,21.2,108.98,0.0098,121.6,3,0,1920
1299,0.4975,1159.0,3844.0,1180.0,3865.0,21.0,21.0,21.0,1.125,1.125,1.125,638426.79013,3863506.316529,141.9,147.8,55.1,33.6,30.1,25.6,98.61,0.0251,114.9,3,0,1920
1300,0.4975,1972.0,3800.0,1999.0,3823.0,27.0,23.0,25.0,1.447,1.233,1.34,638470.519867,3863508.620742,119.8,123.1,43.0,26.4,22.0,20.2,83.52,0.0169,95.3,3,0,1920
1301,0.4974,932.0,3860.0,958.0,3886.0,26.0,26.0,26.0,1.393,1.393,1.393,638414.759093,3863505.325182,144.0,145.3,58.3,29.2,29.6,21.1,88.24,0.0054,115.9,3,0,1920
1302,0.4969,1836.0,3468.0,1868.0,3489.0,32.0,21.0,26.5,1.715,1.125,1.42,638463.365553,3863526.464995,132.4,138.4,41.9,21.5,20.5,14.1,102.5,0.0261,104.2,3,0,1920
1303,0.4965,864.0,2365.0,884.0,2383.0,20.0,18.0,19.0,1.072,0.965,1.018,638410.954178,3863585.651114,133.5,145.6,48.8,26.2,27.2,15.7,108.93,0.0525,109.3,3,0,1920
1304,0.4963,1710.0,2822.0,1745.0,2853.0,35.0,31.0,33.0,1.876,1.661,1.768,638456.693553,3863560.813843,135.9,132.3,61.7,25.2,29.0,22.2,66.93,-0.0177,109.9,3,0,1920
1305,0.4962,1677.0,3737.0,1721.0,3774.0,44.0,37.0,40.5,2.358,1.983,2.17,638455.166227,3863511.621577,139.5,141.9,61.7,31.5,32.9,23.6,82.68,0.011,114.4,3,0,1920
1306,0.496,1822.0,2769.0,1847.0,2792.0,25.0,23.0,24.0,1.34,1.233,1.286,638462.427722,3863563.868265,126.1,133.0,52.9,27.5,27.2,21.4,87.02,0.0335,104.0,3,0,1920
1307,0.4959,851.0,2196.0,879.0,2225.0,28.0,29.0,28.5,1.5,1.554,1.527,638410.471864,3863594.412482,142.8,144.8,55.3,26.0,26.4,20.9,91.56,0.0086,114.3,3,0,1920
1308,0.4959,1076.0,3656.0,1103.0,3684.0,27.0,28.0,27.5,1.447,1.5,1.474,638422.502901,3863516.20321,146.4,150.0,57.9,27.7,26.9,18.9,95.71,0.0152,118.1,3,0,1920
1309,0.4954,1953.0,2893.0,1979.0,2922.0,26.0,29.0,27.5,1.393,1.554,1.474,638469.474854,3863557.062799,112.7,114.7,53.1,20.2,21.6,19.5,63.59,0.0113,93.5,3,0,1920
1310,0.4951,1812.0,3565.0,1849.0,3599.0,37.0,34.0,35.5,1.983,1.822,1.902,638462.21336,3863520.918808,119.4,125.9,55.0,31.2,29.8,19.5,77.34,0.034,100.1,3,0,1920
1311,0.495,1446.0,3955.0,1474.0,3967.0,28.0,12.0,20.0,1.5,0.643,1.072,638442.358131,3863500.609583,140.2,140.8,55.6,32.9,28.6,23.3,85.87,0.0027,112.2,3,0,1920
1312,0.4948,882.0,3150.0,907.0,3173.0,25.0,23.0,24.0,1.34,1.233,1.286,638412.05278,3863543.451867,131.3,135.6,52.6,29.4,27.6,19.7,87.28,0.02,106.5,3,0,1920
1313,0.4931,1562.0,2322.0,1594.0,2353.0,32.0,31.0,31.5,1.715,1.661,1.688,638448.681793,3863587.607016,128.7,135.9,53.4,25.7,26.2,18.6,89.84,0.0344,106.0,3,0,1920
1314,0.4929,1350.0,2725.0,1381.0,2764.0,31.0,39.0,35.0,1.661,2.09,1.876,638437.293841,3863565.797373,212.5,208.1,195.3,28.6,30.4,38.3,8.51,-0.0193,205.3,3,0,1920
1315,0.4928,1545.0,3702.0,1571.0,3729.0,26.0,27.0,26.5,1.393,1.447,1.42,638447.609986,3863513.765031,127.1,134.9,43.7,29.9,29.7,18.8,98.96,0.0357,101.9,3,0,1920
1316,0.4924,1119.0,3300.0,1141.0,3322.0,22.0,22.0,22.0,1.179,1.179,1.179,638424.673311,3863535.440708,107.1,112.3,41.3,18.0,22.8,14.1,76.3,0.0297,86.9,3,0,1920
1317,0.4923,1990.0,2163.0,2032.0,2196.0,42.0,33.0,37.5,2.251,1.768,2.01,638471.886421,3863596.073659,136.8,140.9,55.9,34.7,39.5,21.3,89.12,0.0187,111.2,3,0,1920
1318,0.4921,1045.0,2361.0,1082.0,2394.0,37.0,33.0,35.0,1.983,1.768,1.876,638421.109551,3863585.463562,139.7,148.2,55.2,31.2,29.6,20.5,101.45,0.0365,114.4,3,0,1920
1319,0.4917,913.0,2478.0,943.0,2510.0,30.0,32.0,31.0,1.608,1.715,1.661,638413.848057,3863579.220753,135.1,137.7,59.4,31.2,29.9,28.4,80.91,0.0123,110.8,3,0,1920
1320,0.4916,1816.0,2917.0,1846.0,2942.0,30.0,25.0,27.5,1.608,1.34,1.474,638462.240155,3863555.883899,121.7,125.0,48.1,23.8,24.4,17.8,80.29,0.017,98.3,3,0,1920
1321,0.4913,1795.0,2219.0,1819.0,2243.0,24.0,24.0,24.0,1.286,1.286,1.286,638460.953987,3863593.313962,134.2,136.9,53.1,24.3,25.3,16.4,86.47,0.0124,108.1,3,0,1920
1322,0.4911,777.0,2089.0,802.0,2112.0,25.0,23.0,24.0,1.34,1.233,1.286,638406.425792,3863600.30698,130.7,146.1,39.0,23.4,23.3,15.7,122.53,0.0649,105.3,3,0,1920
1323,0.4908,1163.0,3239.0,1187.0,3262.0,24.0,23.0,23.5,1.286,1.233,1.259,638427.084877,3863538.682682,154.1,154.5,63.7,32.7,34.4,22.8,91.25,0.0018,124.1,3,0,1920
1324,0.4902,1800.0,3531.0,1824.0,3555.0,24.0,24.0,24.0,1.286,1.286,1.286,638461.221939,3863523.008676,117.3,123.4,40.4,21.4,21.4,12.2,89.14,0.0306,93.7,3,0,1920
1325,0.4886,904.0,3365.0,930.0,3390.0,26.0,25.0,25.5,1.393,1.34,1.367,638413.258563,3863531.877216,140.2,145.8,56.5,31.5,30.6,22.3,94.92,0.0246,114.2,3,0,1920
1326,0.4879,1708.0,3468.0,1738.0,3499.0,30.0,31.0,30.5,1.608,1.661,1.634,638456.452396,3863526.197063,111.4,112.5,51.8,20.5,23.0,16.3,61.83,0.0065,91.9,3,0,1920
1327,0.4879,1070.0,2913.0,1097.0,2939.0,27.0,26.0,26.5,1.447,1.393,1.42,638422.181359,3863556.071451,146.8,155.4,50.7,34.7,33.6,21.7,113.33,0.0341,117.6,3,0,1920
1328,0.4877,840.0,2795.0,868.0,2820.0,28.0,25.0,26.5,1.5,1.34,1.42,638409.88237,3863562.421433,134.3,140.8,52.5,36.7,33.0,32.3,94.94,0.0295,109.2,3,0,1920
1329,0.4876,459.0,2432.0,486.0,2458.0,27.0,26.0,26.5,1.447,1.393,1.42,638389.437647,3863581.846484,153.2,160.0,62.5,26.9,27.0,22.1,104.28,0.027,125.2,3,0,1920
1330,0.4873,1261.0,2591.0,1297.0,2624.0,36.0,33.0,34.5,1.929,1.768,1.849,638432.658275,3863573.138703,113.9,114.4,51.5,27.9,28.3,23.6,63.41,0.0027,93.3,3,0,1920
1331,0.4869,1404.0,2749.0,1435.0,2783.0,31.0,34.0,32.5,1.661,1.822,1.742,638440.187721,3863564.645267,140.2,139.9,61.6,27.8,26.9,28.0,77.98,-0.0014,113.9,3,0,1920
1332,0.4865,954.0,2624.0,984.0,2652.0,30.0,28.0,29.0,1.608,1.5,1.554,638416.045262,3863571.504319,137.6,146.4,48.1,25.5,22.9,16.9,107.17,0.0375,110.7,3,0,1920
1333,0.4859,932.0,3194.0,954.0,3215.0,22.0,21.0,21.5,1.179,1.125,1.152,638414.651913,3863541.147654,153.7,159.2,65.5,25.7,27.2,23.9,99.3,0.0225,126.1,3,0,1920
1334,0.4859,1897.0,1959.0,1933.0,1988.0,36.0,29.0,32.5,1.929,1.554,1.742,638466.741746,3863607.112446,140.8,147.1,68.1,32.9,36.0,21.7,85.3,0.0287,118.7,3,0,1920
1335,0.4858,243.0,2405.0,273.0,2419.0,30.0,14.0,22.0,1.608,0.75,1.179,638377.942514,3863583.614833,118.1,119.7,53.9,27.4,31.5,20.0,67.45,0.0089,97.2,3,0,1920
1336,0.4858,1064.0,3492.0,1098.0,3521.0,34.0,29.0,31.5,1.822,1.554,1.688,638422.047383,3863524.964577,142.6,150.6,49.1,30.4,28.9,24.4,109.52,0.033,114.1,3,0,1920
1337,0.4857,1199.0,2958.0,1224.0,2983.0,25.0,25.0,25.0,1.34,1.34,1.34,638429.040925,3863553.686859,163.7,163.8,62.2,32.0,30.9,24.5,101.64,0.0002,129.9,3,0,1920
1338,0.4852,1905.0,3458.0,1938.0,3487.0,33.0,29.0,31.0,1.768,1.554,1.661,638467.090083,3863526.786513,113.6,116.7,48.3,25.3,27.4,19.3,71.41,0.0167,92.9,3,0,1920
1339,0.4849,1730.0,2062.0,1755.0,2086.0,25.0,24.0,24.5,1.34,1.286,1.313,638457.497408,3863601.727018,147.7,152.5,64.1,24.0,26.4,20.4,93.22,0.0202,121.4,3,0,1920
1340,0.4847,1459.0,3353.0,1484.0,3378.0,25.0,25.0,25.0,1.34,1.34,1.34,638442.97442,3863532.520252,137.7,142.3,59.3,28.7,29.0,19.8,87.64,0.0211,113.1,3,0,1920
1341,0.4843,2005.0,3189.0,2034.0,3215.0,29.0,26.0,27.5,1.554,1.393,1.474,638472.341939,3863541.28162,146.8,146.8,61.9,34.2,35.3,22.3,85.01,0.0002,118.5,3,0,1920
1342,0.4839,1415.0,3554.0,1446.0,3583.0,31.0,29.0,30.0,1.661,1.554,1.608,638440.777215,3863521.642224,131.2,135.7,56.5,30.9,29.1,25.4,83.75,0.0214,107.8,3,0,1920
1343,0.4836,1484.0,2948.0,1509.0,2974.0,25.0,26.0,25.5,1.34,1.393,1.367,638444.314179,3863554.195929,136.8,141.3,62.3,25.8,25.3,23.7,83.43,0.0206,113.5,3,0,1920
1344,0.4834,1613.0,3716.0,1637.0,3741.0,24.0,25.0,24.5,1.286,1.34,1.313,638451.200541,3863513.068409,124.4,132.5,54.4,33.3,32.2,24.0,86.12,0.0398,103.8,3,0,1920
1345,0.4832,300.0,2222.0,328.0,2247.0,28.0,25.0,26.5,1.5,1.34,1.42,638380.943574,3863593.12641,106.0,114.9,48.2,19.8,22.7,12.4,75.71,0.052,89.7,3,0,1920
1346,0.4829,1937.0,3198.0,1964.0,3224.0,27.0,26.0,26.5,1.447,1.393,1.42,638468.644204,3863540.799343,126.9,132.1,55.2,31.1,28.0,24.8,82.07,0.0254,104.8,3,0,1920
1347,0.4827,1384.0,3144.0,1417.0,3175.0,33.0,31.0,32.0,1.768,1.661,1.715,638439.169504,3863543.55904,122.8,132.1,51.8,22.9,26.5,17.1,89.74,0.0462,102.2,3,0,1920
1348,0.4825,1058.0,2408.0,1082.0,2419.0,24.0,11.0,17.5,1.286,0.589,0.938,638421.457889,3863583.534454,127.0,133.7,50.2,29.1,27.4,18.3,90.27,0.0321,103.6,3,0,1920
1349,0.4824,1371.0,3600.0,1405.0,3632.0,34.0,32.0,33.0,1.822,1.715,1.768,638438.499624,3863519.096873,112.5,123.3,42.7,26.8,27.1,15.7,91.46,0.0562,92.8,3,0,1920
1350,0.4821,917.0,2667.0,948.0,2699.0,31.0,32.0,31.5,1.661,1.715,1.688,638414.089214,3863569.092933,148.0,146.8,60.1,26.7,25.0,25.8,85.54,-0.0051,118.3,3,0,1920
1351,0.4819,1884.0,3242.0,1917.0,3274.0,33.0,32.0,32.5,1.768,1.715,1.742,638465.964686,3863538.280784,135.7,140.2,59.2,30.6,30.8,26.1,85.5,0.0209,111.7,3,0,1920
1352,0.4819,431.0,1985.0,457.0,2011.0,26.0,26.0,26.0,1.393,1.393,1.393,638387.910321,3863605.79958,136.7,138.0,49.8,32.9,35.3,21.6,89.42,0.0057,108.2,3,0,1920
1353,0.4816,1054.0,3419.0,1076.0,3441.0,22.0,22.0,22.0,1.179,1.179,1.179,638421.189937,3863529.063933,139.0,141.0,63.1,27.7,30.4,25.0,79.97,0.0095,114.4,3,0,1920
1354,0.4814,798.0,3181.0,821.0,3204.0,23.0,23.0,23.0,1.233,1.233,1.233,638407.497599,3863541.79069,148.1,151.4,54.2,32.3,35.2,21.9,100.59,0.0137,117.9,3,0,1920
1355,0.4813,347.0,2576.0,371.0,2599.0,24.0,23.0,23.5,1.286,1.233,1.259,638383.35514,3863574.210429,103.6,106.0,36.8,32.2,30.8,18.0,71.63,0.0142,82.1,3,0,1920
1356,0.4809,1577.0,3333.0,1612.0,3364.0,35.0,31.0,33.0,1.876,1.661,1.768,638449.566034,3863533.43122,150.6,145.7,66.0,27.9,30.7,23.9,74.89,-0.021,120.8,3,0,1920
1357,0.4808,1684.0,2938.0,1720.0,2974.0,36.0,36.0,36.0,1.929,1.929,1.929,638455.326999,3863554.463861,123.6,128.1,55.2,27.6,25.4,19.5,77.43,0.023,102.3,3,0,1920
1358,0.4805,536.0,2324.0,559.0,2345.0,23.0,21.0,22.0,1.233,1.125,1.179,638393.456924,3863587.767775,122.4,129.6,58.2,24.2,29.1,19.7,78.66,0.0375,103.4,3,0,1920
1359,0.4801,1709.0,3632.0,1749.0,3669.0,40.0,37.0,38.5,2.144,1.983,2.063,638456.773938,3863517.248144,165.8,168.7,63.0,29.2,28.5,22.2,108.58,0.0107,132.5,3,0,1920
1360,0.4784,1731.0,2704.0,1764.0,2736.0,33.0,32.0,32.5,1.768,1.715,1.742,638457.76536,3863567.110239,104.9,110.0,45.3,26.2,25.5,22.0,69.82,0.0301,86.7,3,0,1920
1361,0.4783,1342.0,2620.0,1376.0,2656.0,34.0,36.0,35.0,1.822,1.929,1.876,638436.945504,3863571.504319,149.4,147.5,66.7,28.5,28.6,21.4,78.92,-0.0081,121.2,3,0,1920
1362,0.4781,1408.0,2113.0,1439.0,2139.0,31.0,26.0,28.5,1.661,1.393,1.527,638440.402082,3863598.940528,103.5,115.7,45.6,21.3,24.1,14.2,82.18,0.07,88.3,3,0,1920
1363,0.4778,1502.0,2826.0,1529.0,2853.0,27.0,27.0,27.0,1.447,1.447,1.447,638445.332396,3863560.70667,112.6,120.1,42.8,23.0,24.4,16.0,84.78,0.0395,91.8,3,0,1920
1364,0.4778,1684.0,3248.0,1713.0,3276.0,29.0,28.0,28.5,1.554,1.5,1.527,638455.139432,3863538.066439,139.6,148.0,59.2,27.3,31.7,17.4,97.25,0.0369,115.6,3,0,1920
1365,0.4777,586.0,3032.0,614.0,3056.0,28.0,24.0,26.0,1.5,1.286,1.393,638396.270418,3863549.748262,128.5,133.6,51.9,27.4,28.8,17.8,86.74,0.0242,104.7,3,0,1920
1366,0.4775,1659.0,3187.0,1685.0,3208.0,26.0,21.0,23.5,1.393,1.125,1.259,638453.719288,3863541.522758,139.3,147.7,58.8,24.9,30.0,15.7,97.33,0.037,115.3,3,0,1920
1367,0.4773,990.0,2398.0,1014.0,2422.0,24.0,24.0,24.0,1.286,1.286,1.286,638417.813744,3863583.722006,106.4,118.3,32.3,21.2,22.9,12.3,97.9,0.062,85.6,3,0,1920
1368,0.4767,1526.0,3655.0,1558.0,3687.0,32.0,32.0,32.0,1.715,1.715,1.715,638446.75254,3863516.149623,130.9,137.3,57.7,32.1,33.1,19.2,86.05,0.0304,108.6,3,0,1920
1369,0.4756,906.0,3016.0,931.0,3040.0,25.0,24.0,24.5,1.34,1.286,1.313,638413.338949,3863550.605644,158.8,156.9,77.6,26.7,32.5,19.5,77.34,-0.0081,131.1,3,0,1920
1370,0.4755,1885.0,3587.0,1918.0,3614.0,33.0,27.0,30.0,1.768,1.447,1.608,638466.018276,3863519.927461,117.0,125.9,40.4,28.7,29.1,14.9,94.33,0.044,94.4,3,0,1920
1371,0.4755,1729.0,2531.0,1757.0,2557.0,28.0,26.0,27.0,1.5,1.393,1.447,638457.524203,3863576.541436,111.0,119.3,40.1,21.3,21.0,16.1,87.48,0.0437,90.1,3,0,1920
1372,0.4751,1693.0,2449.0,1717.0,2474.0,24.0,25.0,24.5,1.286,1.34,1.313,638455.48777,3863580.962309,137.8,141.2,60.5,24.8,25.0,20.5,84.07,0.0154,113.1,3,0,1920
1373,0.4747,1675.0,2405.0,1706.0,2436.0,31.0,31.0,31.0,1.661,1.661,1.661,638454.710709,3863583.159349,142.9,141.7,60.3,25.4,24.8,18.5,80.15,-0.0054,115.0,3,0,1920
1374,0.4744,1756.0,2955.0,1788.0,2984.0,32.0,29.0,30.5,1.715,1.554,1.634,638459.078324,3863553.740445,119.4,118.6,48.9,21.6,22.5,16.6,68.91,-0.0042,95.6,3,0,1920
1375,0.4742,1129.0,3937.0,1154.0,3959.0,25.0,22.0,23.5,1.34,1.179,1.259,638425.2896,3863501.306206,138.1,147.1,43.8,30.6,29.7,24.7,112.25,0.0371,109.6,3,0,1920
1376,0.473,835.0,1985.0,857.0,2005.0,22.0,20.0,21.0,1.179,1.072,1.125,638409.453647,3863605.96034,105.4,122.7,31.5,23.8,24.0,15.3,108.55,0.088,86.5,3,0,1920
1377,0.4728,1976.0,2403.0,2001.0,2425.0,25.0,22.0,23.5,1.34,1.179,1.259,638470.680638,3863583.507661,127.6,135.3,46.8,32.0,30.4,20.1,96.28,0.0357,103.2,3,0,1920
1378,0.4721,1241.0,2721.0,1249.0,2748.0,8.0,27.0,17.5,0.429,1.447,0.938,638430.836202,3863566.333237,97.4,90.3,54.7,17.3,19.6,22.8,28.37,-0.0539,80.8,3,0,1920
1379,0.4721,1119.0,2747.0,1143.0,2769.0,24.0,22.0,23.0,1.286,1.179,1.233,638424.726901,3863565.073957,122.9,130.6,47.2,28.7,28.4,19.8,90.93,0.0369,100.2,3,0,1920
1380,0.4717,1070.0,2609.0,1104.0,2640.0,34.0,31.0,32.5,1.822,1.661,1.742,638422.368925,3863572.227735,121.0,129.8,42.3,35.3,37.4,22.4,96.25,0.0422,97.7,3,0,1920
1381,0.4714,688.0,2350.0,719.0,2380.0,31.0,30.0,30.5,1.661,1.608,1.634,638401.817021,3863586.133391,150.4,158.1,56.2,27.5,25.1,28.5,109.65,0.0305,121.6,3,0,1920
1382,0.471,320.0,2424.0,347.0,2455.0,27.0,31.0,29.0,1.447,1.661,1.554,638381.988586,3863582.141209,149.1,149.3,64.5,24.0,30.2,16.7,85.07,0.001,121.0,3,0,1920
1383,0.4699,629.0,2904.0,648.0,2925.0,19.0,21.0,20.0,1.018,1.125,1.072,638398.333647,3863556.687694,148.6,141.5,69.7,26.3,26.8,17.8,64.64,-0.0323,119.9,3,0,1920
1384,0.4698,1388.0,2365.0,1414.0,2392.0,26.0,27.0,26.5,1.393,1.447,1.42,638439.196299,3863585.409976,115.0,121.3,54.2,21.5,17.1,23.4,73.32,0.0344,96.8,3,0,1920
1385,0.4695,1222.0,3558.0,1246.0,3584.0,24.0,26.0,25.0,1.286,1.393,1.34,638430.246708,3863521.508258,179.2,163.9,151.5,27.4,29.5,30.6,-2.93,-0.0798,164.8,3,0,1920
1386,0.4689,1529.0,3368.0,1561.0,3394.0,32.0,26.0,29.0,1.715,1.393,1.554,638446.913311,3863531.689664,135.1,141.7,51.8,29.9,28.3,21.4,96.5,0.0293,109.6,3,0,1920
1387,0.468,1790.0,3035.0,1835.0,3076.0,45.0,41.0,43.0,2.411,2.197,2.304,638461.248734,3863549.13202,121.4,124.7,50.2,25.7,27.5,19.8,77.77,0.0167,98.7,3,0,1920
1388,0.468,1948.0,3072.0,1983.0,3103.0,35.0,31.0,33.0,1.876,1.661,1.768,638469.448059,3863547.417256,131.8,131.4,51.5,28.3,31.2,17.4,79.48,-0.002,104.9,3,0,1920
1389,0.4678,843.0,2152.0,872.0,2182.0,29.0,30.0,29.5,1.554,1.608,1.581,638410.069937,3863596.743488,113.3,121.9,39.4,24.5,27.1,17.0,91.09,0.0438,91.5,3,0,1920
1390,0.4678,1175.0,2745.0,1210.0,2775.0,35.0,30.0,32.5,1.876,1.608,1.742,638428.022708,3863564.966785,108.4,120.2,40.6,28.3,29.2,16.6,91.39,0.0625,89.7,3,0,1920
1391,0.4678,953.0,3381.0,981.0,3407.0,28.0,26.0,27.0,1.5,1.393,1.447,638415.938081,3863530.993041,136.3,142.7,52.4,36.5,36.3,21.7,96.66,0.0281,110.5,3,0,1920
1392,0.4674,1094.0,2329.0,1119.0,2352.0,25.0,23.0,24.0,1.34,1.233,1.286,638423.413937,3863587.446257,138.8,146.1,56.6,28.8,29.1,19.6,96.7,0.0317,113.8,3,0,1920
1393,0.467,1604.0,3385.0,1625.0,3406.0,21.0,21.0,21.0,1.125,1.125,1.125,638450.637842,3863530.912662,126.1,133.6,55.0,36.8,32.0,26.5,86.09,0.0366,104.9,3,0,1920
1394,0.467,904.0,2971.0,931.0,2997.0,27.0,26.0,26.5,1.447,1.393,1.42,638413.285358,3863552.963443,140.3,145.3,54.8,31.5,28.8,24.4,95.54,0.0216,113.5,3,0,1920
1395,0.4669,1474.0,3242.0,1503.0,3268.0,29.0,26.0,27.5,1.554,1.393,1.474,638443.885456,3863538.441543,114.9,123.8,46.2,28.6,28.2,18.7,86.48,0.0464,95.0,3,0,1920
1396,0.4663,1896.0,3626.0,1930.0,3657.0,34.0,31.0,32.5,1.822,1.661,1.742,638466.634565,3863517.730421,110.8,123.3,41.9,26.1,26.9,15.9,93.81,0.0649,92.0,3,0,1920
1397,0.465,1922.0,3816.0,1947.0,3840.0,25.0,24.0,24.5,1.34,1.286,1.313,638467.786758,3863507.736567,114.6,124.9,40.6,20.7,21.3,16.3,94.62,0.0518,93.4,3,0,1920
1398,0.4649,1079.0,3910.0,1102.0,3930.0,23.0,20.0,21.5,1.233,1.072,1.152,638422.556491,3863502.806623,122.6,133.8,45.1,29.8,29.3,17.3,99.9,0.0531,100.5,3,0,1920
1399,0.4648,1538.0,3247.0,1564.0,3272.0,26.0,25.0,25.5,1.393,1.34,1.367,638447.234854,3863538.200405,117.8,113.0,46.5,18.0,21.0,14.3,61.72,-0.0261,92.5,3,0,1920
1400,0.4648,518.0,2424.0,541.0,2447.0,23.0,23.0,23.0,1.233,1.233,1.233,638392.492297,3863582.355554,109.7,119.4,43.0,25.2,30.6,15.7,86.18,0.0525,90.7,3,0,1920
1401,0.4647,878.0,2394.0,902.0,2418.0,24.0,24.0,24.0,1.286,1.286,1.286,638411.811623,3863583.936351,139.0,144.8,54.5,26.6,27.9,17.6,96.03,0.0251,112.8,3,0,1920
1402,0.4644,1801.0,3864.0,1825.0,3886.0,24.0,22.0,23.0,1.286,1.179,1.233,638461.275529,3863505.218009,133.1,135.7,57.7,29.7,29.8,24.7,80.67,0.0127,108.8,3,0,1920
1403,0.464,1978.0,2842.0,2000.0,2873.0,22.0,31.0,26.5,1.179,1.661,1.42,638470.707433,3863559.742116,109.3,114.3,43.8,24.4,25.4,16.1,75.63,0.0281,89.1,3,0,1920
1404,0.4634,1639.0,3801.0,1664.0,3826.0,25.0,25.0,25.0,1.34,1.34,1.34,638452.620685,3863508.513569,90.4,100.7,40.3,26.9,24.6,20.4,70.62,0.0683,77.1,3,0,1920
1405,0.4631,1500.0,2255.0,1509.0,2286.0,9.0,31.0,20.0,0.482,1.661,1.072,638444.742902,3863591.197301,133.5,131.7,60.1,20.1,26.8,14.6,69.86,-0.0087,108.4,3,0,1920
1406,0.4631,1684.0,3029.0,1707.0,3051.0,23.0,22.0,22.5,1.233,1.179,1.206,638454.978661,3863549.962608,164.8,149.7,132.6,30.5,31.4,33.9,2.04,-0.0829,149.0,3,0,1920
1407,0.4616,1739.0,3221.0,1768.0,3247.0,29.0,26.0,27.5,1.554,1.393,1.474,638458.086902,3863539.566857,123.7,135.5,42.3,22.3,21.9,18.1,105.05,0.0547,100.5,3,0,1920
1408,0.4616,1607.0,3037.0,1628.0,3060.0,21.0,23.0,22.0,1.125,1.233,1.179,638450.798613,3863549.507124,109.1,116.9,41.0,23.7,25.8,12.8,83.64,0.0422,89.0,3,0,1920
1409,0.4615,1430.0,2290.0,1460.0,2318.0,30.0,28.0,29.0,1.608,1.5,1.554,638441.554275,3863589.402159,109.8,115.5,46.4,25.1,24.5,18.9,74.88,0.0321,90.6,3,0,1920
1410,0.4612,797.0,2519.0,829.0,2547.0,32.0,28.0,30.0,1.715,1.5,1.608,638407.685165,3863577.130885,144.7,146.2,53.1,33.4,30.6,24.4,94.59,0.0062,114.7,3,0,1920
1411,0.4604,734.0,3231.0,759.0,3256.0,25.0,25.0,25.0,1.34,1.34,1.34,638404.121406,3863539.057786,141.5,148.3,56.2,24.4,22.1,19.5,98.9,0.029,115.4,3,0,1920
1412,0.46,1113.0,3836.0,1132.0,3857.0,19.0,21.0,20.0,1.018,1.125,1.072,638424.271383,3863506.74522,117.1,124.3,45.5,28.8,31.3,18.0,86.04,0.0371,95.6,3,0,1920
1413,0.4598,1374.0,3950.0,1401.0,3967.0,27.0,17.0,22.0,1.447,0.911,1.179,638438.472829,3863500.743549,134.8,140.8,49.6,31.8,30.2,18.6,97.18,0.0266,108.4,3,0,1920
1414,0.4596,1329.0,2916.0,1350.0,2939.0,21.0,23.0,22.0,1.125,1.233,1.179,638435.900492,3863555.991072,114.0,123.3,40.1,30.1,33.5,18.3,92.66,0.0476,92.4,3,0,1920
1415,0.4592,600.0,2304.0,622.0,2325.0,22.0,21.0,21.5,1.179,1.125,1.152,638396.859912,3863588.839502,136.6,136.1,64.5,25.4,29.8,20.6,71.0,-0.0027,112.4,3,0,1920
1416,0.459,457.0,2665.0,485.0,2692.0,28.0,27.0,27.5,1.5,1.447,1.474,638389.357261,3863569.334072,146.6,145.4,60.0,24.1,25.6,19.6,84.13,-0.0054,117.3,3,0,1920
1417,0.4586,1551.0,2440.0,1587.0,2474.0,36.0,34.0,35.0,1.929,1.822,1.876,638448.19948,3863581.203448,137.6,139.9,60.6,26.8,27.8,21.2,81.55,0.0106,112.7,3,0,1920
1418,0.4584,1621.0,2125.0,1646.0,2151.0,25.0,26.0,25.5,1.34,1.393,1.367,638451.656059,3863598.297492,125.4,131.1,49.1,23.0,24.1,14.6,87.83,0.0277,101.9,3,0,1920
1419,0.4583,990.0,2005.0,1012.0,2026.0,22.0,21.0,21.5,1.179,1.125,1.152,638417.760154,3863604.861819,140.5,150.5,54.5,32.2,34.6,16.8,106.03,0.0426,115.2,3,0,1920
1420,0.4583,1269.0,3622.0,1291.0,3642.0,22.0,20.0,21.0,1.179,1.072,1.125,638432.711865,3863518.239491,142.0,143.6,56.4,37.4,36.2,26.5,88.84,0.007,114.0,3,0,1920
1421,0.4581,1069.0,2051.0,1089.0,2072.0,20.0,21.0,20.5,1.072,1.125,1.099,638421.940202,3863602.396848,134.4,141.1,53.4,30.5,31.3,18.3,94.37,0.0302,109.6,3,0,1920
1422,0.4579,999.0,2715.0,1024.0,2739.0,25.0,24.0,24.5,1.34,1.286,1.313,638418.322853,3863566.735134,135.1,141.3,44.2,22.3,23.6,16.0,103.26,0.0267,106.9,3,0,1920
1423,0.4579,1912.0,2003.0,1942.0,2030.0,30.0,27.0,28.5,1.608,1.447,1.527,638467.38483,3863604.808233,109.2,121.0,44.4,28.1,27.7,16.3,88.38,0.0634,91.5,3,0,1920
1424,0.4568,1731.0,2870.0,1756.0,2893.0,25.0,23.0,24.0,1.34,1.233,1.286,638457.550999,3863558.456044,124.7,129.7,58.6,27.6,28.8,19.2,76.23,0.026,104.3,3,0,1920
1425,0.4568,1365.0,3894.0,1391.0,3919.0,26.0,25.0,25.5,1.393,1.34,1.367,638437.963721,3863503.530039,156.5,149.1,66.1,32.0,36.7,26.4,75.55,-0.0311,123.9,3,0,1920
1426,0.4562,1615.0,2447.0,1645.0,2476.0,30.0,29.0,29.5,1.608,1.554,1.581,638451.468492,3863580.962309,148.2,149.5,62.8,25.3,25.3,21.9,88.0,0.0054,120.2,3,0,1920
1427,0.4559,653.0,3001.0,679.0,3025.0,26.0,24.0,25.0,1.393,1.286,1.34,638399.807382,3863551.409439,177.9,173.3,82.4,25.8,25.3,24.5,86.24,-0.0172,144.5,3,0,1920
1428,0.4555,833.0,3273.0,854.0,3294.0,21.0,21.0,21.0,1.125,1.125,1.125,638409.319672,3863536.914333,148.1,152.2,71.8,24.7,26.4,19.3,84.61,0.0181,124.0,3,0,1920
1429,0.455,1737.0,3683.0,1762.0,3710.0,25.0,27.0,26.0,1.34,1.447,1.393,638457.872541,3863514.783172,145.0,153.2,73.9,29.9,29.4,35.1,87.56,0.0366,124.0,3,0,1920
1430,0.4549,1216.0,3490.0,1236.0,3508.0,20.0,18.0,19.0,1.072,0.965,1.018,638429.817986,3863525.366475,147.5,153.1,54.9,34.6,32.5,25.7,103.78,0.0228,118.5,3,0,1920
1431,0.4549,1775.0,2182.0,1802.0,2209.0,27.0,27.0,27.0,1.447,1.447,1.447,638459.962565,3863595.216277,131.6,129.2,58.5,28.5,34.4,17.0,68.31,-0.012,106.4,3,0,1920
1432,0.4549,1615.0,2250.0,1642.0,2277.0,27.0,27.0,27.0,1.447,1.447,1.447,638451.388107,3863591.572406,137.1,134.6,66.3,27.3,31.9,18.1,65.94,-0.0118,112.7,3,0,1920
1433,0.4547,1125.0,2917.0,1152.0,2940.0,27.0,23.0,25.0,1.447,1.233,1.34,638425.128829,3863555.937485,140.7,141.8,57.7,28.1,29.4,20.5,85.06,0.0047,113.4,3,0,1920
1434,0.4542,1142.0,3672.0,1165.0,3694.0,23.0,22.0,22.5,1.233,1.179,1.206,638425.932684,3863515.506587,120.9,132.3,41.3,27.1,25.9,14.0,102.4,0.0539,98.2,3,0,1920
1435,0.4541,1583.0,2841.0,1619.0,2879.0,36.0,38.0,37.0,1.929,2.036,1.983,638449.914372,3863559.60815,114.2,115.8,49.2,26.7,25.8,20.1,68.09,0.0087,93.1,3,0,1920
1436,0.4537,784.0,2275.0,803.0,2294.0,19.0,19.0,19.0,1.018,1.018,1.018,638406.640153,3863590.447092,124.2,127.8,59.3,23.2,22.2,23.7,72.19,0.019,103.8,3,0,1920
1437,0.4531,1436.0,3769.0,1470.0,3802.0,34.0,33.0,33.5,1.822,1.768,1.795,638441.982998,3863510.013987,106.4,116.7,38.0,30.4,31.7,18.9,88.96,0.0555,87.1,3,0,1920
1438,0.4529,1450.0,3170.0,1492.0,3205.0,42.0,35.0,38.5,2.251,1.876,2.063,638442.947625,3863542.058622,132.9,140.4,47.3,34.0,33.6,21.3,100.49,0.033,106.9,3,0,1920
1439,0.4526,1552.0,3744.0,1593.0,3776.0,41.0,32.0,36.5,2.197,1.715,1.956,638448.387046,3863511.380439,136.7,135.4,63.4,30.2,33.1,22.4,70.72,-0.0062,111.8,3,0,1920
1440,0.4521,1508.0,2513.0,1533.0,2537.0,25.0,24.0,24.5,1.34,1.286,1.313,638445.600348,3863577.559576,123.0,128.9,44.5,23.1,24.4,17.2,90.33,0.0284,98.8,3,0,1920
1441,0.4515,1652.0,3340.0,1677.0,3364.0,25.0,24.0,24.5,1.34,1.286,1.313,638453.31736,3863533.243668,135.5,139.5,58.1,23.5,23.4,21.8,85.42,0.0187,111.0,3,0,1920
1442,0.4513,880.0,2580.0,899.0,2600.0,19.0,20.0,19.5,1.018,1.072,1.045,638411.784828,3863574.076464,136.6,140.9,48.6,35.6,31.7,26.9,96.72,0.019,108.7,3,0,1920
1443,0.4512,1906.0,2954.0,1931.0,2978.0,25.0,24.0,24.5,1.34,1.286,1.313,638466.929312,3863553.927997,115.2,120.8,44.7,20.7,22.0,15.4,81.7,0.0291,93.6,3,0,1920
1444,0.4511,1206.0,3657.0,1234.0,3679.0,28.0,22.0,25.0,1.5,1.179,1.34,638429.496443,3863516.310383,159.2,159.2,60.9,23.6,23.0,20.5,98.39,0.0,126.4,3,0,1920
1445,0.4503,1577.0,3789.0,1601.0,3815.0,24.0,26.0,25.0,1.286,1.393,1.34,638449.271287,3863509.129812,139.7,147.3,51.5,27.5,25.8,21.8,103.33,0.0322,112.8,3,0,1920
1446,0.4502,1267.0,3810.0,1291.0,3833.0,24.0,23.0,23.5,1.286,1.233,1.259,638432.658275,3863508.084878,149.0,150.8,66.2,29.9,30.9,25.5,86.45,0.0078,122.0,3,0,1920
1447,0.4501,2016.0,3230.0,2042.0,3255.0,26.0,25.0,25.5,1.393,1.34,1.367,638472.851047,3863539.111373,129.6,135.0,59.7,34.0,32.1,29.8,80.63,0.0262,108.1,3,0,1920
1448,0.4498,967.0,2474.0,992.0,2498.0,25.0,24.0,24.5,1.34,1.286,1.313,638416.607961,3863579.649444,134.5,139.8,58.5,32.2,31.9,21.3,86.52,0.0246,110.9,3,0,1920
1449,0.4495,1695.0,2164.0,1719.0,2188.0,24.0,24.0,24.0,1.286,1.286,1.286,638455.59495,3863596.261211,130.4,131.9,61.3,26.3,27.5,20.2,72.1,0.0075,107.9,3,0,1920
1450,0.4493,1867.0,3861.0,1896.0,3892.0,29.0,31.0,30.0,1.554,1.661,1.608,638464.946469,3863505.137629,118.6,117.1,53.6,23.6,24.8,18.5,62.07,-0.0081,96.4,3,0,1920
1451,0.4491,667.0,2535.0,693.0,2560.0,26.0,25.0,25.5,1.393,1.34,1.367,638400.557647,3863576.353883,140.6,140.4,56.1,30.6,28.9,27.3,84.13,-0.0009,112.4,3,0,1920
1452,0.4479,1119.0,3485.0,1148.0,3507.0,29.0,22.0,25.5,1.554,1.179,1.367,638424.860877,3863525.527234,152.6,159.4,49.0,28.6,26.6,22.7,117.13,0.0256,120.3,3,0,1920
1453,0.4477,472.0,2128.0,500.0,2163.0,28.0,35.0,31.5,1.5,1.876,1.688,638390.161117,3863597.895594,120.4,129.2,48.5,30.4,32.6,18.0,89.48,0.0435,99.4,3,0,1920
1454,0.4475,790.0,2437.0,816.0,2461.0,26.0,24.0,25.0,1.393,1.286,1.34,638407.149262,3863581.632138,163.5,146.8,78.6,26.5,31.5,19.3,51.68,-0.0717,129.6,3,0,1920
1455,0.4471,1436.0,3305.0,1473.0,3339.0,37.0,34.0,35.5,1.983,1.822,1.902,638442.063384,3863534.851258,141.0,141.6,53.4,37.1,34.5,27.7,88.89,0.0029,112.0,3,0,1920
1456,0.4466,1601.0,3862.0,1636.0,3894.0,35.0,32.0,33.5,1.876,1.715,1.795,638450.852203,3863505.05725,103.3,116.3,38.8,29.9,31.0,18.0,90.57,0.0722,86.1,3,0,1920
1457,0.4464,515.0,2712.0,541.0,2736.0,26.0,24.0,25.0,1.393,1.286,1.34,638392.411912,3863566.895893,144.9,141.4,61.9,24.0,26.8,18.5,75.93,-0.0157,116.1,3,0,1920
1458,0.4462,583.0,2453.0,611.0,2481.0,28.0,28.0,28.0,1.5,1.5,1.5,638396.109647,3863580.667584,140.4,139.9,65.8,23.8,25.0,17.0,73.67,-0.002,115.4,3,0,1920
1459,0.4461,1622.0,3112.0,1655.0,3144.0,33.0,32.0,32.5,1.768,1.715,1.742,638451.92401,3863545.247009,115.8,124.9,46.0,29.6,30.6,18.2,88.08,0.0471,95.6,3,0,1920
1460,0.446,1071.0,3082.0,1108.0,3116.0,37.0,34.0,35.5,1.983,1.822,1.902,638422.502901,3863546.801013,141.5,146.7,57.5,32.1,32.3,23.0,94.42,0.0225,115.3,3,0,1920
1461,0.4459,1872.0,3543.0,1905.0,3571.0,33.0,28.0,30.5,1.768,1.5,1.634,638465.321601,3863522.258467,111.4,119.0,46.2,25.5,26.2,17.2,80.41,0.0414,92.2,3,0,1920
1462,0.4458,1877.0,3063.0,1916.0,3102.0,39.0,39.0,39.0,2.09,2.09,2.09,638465.750324,3863547.685188,132.9,134.8,64.6,28.3,27.4,22.4,71.99,0.0091,110.8,3,0,1920
1463,0.4455,973.0,2356.0,999.0,2377.0,26.0,21.0,23.5,1.393,1.125,1.259,638416.956298,3863586.053012,143.1,153.5,62.1,27.9,28.9,17.3,101.67,0.0441,119.6,3,0,1920
1464,0.4451,1934.0,3939.0,1958.0,3965.0,24.0,26.0,25.0,1.286,1.393,1.34,638468.403047,3863501.09186,203.6,199.9,168.1,24.9,27.2,37.3,28.1,-0.0158,190.5,3,0,1920
1465,0.4451,893.0,2145.0,918.0,2166.0,25.0,21.0,23.0,1.34,1.125,1.233,638412.642274,3863597.359731,129.8,141.3,48.5,25.2,24.7,19.7,104.34,0.0519,106.6,3,0,1920
1466,0.4441,1611.0,2933.0,1641.0,2959.0,30.0,26.0,28.0,1.608,1.393,1.5,638451.254131,3863554.999724,134.0,141.5,62.3,18.3,19.5,17.7,86.76,0.0353,112.6,3,0,1920
1467,0.4433,974.0,2990.0,1004.0,3020.0,30.0,30.0,30.0,1.608,1.608,1.608,638417.117069,3863551.83813,129.2,136.7,50.6,33.9,31.9,26.8,93.52,0.0346,105.5,3,0,1920
1468,0.4431,1327.0,3486.0,1350.0,3505.0,23.0,19.0,21.0,1.233,1.018,1.125,638435.846901,3863525.554027,113.9,121.1,43.7,24.4,25.7,19.0,84.73,0.0378,92.9,3,0,1920
1469,0.4428,842.0,2431.0,867.0,2454.0,25.0,23.0,24.0,1.34,1.233,1.286,638409.909166,3863581.98045,162.4,161.2,71.8,21.6,22.1,19.1,88.19,-0.0049,131.8,3,0,1920
1470,0.4428,399.0,2305.0,424.0,2331.0,25.0,26.0,25.5,1.34,1.393,1.367,638386.168635,3863588.65195,122.5,136.6,46.3,19.9,21.2,13.3,104.46,0.0666,101.8,3,0,1920
1471,0.4425,1087.0,1920.0,1114.0,1940.0,27.0,20.0,23.5,1.447,1.072,1.259,638423.092395,3863609.443452,133.3,147.1,44.9,26.7,25.1,16.8,115.96,0.0585,108.4,3,0,1920
1472,0.4425,1544.0,1949.0,1570.0,1975.0,26.0,26.0,26.0,1.393,1.393,1.393,638447.556396,3863607.728689,123.2,133.3,49.3,24.4,25.7,18.3,94.12,0.0488,101.9,3,0,1920
1473,0.4424,2002.0,3532.0,2045.0,3571.0,43.0,39.0,41.0,2.304,2.09,2.197,638472.5563,3863522.553192,135.4,141.4,54.4,28.2,29.8,18.8,92.96,0.0269,110.4,3,0,1920
1474,0.4424,1106.0,1984.0,1140.0,2017.0,34.0,33.0,33.5,1.822,1.768,1.795,638424.298178,3863605.665615,136.8,143.9,57.5,26.2,25.6,20.2,93.54,0.0318,112.7,3,0,1920
1475,0.4418,1432.0,1976.0,1470.0,2023.0,38.0,47.0,42.5,2.036,2.519,2.278,638441.875817,3863605.719201,148.7,149.5,62.8,26.7,29.0,20.0,87.59,0.0037,120.4,3,0,1920
1476,0.4417,1047.0,2203.0,1084.0,2241.0,37.0,38.0,37.5,1.983,2.036,2.01,638421.216732,3863593.796239,127.0,135.7,51.9,32.0,36.5,19.8,92.59,0.0416,104.9,3,0,1920
1477,0.4413,970.0,3310.0,990.0,3329.0,20.0,19.0,19.5,1.072,1.018,1.045,638416.634756,3863534.985224,133.8,137.7,58.0,28.8,27.5,25.7,83.61,0.0183,109.9,3,0,1920
1478,0.4412,753.0,2566.0,778.0,2590.0,25.0,24.0,24.5,1.34,1.286,1.313,638405.139623,3863574.7195,126.6,135.8,49.1,35.9,33.8,26.2,95.91,0.0432,103.9,3,0,1920
1479,0.4409,1917.0,3322.0,1942.0,3345.0,25.0,23.0,24.0,1.34,1.233,1.286,638467.518806,3863534.235015,113.6,119.4,47.9,35.4,34.7,22.5,77.4,0.0315,93.6,3,0,1920
1480,0.4407,1376.0,3475.0,1408.0,3500.0,32.0,25.0,28.5,1.715,1.34,1.527,638438.713986,3863525.982718,117.5,120.0,52.3,26.5,27.4,20.2,70.27,0.0136,96.6,3,0,1920
1481,0.4405,318.0,2539.0,347.0,2569.0,29.0,30.0,29.5,1.554,1.608,1.581,638381.934996,3863576.005572,131.4,142.8,57.0,18.7,19.1,18.9,97.14,0.0522,110.4,3,0,1920
1482,0.4404,835.0,2069.0,863.0,2095.0,28.0,26.0,27.0,1.5,1.393,1.447,638409.614419,3863601.298327,109.6,124.8,39.4,25.8,25.5,15.7,100.44,0.0775,91.3,3,0,1920
1483,0.4404,1200.0,3768.0,1220.0,3789.0,20.0,21.0,20.5,1.072,1.125,1.099,638428.96054,3863510.389091,161.1,161.2,64.1,34.5,33.1,26.5,97.21,0.0004,128.8,3,0,1920
1484,0.4401,1048.0,1964.0,1085.0,2001.0,37.0,37.0,37.0,1.983,1.983,1.983,638421.270323,3863606.630169,117.0,125.1,47.7,31.6,31.0,21.8,85.44,0.0414,96.6,3,0,1920
1485,0.44,2012.0,1920.0,2040.0,1946.0,28.0,26.0,27.0,1.5,1.393,1.447,638472.690276,3863609.282693,126.0,134.2,56.4,30.7,32.2,22.6,86.08,0.0406,105.5,3,0,1920
1486,0.4399,447.0,2309.0,481.0,2344.0,34.0,35.0,34.5,1.822,1.876,1.849,638388.982129,3863588.196466,143.4,151.3,59.3,27.9,30.5,16.5,99.92,0.0335,118.0,3,0,1920
1487,0.4389,1178.0,3923.0,1201.0,3943.0,23.0,20.0,21.5,1.233,1.072,1.152,638427.861937,3863502.110001,139.8,144.2,44.7,35.2,35.2,20.7,104.03,0.0186,109.6,3,0,1920
1488,0.4385,1162.0,3507.0,1188.0,3529.0,26.0,22.0,24.0,1.393,1.179,1.286,638427.084877,3863524.348334,157.1,160.4,64.0,36.7,36.1,34.0,99.56,0.0127,127.2,3,0,1920
1489,0.4385,1233.0,3396.0,1258.0,3421.0,25.0,25.0,25.0,1.34,1.34,1.34,638430.862998,3863530.216039,166.9,163.1,77.4,37.3,39.4,30.7,81.85,-0.015,135.8,3,0,1920
1490,0.4382,1675.0,3701.0,1705.0,3729.0,30.0,28.0,29.0,1.608,1.5,1.554,638454.683914,3863513.791824,111.5,118.3,45.2,32.2,29.2,22.8,79.95,0.0369,91.7,3,0,1920
1491,0.4379,829.0,2396.0,849.0,2415.0,20.0,19.0,19.5,1.072,1.018,1.045,638409.078515,3863583.963144,133.1,134.9,60.8,28.2,25.0,23.6,75.98,0.0088,109.6,3,0,1920
1492,0.4375,538.0,2880.0,562.0,2904.0,24.0,24.0,24.0,1.286,1.286,1.286,638393.5909,3863557.893387,123.8,132.1,49.6,24.4,27.4,14.6,90.77,0.0404,101.8,3,0,1920
1493,0.4372,1448.0,2953.0,1473.0,2982.0,25.0,29.0,27.0,1.34,1.554,1.447,638442.384926,3863553.847618,200.9,189.1,179.4,28.0,31.8,33.6,-1.94,-0.0556,189.8,3,0,1920
1494,0.4371,1828.0,2239.0,1847.0,2259.0,19.0,20.0,19.5,1.018,1.072,1.045,638462.588493,3863592.349408,176.6,154.6,146.0,33.1,38.0,40.0,-13.39,-0.1188,159.1,3,0,1920
1495,0.4371,1841.0,2351.0,1871.0,2382.0,30.0,31.0,30.5,1.608,1.661,1.634,638463.579915,3863586.053012,105.1,111.0,36.1,24.4,25.7,16.9,80.81,0.033,84.1,3,0,1920
1496,0.4369,1868.0,3198.0,1904.0,3233.0,36.0,35.0,35.5,1.929,1.876,1.902,638465.187625,3863540.558204,106.1,114.7,48.4,33.5,33.0,26.9,74.83,0.0497,89.7,3,0,1920
1497,0.4369,1667.0,3887.0,1692.0,3912.0,25.0,25.0,25.0,1.34,1.34,1.34,638454.121215,3863503.905143,109.4,121.8,37.0,28.5,28.7,17.0,97.14,0.0635,89.4,3,0,1920
1498,0.4363,1849.0,3340.0,1887.0,3371.0,38.0,31.0,34.5,2.036,1.661,1.849,638464.222999,3863533.056116,135.1,135.7,45.6,30.3,33.8,24.4,90.7,0.0026,105.5,3,0,1920
1499,0.4361,1822.0,3417.0,1857.0,3452.0,35.0,35.0,35.0,1.876,1.876,1.876,638462.695674,3863528.822794,102.4,109.4,32.5,27.6,28.9,16.9,83.88,0.0389,81.4,3,0,1920
1500,0.4357,614.0,2550.0,634.0,2570.0,20.0,20.0,20.0,1.072,1.072,1.072,638397.556587,3863575.684054,159.6,162.2,77.5,35.9,32.9,33.8,87.29,0.0106,133.1,3,0,1920
1501,0.4355,1010.0,2281.0,1045.0,2318.0,35.0,37.0,36.0,1.876,1.983,1.929,638419.180298,3863589.643297,105.6,114.4,43.6,23.6,25.3,17.3,79.58,0.0497,87.8,3,0,1920
1502,0.4354,1881.0,2118.0,1902.0,2139.0,21.0,21.0,21.0,1.125,1.125,1.125,638465.482372,3863598.806562,128.9,136.7,59.7,20.5,20.9,15.4,84.82,0.0379,108.4,3,0,1920
1503,0.435,1428.0,2986.0,1452.0,3009.0,24.0,23.0,23.5,1.286,1.233,1.259,638441.286323,3863552.240028,121.7,129.2,46.8,28.6,29.8,21.3,89.94,0.0369,99.3,3,0,1920
1504,0.4342,1487.0,3096.0,1512.0,3121.0,25.0,25.0,25.0,1.34,1.34,1.34,638444.47495,3863546.291943,122.5,131.2,45.9,25.3,27.0,16.9,94.09,0.0422,99.9,3,0,1920
1505,0.4342,1908.0,3665.0,1949.0,3699.0,41.0,34.0,37.5,2.197,1.822,2.01,638467.465216,3863515.560174,111.2,120.3,44.4,26.5,27.4,17.1,85.03,0.0487,92.0,3,0,1920
1506,0.4339,1444.0,2182.0,1476.0,2213.0,32.0,31.0,31.5,1.715,1.661,1.688,638442.358131,3863595.109104,115.7,123.3,47.2,20.5,23.9,14.3,83.7,0.0394,95.4,3,0,1920
1507,0.4334,497.0,2575.0,522.0,2599.0,25.0,24.0,24.5,1.34,1.286,1.313,638391.42049,3863574.237223,142.8,142.8,61.1,29.4,31.7,19.0,81.65,-0.0002,115.6,3,0,1920
1508,0.433,1727.0,2646.0,1747.0,2666.0,20.0,20.0,20.0,1.072,1.072,1.072,638457.202661,3863570.539765,194.1,185.7,177.7,33.6,37.8,41.7,-0.32,-0.0414,185.8,3,0,1920
1509,0.4328,1126.0,2780.0,1156.0,2809.0,30.0,29.0,29.5,1.608,1.554,1.581,638425.262805,3863563.118056,135.9,138.8,60.3,28.9,30.7,19.7,81.39,0.0133,111.7,3,0,1920
1510,0.4327,1122.0,2591.0,1153.0,2618.0,31.0,27.0,29.0,1.661,1.447,1.554,638425.075238,3863573.299462,146.9,148.5,58.5,27.5,26.6,20.9,91.58,0.0068,118.0,3,0,1920
1511,0.4327,1673.0,3059.0,1698.0,3083.0,25.0,24.0,24.5,1.34,1.286,1.313,638454.442758,3863548.301431,124.5,134.8,45.7,24.8,25.9,16.4,99.34,0.0481,101.7,3,0,1920
1512,0.4325,1457.0,2553.0,1483.0,2577.0,26.0,24.0,25.0,1.393,1.286,1.34,638442.894034,3863575.416122,152.0,148.1,77.3,23.4,25.6,16.8,66.82,-0.0177,125.8,3,0,1920
1513,0.4323,1508.0,3816.0,1534.0,3841.0,26.0,25.0,25.5,1.393,1.34,1.367,638445.627143,3863507.709774,101.7,115.6,33.3,25.3,25.5,15.7,96.19,0.0755,83.6,3,0,1920
1514,0.4322,1600.0,2215.0,1626.0,2242.0,26.0,27.0,26.5,1.393,1.447,1.42,638450.557456,3863593.447928,122.3,129.6,54.2,25.4,23.3,21.5,82.67,0.0369,102.0,3,0,1920
1515,0.432,710.0,2997.0,756.0,3047.0,46.0,50.0,48.0,2.465,2.679,2.572,638403.397936,3863550.927162,170.0,159.3,147.9,32.7,33.7,34.7,0.55,-0.0594,159.1,3,0,1920
1516,0.432,1597.0,3675.0,1625.0,3702.0,28.0,27.0,27.5,1.5,1.447,1.474,638450.450275,3863515.211862,123.3,131.4,61.0,28.6,31.2,18.9,78.51,0.0418,105.2,3,0,1920
1517,0.4317,1423.0,2793.0,1449.0,2820.0,26.0,27.0,26.5,1.393,1.447,1.42,638441.071962,3863562.47502,148.3,151.5,64.1,26.2,24.1,22.0,90.48,0.0133,121.3,3,0,1920
1518,0.4314,518.0,1927.0,557.0,1963.0,39.0,36.0,37.5,2.09,1.929,2.01,638392.92102,3863608.639657,104.0,111.9,35.4,26.1,28.8,15.8,84.56,0.0443,83.8,3,0,1920
1519,0.4304,164.0,2185.0,208.0,2224.0,44.0,39.0,41.5,2.358,2.09,2.224,638374.084008,3863594.734,104.2,116.0,44.1,27.5,28.2,20.1,83.68,0.0669,88.1,3,0,1920
1520,0.4297,1306.0,2504.0,1337.0,2529.0,31.0,25.0,28.0,1.661,1.34,1.5,638434.935865,3863578.01506,146.7,147.3,68.7,28.3,29.4,29.2,79.25,0.0028,120.9,3,0,1920
1521,0.4293,1248.0,2360.0,1269.0,2380.0,21.0,20.0,20.5,1.125,1.072,1.099,638431.559672,3863585.86546,138.7,139.4,58.0,29.8,26.1,21.3,82.17,0.0034,112.0,3,0,1920
1522,0.429,1578.0,2769.0,1609.0,2803.0,31.0,34.0,32.5,1.661,1.822,1.742,638449.512444,3863563.57354,200.2,189.3,182.5,21.5,26.3,31.3,-4.17,-0.0528,190.7,3,0,1920
1523,0.429,405.0,2498.0,425.0,2519.0,20.0,21.0,20.5,1.072,1.125,1.099,638386.356201,3863578.443751,137.2,143.4,45.4,19.9,19.0,14.9,104.05,0.026,108.7,3,0,1920
1524,0.4283,1125.0,3730.0,1146.0,3749.0,21.0,19.0,20.0,1.125,1.018,1.072,638424.968058,3863512.478959,115.7,126.0,45.3,31.7,30.5,16.8,90.88,0.0521,95.7,3,0,1920
1525,0.4281,1994.0,3893.0,2028.0,3922.0,34.0,29.0,31.5,1.822,1.554,1.688,638471.886421,3863503.476453,87.0,94.2,34.6,16.6,18.1,12.0,66.84,0.0493,71.9,3,0,1920
1526,0.4281,1588.0,2524.0,1611.0,2548.0,23.0,24.0,23.5,1.233,1.286,1.259,638449.833986,3863576.970126,95.3,101.3,39.8,14.8,15.3,13.2,67.47,0.0383,78.8,3,0,1920
1527,0.4275,1624.0,3579.0,1643.0,3598.0,19.0,19.0,19.0,1.018,1.018,1.018,638451.656059,3863520.570497,125.0,129.1,51.5,29.9,27.1,21.2,81.77,0.0204,101.9,3,0,1920
1528,0.4275,1866.0,2872.0,1910.0,2903.0,44.0,31.0,37.5,2.358,1.661,2.01,638465.294806,3863558.134526,123.1,125.3,53.0,25.3,28.2,16.0,74.56,0.0113,100.5,3,0,1920
1529,0.4269,1078.0,3613.0,1103.0,3639.0,25.0,26.0,25.5,1.34,1.393,1.367,638422.556491,3863518.561009,110.9,122.5,42.2,31.6,30.4,17.7,91.99,0.0608,91.9,3,0,1920
1530,0.4259,302.0,1990.0,325.0,2016.0,23.0,26.0,24.5,1.233,1.393,1.313,638380.916779,3863605.531649,114.8,121.5,42.0,27.4,27.8,15.2,86.29,0.0347,92.7,3,0,1920
1531,0.4254,526.0,2252.0,564.0,2291.0,38.0,39.0,38.5,2.036,2.09,2.063,638393.322948,3863591.143715,153.9,151.7,66.6,29.2,36.1,21.8,82.89,-0.0092,124.1,3,0,1920
1532,0.4253,688.0,2186.0,710.0,2206.0,22.0,20.0,21.0,1.179,1.072,1.125,638401.575864,3863595.189484,138.3,143.6,46.2,30.5,29.1,20.2,102.69,0.0225,109.4,3,0,1920
1533,0.4252,1562.0,3450.0,1588.0,3478.0,26.0,28.0,27.0,1.393,1.5,1.447,638448.521022,3863527.241997,127.1,138.7,47.2,37.2,34.2,25.5,103.0,0.0529,104.3,3,0,1920
1534,0.4249,1366.0,2992.0,1401.0,3025.0,35.0,33.0,34.0,1.876,1.768,1.822,638438.258468,3863551.650578,109.1,118.2,39.9,29.4,27.1,21.3,87.44,0.0488,89.1,3,0,1920
1535,0.4248,994.0,2546.0,1028.0,2582.0,34.0,36.0,35.0,1.822,1.929,1.876,638418.296057,3863575.469709,122.1,123.7,49.8,26.6,30.2,19.0,75.54,0.0081,98.5,3,0,1920
1536,0.4247,1595.0,3831.0,1616.0,3850.0,21.0,19.0,20.0,1.125,1.018,1.072,638450.155528,3863507.066738,116.4,130.9,46.2,27.4,28.2,18.9,99.13,0.0718,97.8,3,0,1920
1537,0.4242,1122.0,2398.0,1159.0,2432.0,37.0,34.0,35.5,1.983,1.822,1.902,638425.236009,3863583.454074,106.3,115.3,44.5,31.4,31.0,23.2,79.82,0.0508,88.7,3,0,1920
1538,0.4231,671.0,2311.0,696.0,2335.0,25.0,24.0,24.5,1.34,1.286,1.313,638400.745213,3863588.384018,117.4,123.3,44.3,27.0,28.2,19.5,84.8,0.0297,95.0,3,0,1920
1539,0.4228,347.0,2000.0,374.0,2021.0,27.0,21.0,24.0,1.447,1.125,1.286,638383.435526,3863605.129751,111.7,116.5,46.3,21.3,26.7,15.7,75.1,0.0268,91.5,3,0,1920
1540,0.4224,1279.0,3098.0,1304.0,3121.0,25.0,23.0,24.0,1.34,1.233,1.286,638433.328154,3863546.238357,107.8,113.6,43.1,19.8,25.4,17.3,76.35,0.0325,88.2,3,0,1920
1541,0.4223,413.0,2074.0,449.0,2108.0,36.0,34.0,35.0,1.929,1.822,1.876,638387.213647,3863600.81605,111.8,123.3,44.8,26.8,26.9,21.3,90.04,0.0606,93.3,3,0,1920
1542,0.4222,915.0,3404.0,935.0,3424.0,20.0,20.0,20.0,1.072,1.072,1.072,638413.687286,3863529.921314,137.5,146.8,62.8,30.1,26.8,24.5,93.3,0.0421,115.7,3,0,1920
1543,0.4213,1265.0,2247.0,1299.0,2280.0,34.0,33.0,33.5,1.822,1.768,1.795,638432.819046,3863591.572406,92.8,101.2,31.3,20.0,20.2,13.7,78.36,0.0518,75.1,3,0,1920
1544,0.4212,395.0,1967.0,413.0,1984.0,18.0,17.0,17.5,0.965,0.911,0.938,638385.766707,3863607.005273,137.3,137.7,55.5,25.1,30.2,15.2,82.44,0.0015,110.2,3,0,1920
1545,0.4212,1751.0,3549.0,1776.0,3576.0,25.0,27.0,26.0,1.34,1.447,1.393,638458.622806,3863521.963742,157.3,162.5,79.3,35.5,32.5,44.1,88.39,0.0215,133.1,3,0,1920
1546,0.4205,1924.0,2405.0,1951.0,2429.0,27.0,24.0,25.5,1.447,1.286,1.367,638467.947529,3863583.346901,111.0,118.6,34.4,27.9,29.4,16.2,91.71,0.0385,88.0,3,0,1920
1547,0.4203,1185.0,2587.0,1225.0,2625.0,40.0,38.0,39.0,2.144,2.036,2.09,638428.692588,3863573.219082,117.0,122.3,47.4,34.2,36.4,21.2,80.26,0.0279,95.6,3,0,1920
1548,0.42,875.0,2937.0,903.0,2962.0,28.0,25.0,26.5,1.5,1.34,1.42,638411.758033,3863554.812172,107.8,121.0,39.1,30.7,30.2,20.1,95.12,0.0698,89.3,3,0,1920
1549,0.4198,1344.0,3527.0,1367.0,3544.0,23.0,17.0,20.0,1.233,0.911,1.072,638436.757938,3863523.410573,101.3,110.0,35.3,25.3,26.4,12.8,83.47,0.0497,82.2,3,0,1920
1550,0.4192,834.0,2115.0,862.0,2139.0,28.0,24.0,26.0,1.5,1.286,1.393,638409.560828,3863598.886942,109.0,125.9,35.6,24.8,24.9,12.2,107.18,0.0848,90.2,3,0,1920
1551,0.4191,1243.0,2891.0,1271.0,2915.0,28.0,24.0,26.0,1.5,1.286,1.393,638431.479287,3863557.303937,136.3,142.4,58.8,23.8,23.9,19.2,89.64,0.0276,112.5,3,0,1920
1552,0.4189,1635.0,2330.0,1665.0,2359.0,30.0,29.0,29.5,1.608,1.554,1.581,638452.5403,3863587.231912,123.6,130.0,55.5,20.2,24.3,17.8,81.03,0.0325,103.0,3,0,1920
1553,0.4188,1961.0,2607.0,1991.0,2635.0,30.0,28.0,29.0,1.608,1.5,1.554,638470.010758,3863572.415287,126.7,131.8,50.3,27.4,25.4,24.7,86.56,0.0245,102.9,3,0,1920
1554,0.4188,1812.0,3907.0,1844.0,3919.0,32.0,12.0,22.0,1.715,0.643,1.179,638462.079384,3863503.181728,111.9,115.4,42.3,25.9,24.5,18.4,76.53,0.0188,89.9,3,0,1920
1555,0.4182,1928.0,2857.0,1952.0,2881.0,24.0,24.0,24.0,1.286,1.286,1.286,638468.081505,3863559.125873,113.6,115.7,51.0,21.3,21.8,18.4,66.84,0.0121,93.4,3,0,1920
1556,0.418,750.0,3513.0,770.0,3535.0,20.0,22.0,21.0,1.072,1.179,1.125,638404.844876,3863524.026816,133.9,139.4,61.3,28.3,26.4,18.4,83.68,0.0261,111.6,3,0,1920
1557,0.4177,732.0,2098.0,756.0,2124.0,24.0,26.0,25.0,1.286,1.393,1.34,638403.98743,3863599.744323,124.1,135.2,41.4,21.9,21.6,14.6,104.92,0.0509,100.2,3,0,1920
1558,0.4176,91.0,2124.0,123.0,2156.0,32.0,32.0,32.0,1.715,1.715,1.715,638369.850369,3863598.190319,100.6,106.9,44.4,23.3,27.1,16.6,68.82,0.0389,84.0,3,0,1920
1559,0.4174,1851.0,2997.0,1878.0,3023.0,27.0,26.0,26.5,1.447,1.393,1.42,638464.035433,3863551.570198,115.6,120.2,48.1,25.7,23.4,25.9,76.75,0.0246,94.6,3,0,1920
1560,0.4173,967.0,3744.0,993.0,3769.0,26.0,25.0,25.5,1.393,1.34,1.367,638416.634756,3863511.567991,133.0,140.1,52.3,29.4,30.4,18.7,94.96,0.0322,108.5,3,0,1920
1561,0.4168,1778.0,3639.0,1810.0,3668.0,32.0,29.0,30.5,1.715,1.554,1.634,638460.257312,3863517.087385,134.1,124.9,69.3,24.1,25.0,19.2,46.35,-0.0486,109.4,3,0,1920
1562,0.4158,1216.0,2274.0,1241.0,2298.0,25.0,24.0,24.5,1.34,1.286,1.313,638429.951961,3863590.366713,127.5,123.4,56.0,21.3,23.0,17.4,63.26,-0.0211,102.3,3,0,1920
1563,0.415,1541.0,2836.0,1564.0,2864.0,23.0,28.0,25.5,1.233,1.5,1.367,638447.315239,3863560.144014,191.8,184.9,183.2,36.4,36.6,39.3,-5.16,-0.0356,186.6,3,0,1920
1564,0.4148,1010.0,3195.0,1033.0,3215.0,23.0,20.0,21.5,1.233,1.072,1.152,638418.858756,3863541.120861,163.0,164.3,74.1,32.3,34.7,18.7,91.38,0.005,133.8,3,0,1920
1565,0.4147,1465.0,2226.0,1493.0,2252.0,28.0,26.0,27.0,1.5,1.393,1.447,638443.376347,3863592.885271,102.8,111.4,46.0,18.0,21.7,14.3,74.06,0.0514,86.7,3,0,1920
1566,0.4141,1965.0,3283.0,1999.0,3314.0,34.0,31.0,32.5,1.822,1.661,1.742,638470.3323,3863536.110537,141.9,143.5,71.1,30.3,27.0,29.4,73.96,0.0075,118.9,3,0,1920
1567,0.4138,990.0,3849.0,1017.0,3868.0,27.0,19.0,23.0,1.447,1.018,1.233,638417.89413,3863506.102184,167.8,170.8,67.5,26.8,24.4,29.5,106.22,0.0109,135.4,3,0,1920
1568,0.4136,1436.0,2495.0,1471.0,2529.0,35.0,34.0,34.5,1.876,1.822,1.849,638442.009793,3863578.256199,131.0,134.8,56.5,24.2,25.0,20.7,82.1,0.0183,107.4,3,0,1920
1569,0.4135,581.0,2949.0,615.0,2981.0,34.0,32.0,33.0,1.822,1.715,1.768,638396.163237,3863553.981584,186.7,171.3,151.8,29.9,30.4,33.0,4.15,-0.0746,169.9,3,0,1920
1570,0.413,1989.0,3317.0,2000.0,3342.0,11.0,25.0,18.0,0.589,1.34,0.965,638471.00218,3863534.449361,164.0,157.1,153.2,32.4,32.6,33.1,-2.98,-0.041,158.1,3,0,1920
1571,0.4128,1181.0,2014.0,1207.0,2040.0,26.0,26.0,26.0,1.393,1.393,1.393,638428.103094,3863604.245576,150.0,152.1,66.7,26.7,30.6,17.2,87.47,0.0089,122.9,3,0,1920
1572,0.4124,1165.0,2160.0,1194.0,2185.0,29.0,25.0,27.0,1.554,1.34,1.447,638427.326034,3863596.448763,126.5,137.6,46.3,28.0,26.1,20.2,102.31,0.0509,103.5,3,0,1920
1573,0.4123,1605.0,3532.0,1632.0,3544.0,27.0,12.0,19.5,1.447,0.643,1.045,638450.852203,3863523.276608,117.8,120.8,42.8,31.7,37.4,17.0,80.97,0.0154,93.8,3,0,1920
1574,0.4123,1179.0,3427.0,1203.0,3450.0,24.0,23.0,23.5,1.286,1.233,1.259,638427.942323,3863528.608449,166.4,167.6,65.2,28.8,30.7,22.1,103.69,0.0047,133.1,3,0,1920
1575,0.4122,1342.0,3350.0,1364.0,3373.0,22.0,23.0,22.5,1.179,1.233,1.206,638436.623962,3863532.734598,133.9,140.8,54.1,30.5,30.6,19.5,93.67,0.0315,109.6,3,0,1920
1576,0.4122,1506.0,2333.0,1529.0,2356.0,23.0,23.0,23.0,1.233,1.233,1.233,638445.439576,3863587.231912,131.4,133.8,60.1,23.3,24.3,21.4,76.04,0.0115,108.4,3,0,1920
1577,0.4119,1445.0,2697.0,1475.0,2727.0,30.0,30.0,30.0,1.608,1.608,1.608,638442.358131,3863567.538929,103.4,111.8,44.3,19.9,20.0,16.5,75.85,0.0491,86.5,3,0,1920
1578,0.4119,255.0,2004.0,276.0,2022.0,21.0,18.0,19.5,1.125,0.965,1.045,638378.344441,3863604.995785,100.3,108.9,39.2,18.7,20.0,13.7,78.2,0.0501,82.8,3,0,1920
1579,0.4118,1447.0,3644.0,1472.0,3669.0,25.0,25.0,25.0,1.34,1.34,1.34,638442.331335,3863516.926625,115.4,129.3,43.3,22.8,22.6,14.7,99.93,0.069,96.0,3,0,1920
1580,0.4118,1468.0,3049.0,1507.0,3086.0,39.0,37.0,38.0,2.09,1.983,2.036,638443.831866,3863548.488983,136.0,141.6,60.7,32.1,34.1,22.2,86.54,0.0259,112.8,3,0,1920
1581,0.4117,652.0,2692.0,679.0,2716.0,27.0,24.0,25.5,1.447,1.286,1.367,638399.780587,3863567.96762,149.2,146.9,73.1,29.6,27.4,34.3,71.59,-0.0102,123.1,3,0,1920
1582,0.4115,1969.0,2118.0,2009.0,2152.0,40.0,34.0,37.0,2.144,1.822,1.983,638470.707433,3863598.458251,117.7,117.3,42.1,24.3,30.3,16.6,74.86,-0.002,92.3,3,0,1920
1583,0.4101,1311.0,2705.0,1338.0,2732.0,27.0,27.0,27.0,1.447,1.447,1.447,638435.096636,3863567.190618,127.7,139.7,49.6,26.6,26.0,19.6,101.99,0.0548,105.7,3,0,1920
1584,0.4095,1357.0,3709.0,1379.0,3728.0,22.0,19.0,20.5,1.179,1.018,1.099,638437.427817,3863513.604272,153.0,156.2,58.9,24.0,22.7,20.9,100.39,0.0126,122.7,3,0,1920
1585,0.4094,1672.0,2902.0,1696.0,2926.0,24.0,24.0,24.0,1.286,1.286,1.286,638454.362372,3863556.714487,91.4,102.2,44.6,20.0,19.4,22.3,68.31,0.0724,79.4,3,0,1920
1586,0.4091,1708.0,2994.0,1730.0,3015.0,22.0,21.0,21.5,1.179,1.125,1.152,638456.238035,3863551.864923,125.4,139.0,47.8,23.8,22.1,15.0,104.9,0.0631,104.1,3,0,1920
1587,0.409,1941.0,3713.0,1969.0,3737.0,28.0,24.0,26.0,1.5,1.286,1.393,638468.88536,3863513.255961,114.4,122.6,42.1,30.0,32.6,16.3,88.64,0.0419,93.0,3,0,1920
1588,0.4089,1526.0,2557.0,1559.0,2590.0,33.0,33.0,33.0,1.768,1.768,1.768,638446.779336,3863574.960638,93.3,103.1,36.7,21.1,21.0,15.5,76.23,0.0615,77.7,3,0,1920
1589,0.4087,760.0,3122.0,790.0,3147.0,30.0,25.0,27.5,1.608,1.34,1.474,638405.648732,3863544.898698,152.2,157.3,61.3,28.8,28.8,20.5,101.04,0.0205,123.6,3,0,1920
1590,0.4084,1150.0,2830.0,1172.0,2851.0,22.0,21.0,21.5,1.179,1.125,1.152,638426.334612,3863560.653084,122.7,128.7,50.2,27.7,27.1,17.3,84.42,0.0297,100.5,3,0,1920
1591,0.4082,1877.0,2732.0,1911.0,2765.0,34.0,33.0,33.5,1.822,1.768,1.795,638465.616348,3863565.583028,135.7,128.8,73.5,22.6,23.8,27.6,48.4,-0.0362,112.7,3,0,1920
1592,0.4082,1368.0,2326.0,1394.0,2351.0,26.0,25.0,25.5,1.393,1.34,1.367,638438.124492,3863587.55343,121.3,124.4,52.0,23.1,24.7,14.3,75.41,0.016,99.2,3,0,1920
1593,0.4081,1267.0,3194.0,1294.0,3221.0,27.0,27.0,27.0,1.447,1.447,1.447,638432.73866,3863540.986895,93.7,106.0,28.8,20.3,21.5,12.0,89.44,0.0715,76.2,3,0,1920
1594,0.4078,2008.0,3736.0,2040.0,3765.0,32.0,29.0,30.5,1.715,1.554,1.634,638472.583096,3863511.889509,118.0,126.2,43.3,33.1,33.5,19.6,91.18,0.0408,95.9,3,0,1920
1595,0.4078,1466.0,3683.0,1496.0,3713.0,30.0,30.0,30.0,1.608,1.608,1.608,638443.483528,3863514.702792,134.5,135.2,62.0,31.8,29.3,22.4,74.04,0.0037,110.5,3,0,1920
1596,0.4077,1500.0,3057.0,1510.0,3084.0,10.0,27.0,18.5,0.536,1.447,0.991,638444.769697,3863548.328224,155.8,150.7,78.7,20.4,30.1,13.9,66.81,-0.0226,128.4,3,0,1920
1597,0.4077,1630.0,2292.0,1655.0,2317.0,25.0,25.0,25.0,1.34,1.34,1.34,638452.138372,3863589.375365,132.9,132.8,58.5,27.7,25.2,20.2,74.19,-0.0005,108.1,3,0,1920
1598,0.4065,1634.0,3613.0,1663.0,3641.0,29.0,28.0,28.5,1.554,1.5,1.527,638452.459914,3863518.507423,114.3,126.5,38.5,28.0,26.5,17.5,100.27,0.0607,93.1,3,0,1920
1599,0.4061,1095.0,2182.0,1125.0,2212.0,30.0,30.0,30.0,1.608,1.608,1.608,638423.601503,3863595.135898,117.4,123.1,49.5,27.1,27.7,22.0,79.34,0.0299,96.6,3,0,1920
1600,0.4061,1751.0,3739.0,1772.0,3759.0,21.0,20.0,20.5,1.125,1.072,1.099,638458.515625,3863511.969888,146.9,152.6,58.7,25.3,28.9,20.5,99.54,0.0235,119.4,3,0,1920
1601,0.406,1702.0,2315.0,1727.0,2341.0,25.0,26.0,25.5,1.34,1.393,1.367,638455.996878,3863588.116086,121.9,129.5,50.5,22.7,21.6,18.3,86.67,0.0379,100.7,3,0,1920
1602,0.4051,1163.0,2473.0,1195.0,2505.0,32.0,32.0,32.0,1.715,1.715,1.715,638427.299238,3863579.488685,110.7,117.8,47.7,26.7,27.7,20.6,77.08,0.0389,92.1,3,0,1920
1603,0.405,1282.0,3356.0,1310.0,3383.0,28.0,27.0,27.5,1.5,1.447,1.474,638433.569311,3863532.305907,113.7,119.0,31.6,28.9,26.0,21.2,92.59,0.0262,88.1,3,0,1920
1604,0.4049,793.0,3286.0,813.0,3303.0,20.0,17.0,18.5,1.072,0.911,0.991,638407.149262,3863536.324883,121.7,134.6,44.1,28.7,27.8,15.0,103.39,0.0607,100.1,3,0,1920
1605,0.4042,181.0,2065.0,222.0,2102.0,41.0,37.0,39.0,2.197,1.983,2.09,638374.914658,3863601.217948,136.9,139.8,60.8,23.6,25.2,18.8,81.96,0.0136,112.5,3,0,1920
1606,0.4036,637.0,2825.0,662.0,2851.0,25.0,26.0,25.5,1.34,1.393,1.367,638398.923141,3863560.78705,153.8,152.0,73.5,31.5,32.2,21.9,76.71,-0.0077,126.4,3,0,1920
1607,0.4034,1793.0,3688.0,1820.0,3711.0,27.0,23.0,25.0,1.447,1.233,1.34,638460.927192,3863514.622413,95.9,104.4,41.3,23.6,21.3,17.8,71.51,0.0535,80.5,3,0,1920
1608,0.4033,1207.0,3205.0,1227.0,3225.0,20.0,20.0,20.0,1.072,1.072,1.072,638429.335672,3863540.584997,166.8,165.8,75.4,26.2,27.5,24.5,89.41,-0.004,136.0,3,0,1920
1609,0.4032,1618.0,3068.0,1656.0,3105.0,38.0,37.0,37.5,2.036,1.983,2.01,638451.843625,3863547.470843,134.5,135.6,56.5,23.0,26.4,16.2,80.15,0.0052,108.8,3,0,1920
1610,0.4032,1716.0,2203.0,1736.0,2224.0,20.0,21.0,20.5,1.072,1.125,1.099,638456.613167,3863594.251723,119.7,127.1,57.6,30.5,29.3,35.0,76.9,0.0389,101.5,3,0,1920
1611,0.4032,1241.0,2520.0,1265.0,2545.0,24.0,25.0,24.5,1.286,1.34,1.313,638431.264925,3863577.157679,138.3,141.9,54.9,27.2,27.0,22.8,90.68,0.0162,111.7,3,0,1920
1612,0.4028,1577.0,2684.0,1606.0,2714.0,29.0,30.0,29.5,1.554,1.608,1.581,638449.405263,3863568.235552,114.2,118.4,48.9,24.3,23.5,22.5,73.75,0.023,93.8,3,0,1920
1613,0.4024,1138.0,2296.0,1178.0,2327.0,40.0,31.0,35.5,2.144,1.661,1.902,638426.173841,3863589.000261,123.8,126.3,56.0,29.0,32.9,21.3,72.75,0.0128,102.0,3,0,1920
1614,0.4023,1014.0,2759.0,1033.0,2779.0,19.0,20.0,19.5,1.018,1.072,1.045,638418.965937,3863564.484508,169.4,162.4,136.9,27.3,30.5,34.0,18.54,-0.0358,156.2,3,0,1920
1615,0.4021,1033.0,2318.0,1069.0,2354.0,36.0,36.0,36.0,1.929,1.929,1.929,638420.439672,3863587.687396,121.7,127.7,51.5,27.5,29.6,17.7,82.27,0.0305,100.3,3,0,1920
1616,0.4017,1738.0,2918.0,1768.0,2946.0,30.0,28.0,29.0,1.608,1.5,1.554,638458.060107,3863555.749933,114.6,122.4,47.3,28.0,28.6,19.4,82.87,0.041,94.8,3,0,1920
1617,0.4013,1583.0,2041.0,1604.0,2060.0,21.0,19.0,20.0,1.125,1.018,1.072,638449.512444,3863602.986297,124.2,135.7,55.5,28.6,26.5,28.3,91.7,0.0564,105.1,3,0,1920
1618,0.401,1015.0,3679.0,1038.0,3699.0,23.0,20.0,21.5,1.233,1.072,1.152,638419.126708,3863515.185069,149.2,155.2,59.8,28.2,27.3,20.2,101.5,0.0248,121.4,3,0,1920
1619,0.4006,778.0,2483.0,804.0,2506.0,26.0,23.0,24.5,1.393,1.233,1.313,638406.506177,3863579.19396,120.9,127.3,43.9,27.2,28.7,20.3,89.64,0.0309,97.4,3,0,1920
1620,0.4003,1928.0,2045.0,1954.0,2071.0,26.0,26.0,26.0,1.393,1.393,1.393,638468.135095,3863602.5844,121.1,130.7,46.4,29.4,27.9,19.9,93.8,0.0464,99.4,3,0,1920
1621,0.7667,3647.0,2419.0,3691.0,2461.0,44.0,42.0,43.0,2.358,2.251,2.304,638560.739243,3863582.114416,144.6,148.9,58.3,30.8,31.6,18.5,94.97,0.0183,117.3,4,1920,1920
1622,0.7486,2997.0,3916.0,3036.0,3951.0,39.0,35.0,37.0,2.09,1.876,1.983,638525.771531,3863502.083208,151.8,152.4,53.0,31.0,27.7,25.0,99.99,0.0023,119.1,4,1920,1920
1623,0.739,3621.0,2361.0,3669.0,2405.0,48.0,44.0,46.0,2.572,2.358,2.465,638559.453075,3863585.168837,123.8,132.0,55.9,31.4,34.7,19.4,84.28,0.0409,103.9,4,1920,1920
1624,0.7283,2413.0,2349.0,2461.0,2385.0,48.0,36.0,42.0,2.572,1.929,2.251,638494.715916,3863586.026219,138.9,144.9,67.2,31.4,33.1,20.8,83.73,0.0277,117.0,4,1920,1920
1625,0.7217,2791.0,2819.0,2833.0,2860.0,42.0,41.0,41.5,2.251,2.197,2.224,638514.812302,3863560.70667,127.2,133.1,53.4,29.8,32.1,18.4,85.51,0.0282,104.6,4,1920,1920
1626,0.7092,2789.0,2112.0,2831.0,2147.0,42.0,35.0,38.5,2.251,1.876,2.063,638514.705121,3863598.752976,128.5,134.3,57.7,25.0,26.9,17.5,82.35,0.0281,106.8,4,1920,1920
1627,0.6997,3792.0,3588.0,3832.0,3625.0,40.0,37.0,38.5,2.144,1.983,2.063,638568.402665,3863519.605943,115.8,129.4,39.5,26.6,25.5,16.0,103.54,0.0662,94.9,4,1920,1920
1628,0.6985,2913.0,3019.0,2966.0,3066.0,53.0,47.0,50.0,2.84,2.519,2.679,638521.645073,3863549.828642,145.8,148.4,63.2,28.1,27.9,20.2,87.74,0.0112,119.1,4,1920,1920
1629,0.6927,3150.0,2240.0,3177.0,2268.0,27.0,28.0,27.5,1.447,1.5,1.474,638533.649315,3863592.081476,144.6,143.6,65.5,29.5,31.1,18.8,77.1,-0.0046,117.9,4,1920,1920
1630,0.6858,2481.0,2010.0,2521.0,2046.0,40.0,36.0,38.0,2.144,1.929,2.036,638498.145699,3863604.19199,134.3,143.5,61.2,30.5,32.7,20.6,91.4,0.0423,113.0,4,1920,1920
1631,0.6807,3739.0,1972.0,3766.0,2001.0,27.0,29.0,28.0,1.447,1.554,1.5,638565.214039,3863606.415823,130.9,130.3,64.5,24.6,28.7,16.6,65.22,-0.0029,108.6,4,1920,1920
1632,0.6796,2434.0,2398.0,2471.0,2433.0,37.0,35.0,36.0,1.983,1.876,1.929,638495.546566,3863583.427281,137.9,143.3,57.9,33.0,32.9,21.5,90.9,0.0244,113.0,4,1920,1920
1633,0.6765,2330.0,3047.0,2377.0,3090.0,47.0,43.0,45.0,2.519,2.304,2.411,638490.24112,3863548.435397,122.0,131.1,53.0,32.7,33.8,21.1,87.14,0.0454,102.0,4,1920,1920
1634,0.6764,2359.0,3599.0,2402.0,3637.0,43.0,38.0,40.5,2.304,2.036,2.17,638491.68806,3863518.9897,128.1,136.6,55.1,28.1,30.2,19.9,90.02,0.0406,106.6,4,1920,1920
1635,0.6754,2760.0,2034.0,2791.0,2066.0,31.0,32.0,31.5,1.661,1.715,1.688,638512.856254,3863603.013091,153.4,152.8,76.1,29.5,36.4,17.8,76.01,-0.0028,127.4,4,1920,1920
1636,0.6747,3320.0,3252.0,3372.0,3298.0,52.0,46.0,49.0,2.787,2.465,2.626,638543.429556,3863537.369817,129.8,138.7,53.6,27.0,26.7,19.8,94.0,0.0414,107.4,4,1920,1920
1637,0.6741,2866.0,2153.0,2913.0,2189.0,47.0,36.0,41.5,2.519,1.929,2.224,638518.965555,3863596.529143,123.3,128.8,59.0,31.7,35.5,20.9,75.32,0.0284,103.7,4,1920,1920
1638,0.6713,2840.0,3468.0,2878.0,3504.0,38.0,36.0,37.0,2.036,1.929,1.983,638517.331049,3863526.063098,127.9,134.9,40.7,32.5,36.2,18.3,101.31,0.0319,101.2,4,1920,1920
1639,0.6706,2111.0,3468.0,2154.0,3505.0,43.0,37.0,40.0,2.304,1.983,2.144,638478.39765,3863526.036304,131.2,129.9,57.1,25.5,26.0,22.2,71.5,-0.0064,106.1,4,1920,1920
1640,0.6685,2507.0,3210.0,2555.0,3253.0,48.0,43.0,45.5,2.572,2.304,2.438,638499.75341,3863539.700823,128.7,138.6,50.6,34.5,35.4,19.9,97.95,0.046,106.0,4,1920,1920
1641,0.6684,3295.0,3156.0,3337.0,3196.0,42.0,40.0,41.0,2.251,2.144,2.197,638541.821845,3863542.674865,105.7,116.5,39.9,29.5,30.7,19.5,87.58,0.0598,87.4,4,1920,1920
1642,0.6682,3844.0,2742.0,3883.0,2779.0,39.0,37.0,38.0,2.09,1.983,2.036,638571.162569,3863564.939992,115.5,123.7,49.9,27.8,30.4,17.9,82.03,0.0434,96.4,4,1920,1920
1643,0.665,3427.0,2606.0,3461.0,2637.0,34.0,31.0,32.5,1.822,1.661,1.742,638548.681412,3863572.388494,113.7,117.9,41.6,25.8,27.2,14.9,80.5,0.0222,91.0,4,1920,1920
1644,0.6648,3516.0,2975.0,3555.0,3010.0,39.0,35.0,37.0,2.09,1.876,1.983,638553.58493,3863552.507959,106.9,117.8,44.9,33.0,34.7,17.4,83.85,0.0609,89.9,4,1920,1920
1645,0.664,2352.0,2695.0,2391.0,2732.0,39.0,37.0,38.0,2.09,1.983,2.036,638491.205747,3863567.45855,132.5,135.3,49.7,30.4,31.7,19.1,88.53,0.0131,105.8,4,1920,1920
1646,0.6601,2501.0,2057.0,2544.0,2094.0,43.0,37.0,40.0,2.304,1.983,2.144,638499.297892,3863601.646639,148.9,155.7,73.9,33.1,34.1,21.9,88.65,0.0296,126.1,4,1920,1920
1647,0.6591,2710.0,3468.0,2741.0,3501.0,31.0,33.0,32.0,1.661,1.768,1.715,638510.176736,3863526.143477,141.3,147.9,58.9,33.2,35.0,19.5,95.66,0.0287,116.0,4,1920,1920
1648,0.6564,2412.0,2676.0,2454.0,2717.0,42.0,41.0,41.5,2.251,2.197,2.224,638494.501554,3863568.369518,153.2,155.5,68.5,29.9,32.6,20.9,89.25,0.0096,125.7,4,1920,1920
1649,0.6549,3568.0,2598.0,3604.0,2631.0,36.0,33.0,34.5,1.929,1.768,1.849,638556.291243,3863572.763598,131.6,138.0,56.9,33.3,33.4,19.8,87.44,0.0299,108.9,4,1920,1920
1650,0.6544,3754.0,2697.0,3795.0,2733.0,41.0,36.0,38.5,2.197,1.929,2.063,638566.393027,3863567.37817,136.5,142.2,63.3,25.8,27.6,18.2,84.66,0.0265,114.0,4,1920,1920
1651,0.6504,3828.0,2688.0,3865.0,2725.0,37.0,37.0,37.0,1.983,1.983,1.983,638570.251533,3863567.833654,115.8,127.2,50.1,26.7,27.8,17.4,88.56,0.0592,97.7,4,1920,1920
1652,0.6422,2526.0,2415.0,2560.0,2449.0,34.0,34.0,34.0,1.822,1.822,1.822,638500.396494,3863582.543106,136.4,130.8,67.0,33.6,38.2,21.8,58.06,-0.0284,111.4,4,1920,1920
1653,0.6415,2704.0,3417.0,2741.0,3454.0,37.0,37.0,37.0,1.983,1.983,1.983,638510.015964,3863528.769208,124.1,128.9,56.3,29.6,34.9,19.3,77.43,0.0244,103.1,4,1920,1920
1654,0.6415,2926.0,2112.0,2970.0,2151.0,44.0,39.0,41.5,2.358,2.09,2.224,638522.100591,3863598.645803,117.1,119.5,52.5,37.9,38.4,27.2,69.42,0.013,96.3,4,1920,1920
1655,0.6388,2657.0,2975.0,2686.0,3000.0,29.0,25.0,27.0,1.554,1.34,1.447,638507.282856,3863552.775891,144.9,144.6,60.0,29.8,30.9,18.0,84.36,-0.0012,116.5,4,1920,1920
1656,0.6381,2912.0,2760.0,2953.0,2794.0,41.0,34.0,37.5,2.197,1.822,2.01,638521.269941,3863564.055817,109.0,120.9,44.6,28.7,31.5,18.1,88.28,0.0645,91.5,4,1920,1920
1657,0.6372,2241.0,2096.0,2281.0,2135.0,40.0,39.0,39.5,2.144,2.09,2.117,638485.284012,3863599.503185,138.8,147.9,69.6,30.4,32.4,19.8,87.34,0.0416,118.8,4,1920,1920
1658,0.6352,2081.0,3238.0,2123.0,3274.0,42.0,36.0,39.0,2.251,1.929,2.09,638476.763144,3863538.387957,142.2,141.6,60.9,32.4,31.4,24.5,80.14,-0.0026,114.9,4,1920,1920
1659,0.6342,3529.0,2501.0,3577.0,2541.0,48.0,40.0,44.0,2.572,2.144,2.358,638554.522761,3863577.773921,125.0,131.9,59.0,23.9,28.4,21.1,79.83,0.0349,105.3,4,1920,1920
1660,0.633,2810.0,3111.0,2857.0,3150.0,47.0,39.0,43.0,2.519,2.09,2.304,638515.964495,3863545.113044,139.5,150.1,57.0,35.1,34.5,20.0,103.73,0.0455,115.5,4,1920,1920
1661,0.63,3544.0,2882.0,3586.0,2917.0,42.0,35.0,38.5,2.251,1.876,2.063,638555.165846,3863557.491489,130.6,139.9,54.4,26.9,27.0,15.9,94.75,0.0429,108.3,4,1920,1920
1662,0.6294,2321.0,2601.0,2359.0,2634.0,38.0,33.0,35.5,2.036,1.768,1.902,638489.51765,3863572.602839,117.2,125.3,48.6,33.0,36.4,18.6,84.82,0.0419,97.0,4,1920,1920
1663,0.627,3559.0,3114.0,3595.0,3150.0,36.0,36.0,36.0,1.929,1.929,1.929,638555.80893,3863545.032664,119.3,122.0,47.3,25.5,27.1,16.3,77.51,0.0143,96.2,4,1920,1920
1664,0.6268,1929.0,3532.0,1969.0,3572.0,40.0,40.0,40.0,2.144,2.144,2.144,638468.563818,3863522.526399,139.5,141.0,59.4,31.9,31.9,20.0,83.07,0.0066,113.3,4,1920,1920
1665,0.6255,2155.0,2376.0,2195.0,2412.0,40.0,36.0,38.0,2.144,1.929,2.036,638480.67524,3863584.579387,119.5,123.0,57.5,31.8,36.8,20.5,68.93,0.0187,100.0,4,1920,1920
1666,0.6252,2432.0,2548.0,2473.0,2584.0,41.0,36.0,38.5,2.197,1.929,2.063,638495.546566,3863575.362536,135.1,137.7,71.1,29.8,33.0,21.8,69.14,0.0129,114.6,4,1920,1920
1667,0.625,2337.0,2646.0,2376.0,2685.0,39.0,39.0,39.0,2.09,2.09,2.09,638490.401891,3863570.030694,122.1,126.0,56.5,28.9,30.8,19.3,73.45,0.0207,101.5,4,1920,1920
1668,0.6217,2348.0,2344.0,2383.0,2379.0,35.0,35.0,35.0,1.876,1.876,1.876,638490.884205,3863586.320944,106.7,109.5,52.1,23.7,28.6,15.9,60.23,0.017,89.4,4,1920,1920
1669,0.6199,2377.0,2970.0,2420.0,3008.0,43.0,38.0,40.5,2.304,2.036,2.17,638492.652687,3863552.695512,123.2,129.8,53.2,32.0,33.7,18.7,83.13,0.0327,102.1,4,1920,1920
1670,0.6198,2313.0,2264.0,2352.0,2301.0,39.0,37.0,38.0,2.09,1.983,2.036,638489.115723,3863590.554265,135.4,138.5,68.5,30.0,29.6,23.8,73.09,0.0152,114.2,4,1920,1920
1671,0.6181,3090.0,3155.0,3131.0,3191.0,41.0,36.0,38.5,2.197,1.929,2.063,638530.809025,3863542.835624,121.6,130.4,56.5,27.6,28.6,19.6,82.55,0.0446,102.8,4,1920,1920
1672,0.6174,3425.0,2759.0,3465.0,2797.0,40.0,38.0,39.0,2.144,2.036,2.09,638548.735002,3863564.002231,144.4,147.6,64.5,31.1,32.3,18.4,86.22,0.0139,118.9,4,1920,1920
1673,0.6158,3821.0,2341.0,3859.0,2376.0,38.0,35.0,36.5,2.036,1.876,1.956,638569.903196,3863586.481703,135.1,144.0,55.0,28.3,29.5,18.2,97.97,0.0399,111.4,4,1920,1920
1674,0.6153,3878.0,3032.0,3914.0,3066.0,36.0,34.0,35.0,1.929,1.822,1.876,638572.904256,3863549.480331,121.4,132.3,42.4,29.6,28.8,16.2,100.82,0.0518,98.7,4,1920,1920
1675,0.6146,2909.0,2712.0,2941.0,2743.0,32.0,31.0,31.5,1.715,1.661,1.688,638520.868013,3863566.708341,124.8,132.6,61.5,30.1,31.9,21.0,78.94,0.0397,106.3,4,1920,1920
1676,0.6136,2889.0,3131.0,2932.0,3168.0,43.0,37.0,40.0,2.304,1.983,2.144,638520.090953,3863544.094903,108.1,121.4,50.7,30.7,30.6,19.7,84.06,0.0745,93.4,4,1920,1920
1677,0.6118,2961.0,3142.0,2998.0,3178.0,37.0,36.0,36.5,1.983,1.929,1.956,638523.788688,3863543.532246,130.2,138.2,62.3,28.4,29.5,21.0,83.8,0.0387,110.2,4,1920,1920
1678,0.611,2389.0,2772.0,2433.0,2814.0,44.0,42.0,43.0,2.358,2.251,2.304,638493.322566,3863563.198435,141.6,145.1,58.6,28.4,28.5,18.8,89.94,0.0153,115.1,4,1920,1920
1679,0.6107,3487.0,2932.0,3528.0,2965.0,41.0,33.0,37.0,2.197,1.768,1.983,638552.0844,3863554.865759,88.9,99.4,34.9,24.2,24.3,15.7,74.99,0.0686,74.4,4,1920,1920
1680,0.6089,3700.0,3413.0,3737.0,3447.0,37.0,34.0,35.5,1.983,1.822,1.902,638563.391966,3863529.063933,111.3,116.6,44.5,31.7,28.9,21.8,77.29,0.0286,90.8,4,1920,1920
1681,0.6083,2796.0,2295.0,2836.0,2330.0,40.0,35.0,37.5,2.144,1.876,2.01,638515.026663,3863588.946675,144.8,145.1,68.8,29.3,28.9,29.8,76.67,0.0016,119.6,4,1920,1920
1682,0.6073,2834.0,2728.0,2863.0,2756.0,29.0,28.0,28.5,1.554,1.5,1.527,638516.76835,3863565.931339,102.0,114.4,48.0,29.0,29.1,20.6,78.71,0.0731,88.1,4,1920,1920
1683,0.6057,3198.0,2819.0,3237.0,2857.0,39.0,38.0,38.5,2.09,2.036,2.063,638536.543194,3863560.78705,114.1,123.5,52.9,30.2,32.5,17.7,80.09,0.0511,96.8,4,1920,1920
1684,0.6048,3072.0,3310.0,3097.0,3334.0,25.0,24.0,24.5,1.34,1.286,1.313,638529.415676,3863534.851258,121.7,129.7,46.4,31.2,31.1,17.3,91.36,0.0394,99.3,4,1920,1920
1685,0.6044,3531.0,3021.0,3562.0,3053.0,31.0,32.0,31.5,1.661,1.715,1.688,638554.174424,3863550.123367,113.8,126.9,45.9,25.5,25.8,17.6,94.09,0.0671,95.5,4,1920,1920
1686,0.6035,2376.0,2560.0,2410.0,2593.0,34.0,33.0,33.5,1.822,1.768,1.795,638492.35794,3863574.799879,134.5,145.0,62.4,27.8,30.6,17.8,93.04,0.0482,114.0,4,1920,1920
1687,0.6031,2082.0,3749.0,2133.0,3794.0,51.0,45.0,48.0,2.733,2.411,2.572,638477.057891,3863510.764196,132.6,136.5,54.8,29.0,27.7,23.6,85.64,0.0183,108.0,4,1920,1920
1688,0.603,3636.0,2948.0,3665.0,2979.0,29.0,31.0,30.0,1.554,1.661,1.608,638559.747822,3863554.061963,113.3,124.6,43.1,26.0,26.3,17.1,92.78,0.058,93.6,4,1920,1920
1689,0.6029,3888.0,2659.0,3926.0,2697.0,38.0,38.0,38.0,2.036,2.036,2.036,638573.49375,3863569.360865,147.4,150.8,79.5,29.1,31.7,27.0,74.64,0.0156,125.9,4,1920,1920
1690,0.6025,3050.0,3031.0,3091.0,3067.0,41.0,36.0,38.5,2.197,1.929,2.063,638528.665411,3863549.480331,138.1,149.6,58.3,35.2,32.7,22.8,102.84,0.0501,115.3,4,1920,1920
1691,0.6018,2120.0,3840.0,2161.0,3877.0,41.0,37.0,39.0,2.197,1.983,2.09,638478.826373,3863506.102184,117.5,121.1,44.8,23.8,26.8,18.2,79.78,0.0182,94.5,4,1920,1920
1692,0.601,2486.0,2338.0,2518.0,2370.0,32.0,32.0,32.0,1.715,1.715,1.715,638498.199289,3863586.722841,124.9,127.9,59.5,25.9,29.7,17.9,71.35,0.0154,104.1,4,1920,1920
1693,0.6002,2211.0,2345.0,2248.0,2381.0,37.0,36.0,36.5,1.983,1.929,1.956,638483.595915,3863586.240564,127.0,128.5,56.2,29.4,28.4,20.0,73.83,0.0075,103.9,4,1920,1920
1694,0.5997,2871.0,3055.0,2901.0,3085.0,30.0,30.0,30.0,1.608,1.608,1.608,638518.777989,3863548.355017,120.1,127.9,56.4,34.3,35.3,20.6,79.38,0.041,101.4,4,1920,1920
1695,0.5985,3220.0,2463.0,3250.0,2493.0,30.0,30.0,30.0,1.608,1.608,1.608,638537.481026,3863580.078134,137.0,142.4,62.8,28.4,25.1,24.4,85.13,0.0252,114.0,4,1920,1920
1696,0.5981,3804.0,2598.0,3834.0,2629.0,30.0,31.0,30.5,1.608,1.661,1.634,638568.777798,3863572.817184,133.1,135.2,66.8,23.4,27.5,16.4,70.48,0.0104,111.7,4,1920,1920
1697,0.5978,3545.0,2684.0,3585.0,2725.0,40.0,41.0,40.5,2.144,2.197,2.17,638555.165846,3863567.940827,115.2,122.4,46.0,30.9,30.4,17.2,83.69,0.0377,94.5,4,1920,1920
1698,0.5976,3672.0,3071.0,3703.0,3104.0,31.0,33.0,32.0,1.661,1.768,1.715,638561.730665,3863547.417256,111.6,117.9,36.9,26.3,28.2,15.0,87.25,0.0328,88.8,4,1920,1920
1699,0.5972,3612.0,2672.0,3645.0,2703.0,33.0,31.0,32.0,1.768,1.661,1.715,638558.568834,3863568.851795,108.1,118.5,48.5,26.0,27.0,14.4,80.37,0.0583,91.7,4,1920,1920
1700,0.597,3001.0,2296.0,3043.0,2331.0,42.0,35.0,38.5,2.251,1.876,2.063,638526.066278,3863588.893088,122.2,129.9,52.3,31.0,32.3,20.1,85.19,0.0383,101.5,4,1920,1920
1701,0.5966,3388.0,2678.0,3422.0,2711.0,34.0,33.0,33.5,1.822,1.768,1.795,638546.591387,3863568.47669,129.7,135.0,67.7,31.5,34.0,22.6,72.56,0.0266,110.8,4,1920,1920
1702,0.5966,2265.0,2615.0,2292.0,2640.0,27.0,25.0,26.0,1.447,1.34,1.393,638486.221843,3863572.066976,116.5,122.5,52.2,28.9,28.8,18.8,76.14,0.0317,97.1,4,1920,1920
1703,0.5966,2388.0,3536.0,2422.0,3568.0,34.0,32.0,33.0,1.822,1.715,1.768,638493.001024,3863522.526399,168.9,166.0,75.8,25.5,26.8,23.6,87.28,-0.0112,136.9,4,1920,1920
1704,0.5964,2198.0,2743.0,2228.0,2773.0,30.0,30.0,30.0,1.608,1.608,1.608,638482.711674,3863565.073957,151.5,152.2,66.4,26.6,27.9,21.9,86.51,0.0031,123.4,4,1920,1920
1705,0.5936,3841.0,3827.0,3883.0,3867.0,42.0,40.0,41.0,2.251,2.144,2.197,638571.082184,3863506.718427,128.7,128.3,56.0,27.7,27.7,18.6,71.82,-0.0023,104.3,4,1920,1920
1706,0.5935,2458.0,2442.0,2483.0,2468.0,25.0,26.0,25.5,1.34,1.393,1.367,638496.511193,3863581.31062,124.5,134.6,57.3,28.3,28.8,21.0,87.41,0.0501,105.4,4,1920,1920
1707,0.593,3103.0,3235.0,3156.0,3280.0,53.0,45.0,49.0,2.84,2.411,2.626,638531.827242,3863538.307578,122.8,128.4,58.1,30.7,32.5,23.4,75.96,0.0292,103.1,4,1920,1920
1708,0.5893,3704.0,2759.0,3738.0,2790.0,34.0,31.0,32.5,1.822,1.661,1.742,638563.525942,3863564.189783,123.9,130.9,51.4,29.3,29.0,18.2,86.52,0.0345,102.0,4,1920,1920
1709,0.5891,2358.0,3172.0,2391.0,3199.0,33.0,27.0,30.0,1.768,1.447,1.608,638491.366518,3863542.165795,131.5,142.2,50.5,34.1,31.6,21.3,102.31,0.0476,108.1,4,1920,1920
1710,0.589,3889.0,2182.0,3925.0,2220.0,36.0,38.0,37.0,1.929,2.036,1.983,638573.49375,3863594.921552,116.9,117.9,55.2,24.3,27.2,19.2,63.71,0.0054,96.7,4,1920,1920
1711,0.5883,2351.0,3128.0,2386.0,3157.0,35.0,29.0,32.0,1.876,1.554,1.715,638491.044976,3863544.470007,105.5,119.4,42.5,28.0,29.1,18.5,90.72,0.0759,89.1,4,1920,1920
1712,0.5881,2812.0,2674.0,2857.0,2715.0,45.0,41.0,43.0,2.411,2.197,2.304,638516.018085,3863568.47669,117.7,119.9,54.6,26.6,29.0,20.7,67.48,0.0121,97.4,4,1920,1920
1713,0.588,2230.0,3285.0,2259.0,3309.0,29.0,24.0,26.5,1.554,1.286,1.42,638484.399771,3863536.190917,123.4,133.3,44.4,28.1,27.4,19.1,98.87,0.0469,100.4,4,1920,1920
1714,0.5879,2996.0,2121.0,3042.0,2163.0,46.0,42.0,44.0,2.465,2.251,2.358,638525.905507,3863598.083147,114.3,118.8,57.5,26.6,29.8,21.0,65.9,0.0259,96.8,4,1920,1920
1715,0.5879,2037.0,3139.0,2081.0,3177.0,44.0,38.0,41.0,2.358,2.036,2.197,638474.458758,3863543.639419,119.1,123.5,51.9,26.4,28.0,21.4,76.02,0.0232,98.1,4,1920,1920
1716,0.5863,2498.0,2872.0,2531.0,2903.0,33.0,31.0,32.0,1.768,1.661,1.715,638498.869169,3863558.134526,132.3,135.0,63.9,30.9,34.3,19.6,73.74,0.0132,110.4,4,1920,1920
1717,0.586,3468.0,3876.0,3495.0,3916.0,27.0,40.0,33.5,1.447,2.144,1.795,638550.69105,3863504.092696,199.8,194.9,184.3,29.1,31.3,33.2,5.72,-0.0231,193.0,4,1920,1920
1718,0.586,2124.0,3175.0,2164.0,3214.0,40.0,39.0,39.5,2.144,2.09,2.117,638479.013939,3863541.683517,143.2,138.9,56.8,27.8,29.3,20.4,77.78,-0.019,112.9,4,1920,1920
1719,0.5839,3888.0,2538.0,3924.0,2573.0,36.0,35.0,35.5,1.929,1.876,1.902,638573.44016,3863575.925193,118.6,134.0,46.2,27.7,31.6,16.7,103.27,0.0748,99.6,4,1920,1920
1720,0.5836,2942.0,2844.0,2972.0,2873.0,30.0,29.0,29.5,1.608,1.554,1.581,638522.582905,3863559.68853,126.6,138.5,61.2,33.8,34.6,22.2,89.23,0.0584,108.8,4,1920,1920
1721,0.5834,2846.0,2770.0,2886.0,2806.0,40.0,36.0,38.0,2.144,1.929,2.036,638517.706182,3863563.466367,117.7,124.6,53.7,29.6,29.4,23.5,77.75,0.0363,98.6,4,1920,1920
1722,0.5831,3283.0,3626.0,3326.0,3673.0,43.0,47.0,45.0,2.304,2.519,2.411,638541.205556,3863517.30173,134.2,139.8,55.1,26.9,25.5,21.6,90.29,0.0255,109.7,4,1920,1920
1723,0.583,2335.0,3667.0,2369.0,3703.0,34.0,36.0,35.0,1.822,1.929,1.876,638490.160735,3863515.399415,135.4,134.5,54.2,25.4,23.8,23.5,79.53,-0.0039,108.0,4,1920,1920
1724,0.5821,3803.0,2299.0,3843.0,2337.0,40.0,38.0,39.0,2.144,2.036,2.09,638568.992159,3863588.65195,108.4,118.4,54.1,17.1,20.7,12.4,74.24,0.0575,93.6,4,1920,1920
1725,0.5818,3807.0,2639.0,3847.0,2678.0,40.0,39.0,39.5,2.144,2.09,2.117,638569.206521,3863570.405799,108.9,118.3,48.5,25.2,26.9,15.7,79.28,0.0529,91.9,4,1920,1920
1726,0.5799,2721.0,2405.0,2754.0,2436.0,33.0,31.0,32.0,1.768,1.661,1.715,638510.81982,3863583.159349,117.1,119.0,48.3,30.3,32.4,17.9,72.53,0.0101,94.8,4,1920,1920
1727,0.5784,2345.0,2049.0,2390.0,2082.0,45.0,33.0,39.0,2.411,1.768,2.09,638490.991385,3863602.182502,148.8,155.3,68.3,30.8,31.3,21.9,93.61,0.028,124.1,4,1920,1920
1728,0.578,2768.0,2730.0,2807.0,2763.0,39.0,33.0,36.0,2.09,1.768,1.929,638513.499338,3863565.6902,124.3,133.1,51.8,24.9,23.5,18.4,90.18,0.043,103.1,4,1920,1920
1729,0.5773,3420.0,3930.0,3439.0,3963.0,19.0,33.0,26.0,1.018,1.768,1.393,638547.904351,3863501.386585,174.7,163.6,158.6,40.0,43.1,46.5,-6.14,-0.0618,165.6,4,1920,1920
1730,0.577,2233.0,2686.0,2275.0,2724.0,42.0,38.0,40.0,2.251,2.036,2.144,638484.908879,3863567.914034,138.5,140.2,62.9,31.9,34.0,21.7,79.04,0.008,113.8,4,1920,1920
1731,0.576,2615.0,3072.0,2647.0,3104.0,32.0,32.0,32.0,1.715,1.715,1.715,638505.112446,3863547.390463,109.9,118.5,51.3,28.9,28.2,19.4,75.76,0.0486,93.2,4,1920,1920
1732,0.5758,3505.0,2618.0,3539.0,2649.0,34.0,31.0,32.5,1.822,1.661,1.742,638552.86146,3863571.745458,105.5,119.9,43.7,25.6,26.3,14.8,90.57,0.0794,89.7,4,1920,1920
1733,0.5749,2242.0,2397.0,2272.0,2427.0,30.0,30.0,30.0,1.608,1.608,1.608,638485.06965,3863583.614833,123.7,133.0,53.9,27.8,29.4,19.2,88.3,0.0457,103.5,4,1920,1920
1734,0.5745,3449.0,2805.0,3482.0,2837.0,33.0,32.0,32.5,1.768,1.715,1.742,638549.833604,3863561.698018,149.0,156.0,63.9,27.4,28.0,17.6,99.18,0.0292,122.9,4,1920,1920
1735,0.5737,3008.0,2617.0,3040.0,2647.0,32.0,30.0,31.0,1.715,1.608,1.661,638526.173459,3863571.825837,124.8,137.8,59.0,29.2,26.7,22.0,91.8,0.0637,107.2,4,1920,1920
1736,0.5734,2847.0,3002.0,2885.0,3035.0,38.0,33.0,35.5,2.036,1.768,1.902,638517.706182,3863551.114714,132.7,144.0,56.8,31.1,35.2,18.8,98.39,0.051,111.2,4,1920,1920
1737,0.5725,2756.0,2498.0,2795.0,2531.0,39.0,33.0,36.0,2.09,1.768,1.929,638512.856254,3863578.122233,154.1,153.9,69.6,33.4,35.2,23.8,84.2,-0.0006,125.9,4,1920,1920
1738,0.571,2824.0,2918.0,2855.0,2949.0,31.0,31.0,31.0,1.661,1.661,1.661,638516.286037,3863555.669554,128.0,139.2,60.8,29.6,28.9,19.1,89.5,0.0539,109.3,4,1920,1920
1739,0.5709,2965.0,2929.0,2996.0,2957.0,31.0,28.0,29.5,1.661,1.5,1.581,638523.842278,3863555.160483,132.7,142.3,63.5,30.4,32.5,19.4,88.48,0.0456,112.9,4,1920,1920
1740,0.5704,2673.0,3019.0,2698.0,3043.0,25.0,24.0,24.5,1.34,1.286,1.313,638508.033121,3863550.444885,121.8,131.6,42.4,34.1,31.6,17.6,99.08,0.0467,98.6,4,1920,1920
1741,0.5695,2866.0,3326.0,2907.0,3363.0,41.0,37.0,39.0,2.197,1.983,2.09,638518.804784,3863533.645565,119.5,128.4,56.8,25.1,28.3,17.1,80.44,0.0464,101.6,4,1920,1920
1742,0.5687,2681.0,3057.0,2708.0,3085.0,27.0,28.0,27.5,1.447,1.5,1.474,638508.515434,3863548.301431,135.0,141.6,57.3,24.7,23.3,14.6,91.0,0.0303,111.3,4,1920,1920
1743,0.567,2987.0,3013.0,3024.0,3049.0,37.0,36.0,36.5,1.983,1.929,1.956,638525.182037,3863550.444885,136.5,143.8,55.4,37.0,34.8,21.4,95.63,0.0323,111.9,4,1920,1920
1744,0.567,2246.0,2732.0,2280.0,2763.0,34.0,31.0,32.5,1.822,1.661,1.742,638485.391192,3863565.636614,142.1,148.0,57.3,27.2,27.8,23.2,96.56,0.0254,115.8,4,1920,1920
1745,0.566,3616.0,2906.0,3649.0,2935.0,33.0,29.0,31.0,1.768,1.554,1.661,638558.783195,3863556.366176,109.8,118.5,48.0,22.4,24.0,15.6,79.25,0.0484,92.1,4,1920,1920
1746,0.5654,3384.0,2480.0,3422.0,2515.0,38.0,35.0,36.5,2.036,1.876,1.956,638546.484207,3863579.033201,110.2,118.5,45.4,25.3,27.9,14.5,81.28,0.0449,91.4,4,1920,1920
1747,0.5651,2232.0,1967.0,2266.0,1997.0,34.0,30.0,32.0,1.822,1.608,1.715,638484.640927,3863606.656962,128.3,141.2,62.8,23.4,24.4,16.9,91.27,0.0623,110.7,4,1920,1920
1748,0.5647,1961.0,2072.0,1985.0,2098.0,24.0,26.0,25.0,1.286,1.393,1.34,638469.849987,3863601.137568,141.3,140.3,52.0,29.4,33.3,17.8,87.28,-0.0045,111.2,4,1920,1920
1749,0.5642,3091.0,2907.0,3122.0,2937.0,31.0,30.0,30.5,1.661,1.608,1.634,638530.594664,3863556.285797,131.6,139.7,44.7,31.3,32.2,18.0,103.08,0.0358,105.3,4,1920,1920
1750,0.5636,3927.0,2257.0,3965.0,2294.0,38.0,37.0,37.5,2.036,1.983,2.01,638575.583774,3863590.929369,104.8,113.6,49.8,25.8,28.0,16.8,72.6,0.0524,89.4,4,1920,1920
1751,0.5633,2923.0,3333.0,2969.0,3371.0,46.0,38.0,42.0,2.465,2.036,2.251,638521.993411,3863533.243668,146.2,154.1,67.0,27.7,29.4,19.6,94.88,0.0336,122.4,4,1920,1920
1752,0.5632,2606.0,1992.0,2636.0,2024.0,30.0,32.0,31.0,1.608,1.715,1.661,638504.576543,3863605.263717,146.2,148.8,65.7,33.1,38.1,19.4,85.72,0.0115,120.2,4,1920,1920
1753,0.5628,2901.0,2972.0,2940.0,3009.0,39.0,37.0,38.0,2.09,1.983,2.036,638520.626856,3863552.615132,110.1,121.9,52.4,24.5,26.4,17.0,81.44,0.0659,94.8,4,1920,1920
1754,0.5619,2389.0,2267.0,2418.0,2294.0,29.0,27.0,28.0,1.554,1.447,1.5,638492.920638,3863590.661438,142.5,145.7,68.7,31.1,35.8,18.7,80.17,0.0146,119.0,4,1920,1920
1755,0.5619,2575.0,2945.0,2620.0,2981.0,45.0,36.0,40.5,2.411,1.929,2.17,638503.317169,3863554.088757,130.7,142.7,57.3,30.8,32.4,18.0,97.54,0.0558,110.2,4,1920,1920
1756,0.5619,2802.0,2590.0,2834.0,2624.0,32.0,34.0,33.0,1.715,1.822,1.768,638515.133844,3863573.165496,121.2,122.8,59.0,25.9,28.5,20.3,65.44,0.0089,101.0,4,1920,1920
1757,0.5616,3927.0,2605.0,3961.0,2640.0,34.0,35.0,34.5,1.822,1.876,1.849,638575.476593,3863572.334907,96.2,105.8,40.2,23.7,26.6,16.5,75.13,0.0591,80.7,4,1920,1920
1758,0.5611,3860.0,2265.0,3897.0,2301.0,37.0,36.0,36.5,1.983,1.929,1.956,638571.966425,3863590.527472,112.0,113.2,57.1,22.3,24.4,17.4,57.34,0.0071,94.1,4,1920,1920
1759,0.5609,3590.0,2120.0,3626.0,2153.0,36.0,33.0,34.5,1.929,1.768,1.849,638557.470231,3863598.377872,123.1,124.1,53.3,30.9,31.8,25.9,71.73,0.0048,100.1,4,1920,1920
1760,0.5601,2194.0,3335.0,2231.0,3373.0,37.0,38.0,37.5,1.983,2.036,2.01,638482.684879,3863533.136495,125.3,121.7,56.7,27.3,27.4,23.0,61.32,-0.019,101.2,4,1920,1920
1761,0.56,3684.0,2476.0,3709.0,2499.0,25.0,23.0,24.0,1.34,1.233,1.286,638562.212978,3863579.569064,137.4,144.8,66.2,35.0,34.0,23.8,85.97,0.0344,116.1,4,1920,1920
1762,0.5594,3353.0,3870.0,3387.0,3906.0,34.0,36.0,35.0,1.822,1.929,1.876,638544.715725,3863504.521386,128.1,129.6,57.5,27.7,27.4,19.2,73.49,0.0072,105.1,4,1920,1920
1763,0.5593,2672.0,3294.0,2699.0,3323.0,27.0,29.0,28.0,1.447,1.554,1.5,638508.033121,3863535.574674,129.4,132.9,48.9,30.5,31.5,18.3,87.45,0.0165,103.7,4,1920,1920
1764,0.5587,3048.0,2984.0,3082.0,3014.0,34.0,30.0,32.0,1.822,1.608,1.715,638528.370664,3863552.159648,150.2,158.7,65.9,28.6,27.3,17.9,101.24,0.0348,124.9,4,1920,1920
1765,0.5571,3614.0,2168.0,3651.0,2203.0,37.0,35.0,36.0,1.983,1.876,1.929,638558.783195,3863595.752141,136.6,141.2,58.7,27.1,28.7,19.8,87.09,0.0209,112.2,4,1920,1920
1766,0.556,2983.0,2775.0,3023.0,2812.0,40.0,37.0,38.5,2.144,1.983,2.063,638525.048061,3863563.171642,97.2,110.2,47.1,25.4,26.8,16.8,76.02,0.0807,84.9,4,1920,1920
1767,0.5559,2781.0,2543.0,2809.0,2572.0,28.0,29.0,28.5,1.5,1.554,1.527,638513.901266,3863575.81802,122.5,125.3,61.1,27.0,30.9,19.9,67.07,0.015,103.0,4,1920,1920
1768,0.5552,2929.0,2802.0,2960.0,2831.0,31.0,29.0,30.0,1.661,1.554,1.608,638521.913025,3863561.939156,125.4,132.6,53.2,27.6,28.9,16.8,86.58,0.0351,103.8,4,1920,1920
1769,0.5541,2261.0,2295.0,2303.0,2331.0,42.0,36.0,39.0,2.251,1.929,2.09,638486.409409,3863588.919881,123.6,130.4,59.7,32.9,29.5,24.0,77.58,0.035,104.6,4,1920,1920
1770,0.5533,3718.0,2430.0,3757.0,2465.0,39.0,35.0,37.0,2.09,1.876,1.983,638564.410183,3863581.712518,128.5,139.1,51.8,29.6,30.1,19.4,97.9,0.0492,106.4,4,1920,1920
1771,0.5531,3763.0,2225.0,3808.0,2263.0,45.0,38.0,41.5,2.411,2.036,2.224,638566.982521,3863592.617339,113.2,127.7,51.6,28.8,27.9,16.6,90.53,0.0763,97.5,4,1920,1920
1772,0.5521,3767.0,2360.0,3791.0,2384.0,24.0,24.0,24.0,1.286,1.286,1.286,638566.634183,3863585.758287,136.4,149.5,61.0,28.5,29.0,19.3,101.67,0.0584,115.6,4,1920,1920
1773,0.5507,3853.0,2420.0,3888.0,2455.0,35.0,35.0,35.0,1.876,1.876,1.876,638571.537702,3863582.248381,135.4,141.3,62.2,22.3,24.6,22.1,84.99,0.0275,113.0,4,1920,1920
1774,0.5506,2027.0,2234.0,2059.0,2262.0,32.0,28.0,30.0,1.715,1.5,1.608,638473.601312,3863592.402994,124.7,125.7,48.5,33.0,27.6,23.5,78.24,0.005,99.7,4,1920,1920
1775,0.5502,2840.0,2528.0,2869.0,2559.0,29.0,31.0,30.0,1.554,1.661,1.608,638517.089892,3863576.568229,115.8,118.1,52.8,30.4,33.0,21.0,67.57,0.0124,95.6,4,1920,1920
1776,0.5499,2449.0,2975.0,2486.0,3010.0,37.0,35.0,36.0,1.983,1.876,1.929,638496.350422,3863552.507959,119.5,129.1,58.5,34.7,33.8,25.4,80.2,0.0506,102.4,4,1920,1920
1777,0.5496,3216.0,3594.0,3243.0,3619.0,27.0,25.0,26.0,1.447,1.34,1.393,638537.186279,3863519.605943,114.7,122.0,42.6,24.5,26.5,17.1,86.6,0.0373,93.1,4,1920,1920
1778,0.5492,3500.0,3899.0,3532.0,3928.0,32.0,29.0,30.5,1.715,1.554,1.634,638552.539918,3863503.154935,129.0,137.0,41.8,28.1,26.3,25.0,103.28,0.0358,102.6,4,1920,1920
1779,0.5492,3766.0,2516.0,3794.0,2543.0,28.0,27.0,27.5,1.5,1.447,1.474,638566.687774,3863577.318438,135.7,143.5,55.4,29.8,31.5,18.8,95.86,0.0347,111.6,4,1920,1920
1780,0.549,3718.0,1921.0,3751.0,1953.0,33.0,32.0,32.5,1.768,1.715,1.742,638564.249412,3863609.068348,123.1,120.6,58.0,19.3,21.5,13.9,60.19,-0.0132,100.5,4,1920,1920
1781,0.5489,3468.0,3810.0,3495.0,3838.0,27.0,28.0,27.5,1.447,1.5,1.474,638550.69105,3863507.950913,124.4,125.4,46.5,23.5,25.9,15.6,79.9,0.0051,98.8,4,1920,1920
1782,0.5482,2644.0,2755.0,2684.0,2789.0,40.0,34.0,37.0,2.144,1.822,1.983,638506.880928,3863564.323749,138.7,144.0,57.1,26.7,25.1,19.8,92.14,0.0233,113.3,4,1920,1920
1783,0.5481,3148.0,2625.0,3179.0,2655.0,31.0,30.0,30.5,1.661,1.608,1.634,638533.649315,3863571.397146,138.8,148.2,57.0,35.8,34.8,24.3,100.73,0.0412,114.7,4,1920,1920
1784,0.5469,2261.0,2783.0,2301.0,2821.0,40.0,38.0,39.0,2.144,2.036,2.09,638486.355819,3863562.716158,111.1,116.2,46.2,30.6,33.8,19.4,75.09,0.0283,91.2,4,1920,1920
1785,0.5455,2457.0,2125.0,2485.0,2152.0,28.0,27.0,27.5,1.5,1.447,1.474,638496.537988,3863598.270699,150.8,151.6,70.0,32.0,34.5,22.8,82.37,0.0032,124.1,4,1920,1920
1786,0.5454,2759.0,2681.0,2797.0,2716.0,38.0,35.0,36.5,2.036,1.876,1.956,638512.99023,3863568.262345,113.8,123.2,45.8,28.9,28.7,18.2,86.8,0.0491,94.2,4,1920,1920
1787,0.545,2674.0,2004.0,2725.0,2050.0,51.0,46.0,48.5,2.733,2.465,2.599,638508.783386,3863604.245576,136.6,142.6,68.6,27.8,28.8,24.4,80.04,0.0286,116.0,4,1920,1920
1788,0.5445,3751.0,3784.0,3788.0,3819.0,37.0,35.0,36.0,1.983,1.876,1.929,638566.125075,3863509.156605,125.3,129.1,55.4,27.5,26.7,22.8,77.39,0.0189,103.3,4,1920,1920
1789,0.5441,2799.0,1993.0,2839.0,2030.0,40.0,37.0,38.5,2.144,1.983,2.063,638515.187434,3863605.076165,119.7,124.0,53.1,30.7,32.5,18.1,75.12,0.0223,98.9,4,1920,1920
1790,0.5438,3866.0,2583.0,3896.0,2614.0,30.0,31.0,30.5,1.608,1.661,1.634,638572.1004,3863573.62098,131.9,143.0,51.0,28.4,31.2,15.1,103.2,0.0497,108.6,4,1920,1920
1791,0.5436,2902.0,3483.0,2928.0,3509.0,26.0,26.0,26.0,1.393,1.393,1.393,638520.332109,3863525.527234,103.8,116.2,45.9,24.3,27.4,14.4,82.68,0.0711,88.7,4,1920,1920
1792,0.5436,3683.0,3625.0,3709.0,3651.0,26.0,26.0,26.0,1.393,1.393,1.393,638562.186183,3863517.917973,142.3,146.9,70.0,25.2,22.4,19.4,81.49,0.021,119.8,4,1920,1920
1793,0.5436,3548.0,3913.0,3575.0,3941.0,27.0,28.0,27.5,1.447,1.5,1.474,638554.978279,3863502.431519,175.6,162.4,148.9,34.5,38.3,39.5,0.44,-0.0695,162.3,4,1920,1920
1794,0.5434,2602.0,2996.0,2626.0,3021.0,24.0,25.0,24.5,1.286,1.34,1.313,638504.20141,3863551.650578,135.6,145.1,59.3,28.7,31.2,17.1,95.23,0.0426,113.3,4,1920,1920
1795,0.5425,3221.0,3099.0,3254.0,3128.0,33.0,29.0,31.0,1.768,1.554,1.661,638537.615002,3863546.024011,109.7,123.0,43.6,32.9,34.8,20.4,92.55,0.0699,92.1,4,1920,1920
1796,0.5412,2544.0,3392.0,2590.0,3433.0,46.0,41.0,43.5,2.465,2.197,2.331,638501.682663,3863530.001694,122.0,132.9,55.3,32.1,34.8,21.2,88.44,0.0546,103.4,4,1920,1920
1797,0.5411,2158.0,3259.0,2192.0,3291.0,34.0,32.0,33.0,1.822,1.715,1.768,638480.67524,3863537.369817,106.7,112.8,46.5,22.4,24.8,15.1,72.35,0.0349,88.7,4,1920,1920
1798,0.5411,3045.0,3792.0,3071.0,3825.0,26.0,33.0,29.5,1.393,1.768,1.581,638527.995531,3863508.781501,176.6,161.0,140.4,26.9,28.7,30.7,5.07,-0.079,159.3,4,1920,1920
1799,0.5408,3741.0,2310.0,3780.0,2343.0,39.0,33.0,36.0,2.09,1.768,1.929,638565.642762,3863588.196466,121.0,127.6,58.4,27.2,30.0,17.1,75.87,0.0348,102.3,4,1920,1920
1800,0.5407,2775.0,3463.0,2803.0,3487.0,28.0,24.0,26.0,1.5,1.286,1.393,638513.579724,3863526.652547,121.0,128.1,50.4,25.1,27.7,16.6,84.84,0.0356,99.8,4,1920,1920
1801,0.5405,2724.0,2992.0,2759.0,3025.0,35.0,33.0,34.0,1.876,1.768,1.822,638511.034181,3863551.650578,119.2,134.6,43.5,31.4,31.7,15.4,106.49,0.0732,99.1,4,1920,1920
1802,0.5401,2728.0,2283.0,2763.0,2318.0,35.0,35.0,35.0,1.876,1.876,1.876,638511.248543,3863589.589711,122.0,125.6,56.2,25.2,26.6,18.6,73.03,0.019,101.3,4,1920,1920
1803,0.5398,2588.0,2765.0,2619.0,2793.0,31.0,28.0,29.5,1.661,1.5,1.581,638503.638711,3863563.948644,122.5,127.9,60.7,25.6,28.9,17.8,72.51,0.0281,103.7,4,1920,1920
1804,0.5398,3874.0,2508.0,3908.0,2538.0,34.0,30.0,32.0,1.822,1.608,1.715,638572.636304,3863577.666749,112.9,122.9,40.8,28.7,29.7,15.2,92.1,0.0513,92.2,4,1920,1920
1805,0.5392,3504.0,2758.0,3533.0,2790.0,29.0,32.0,30.5,1.554,1.715,1.634,638552.673894,3863564.216576,131.6,142.5,62.4,31.4,31.5,21.6,90.93,0.0515,112.2,4,1920,1920
1806,0.5391,1955.0,3618.0,1988.0,3648.0,33.0,30.0,31.5,1.768,1.608,1.688,638469.769601,3863518.185905,167.6,164.2,61.5,29.3,31.2,17.5,99.24,-0.0128,131.1,4,1920,1920
1807,0.5388,2180.0,3466.0,2208.0,3492.0,28.0,26.0,27.0,1.5,1.393,1.447,638481.693457,3863526.438202,144.5,140.8,55.3,25.9,29.6,15.1,81.82,-0.016,113.5,4,1920,1920
1808,0.538,3860.0,2787.0,3890.0,2817.0,30.0,30.0,30.0,1.608,1.608,1.608,638571.778858,3863562.716158,127.8,135.1,49.8,26.2,27.9,18.0,92.69,0.0346,104.2,4,1920,1920
1809,0.5371,3328.0,2343.0,3364.0,2378.0,36.0,35.0,35.5,1.929,1.876,1.902,638543.429556,3863586.37453,143.7,148.2,60.0,37.1,32.3,33.1,92.72,0.0194,117.3,4,1920,1920
1810,0.5368,2341.0,1920.0,2379.0,1945.0,38.0,25.0,31.5,2.036,1.34,1.688,638490.589458,3863609.309486,146.7,144.8,78.0,23.8,26.1,18.6,64.83,-0.0092,123.2,4,1920,1920
1811,0.5364,3021.0,2692.0,3058.0,2725.0,37.0,33.0,35.0,1.983,1.768,1.876,638527.00411,3863567.726482,119.1,131.9,55.6,23.8,25.0,17.8,89.14,0.0657,102.2,4,1920,1920
1812,0.5363,3454.0,2331.0,3494.0,2368.0,40.0,37.0,38.5,2.144,1.983,2.063,638550.289123,3863586.96398,122.2,125.7,52.7,27.5,27.4,18.1,76.51,0.0179,100.2,4,1920,1920
1813,0.5361,2856.0,3241.0,2880.0,3265.0,24.0,24.0,24.0,1.286,1.286,1.286,638517.813362,3863538.548716,99.1,111.4,39.7,22.3,24.1,14.1,84.0,0.072,83.4,4,1920,1920
1814,0.5355,3553.0,2230.0,3587.0,2265.0,34.0,35.0,34.5,1.822,1.876,1.849,638555.433797,3863592.429787,123.0,129.2,49.5,28.7,32.2,17.7,85.94,0.0308,100.5,4,1920,1920
1815,0.5353,2381.0,2123.0,2428.0,2165.0,47.0,42.0,44.5,2.519,2.251,2.385,638492.974229,3863597.975974,142.6,151.9,60.3,29.2,30.3,20.1,101.0,0.0399,118.3,4,1920,1920
1816,0.5353,2648.0,1922.0,2688.0,1963.0,40.0,41.0,40.5,2.144,2.197,2.17,638507.09529,3863608.773623,123.7,130.9,58.4,28.0,28.7,18.0,79.75,0.037,104.4,4,1920,1920
1817,0.5352,1993.0,2165.0,2026.0,2194.0,33.0,29.0,31.0,1.768,1.554,1.661,638471.806035,3863596.073659,143.6,151.5,55.6,31.9,33.3,20.1,103.82,0.033,116.9,4,1920,1920
1818,0.5352,3181.0,1954.0,3214.0,1983.0,33.0,29.0,31.0,1.768,1.554,1.661,638535.471387,3863607.380378,113.6,119.5,48.9,27.7,32.9,17.1,76.63,0.0323,94.0,4,1920,1920
1819,0.5347,3656.0,3028.0,3697.0,3062.0,41.0,34.0,37.5,2.197,1.822,2.01,638561.141171,3863549.694676,105.4,113.0,45.4,26.6,27.9,17.0,75.2,0.044,87.9,4,1920,1920
1820,0.5345,2811.0,3315.0,2838.0,3340.0,27.0,25.0,26.0,1.447,1.34,1.393,638515.482181,3863534.556533,115.9,127.5,53.2,26.1,29.2,15.8,85.89,0.061,98.9,4,1920,1920
1821,0.5344,2864.0,2274.0,2899.0,2309.0,35.0,35.0,35.0,1.876,1.876,1.876,638518.536832,3863590.071988,84.5,94.8,43.9,21.3,26.4,15.1,61.29,0.0766,74.4,4,1920,1920
1822,0.5323,3737.0,2842.0,3772.0,2873.0,35.0,31.0,33.0,1.876,1.661,1.768,638565.321219,3863559.742116,120.2,129.0,48.1,29.9,30.4,18.8,89.7,0.044,99.1,4,1920,1920
1823,0.532,3287.0,3110.0,3313.0,3137.0,26.0,27.0,26.5,1.393,1.447,1.42,638540.964399,3863545.488148,94.1,107.7,34.0,28.3,27.7,17.8,87.28,0.081,78.6,4,1920,1920
1824,0.5316,3805.0,2833.0,3831.0,2857.0,26.0,24.0,25.0,1.393,1.286,1.34,638568.724208,3863560.411945,123.5,135.0,47.7,27.0,25.3,17.2,98.87,0.0547,102.1,4,1920,1920
1825,0.5312,3152.0,2432.0,3191.0,2469.0,39.0,37.0,38.0,2.09,1.983,2.036,638534.078038,3863581.551759,129.9,132.4,58.1,26.8,26.9,21.4,76.8,0.0123,106.8,4,1920,1920
1826,0.5305,2789.0,3536.0,2832.0,3573.0,43.0,37.0,40.0,2.304,1.983,2.144,638514.731916,3863522.392433,130.1,134.4,47.4,31.4,31.8,21.0,91.4,0.02,104.0,4,1920,1920
1827,0.5304,2910.0,3186.0,2946.0,3221.0,36.0,35.0,35.5,1.929,1.876,1.902,638521.028784,3863541.20124,119.9,127.3,53.0,26.4,29.3,17.9,81.6,0.0378,100.1,4,1920,1920
1828,0.5302,2407.0,2475.0,2433.0,2496.0,26.0,21.0,23.5,1.393,1.125,1.259,638493.804879,3863579.676237,121.3,134.3,63.0,27.6,29.2,18.3,84.21,0.0673,106.2,4,1920,1920
1829,0.53,2565.0,3139.0,2605.0,3185.0,40.0,46.0,43.0,2.144,2.465,2.304,638502.647289,3863543.425074,124.9,128.6,59.1,36.2,33.3,27.7,73.2,0.019,104.2,4,1920,1920
1830,0.5298,3655.0,2114.0,3687.0,2144.0,32.0,30.0,31.0,1.715,1.608,1.661,638560.846424,3863598.779769,124.4,130.7,56.4,25.2,26.8,18.6,80.6,0.0317,103.8,4,1920,1920
1831,0.5297,2182.0,2559.0,2211.0,2587.0,29.0,28.0,28.5,1.554,1.5,1.527,638481.827433,3863574.987431,139.0,147.7,62.4,26.4,27.4,20.2,93.97,0.0388,116.4,4,1920,1920
1832,0.5292,3229.0,3146.0,3265.0,3179.0,36.0,33.0,34.5,1.929,1.768,1.849,638538.12411,3863543.39828,111.4,123.2,38.1,30.7,31.5,15.8,97.0,0.0603,90.9,4,1920,1920
1833,0.5288,3907.0,2396.0,3941.0,2426.0,34.0,30.0,32.0,1.822,1.608,1.715,638574.404786,3863583.66842,124.3,131.3,46.9,20.9,22.7,16.2,91.4,0.0333,100.8,4,1920,1920
1834,0.5286,2793.0,3243.0,2814.0,3264.0,21.0,21.0,21.0,1.125,1.125,1.125,638514.356784,3863538.521923,129.8,142.3,57.7,22.7,23.0,16.1,97.12,0.0582,109.9,4,1920,1920
1835,0.5282,2931.0,1973.0,2971.0,2008.0,40.0,35.0,37.5,2.144,1.876,2.01,638522.261362,3863606.201478,148.8,148.6,72.4,34.3,32.6,27.0,76.01,-0.0008,123.2,4,1920,1920
1836,0.5282,3923.0,3868.0,3954.0,3891.0,31.0,23.0,27.0,1.661,1.233,1.447,638575.181846,3863504.97687,121.5,119.7,52.8,27.2,26.3,20.5,65.13,-0.0093,98.0,4,1920,1920
1837,0.5282,2885.0,2629.0,2913.0,2655.0,28.0,26.0,27.0,1.5,1.393,1.447,638519.474664,3863571.289974,112.1,120.4,47.9,24.2,24.4,15.4,80.72,0.0446,93.5,4,1920,1920
1838,0.5279,1944.0,3860.0,1967.0,3883.0,23.0,23.0,23.0,1.233,1.233,1.233,638468.912156,3863505.405561,128.0,134.9,46.1,21.4,21.6,13.9,95.72,0.0319,103.0,4,1920,1920
1839,0.5275,2699.0,2357.0,2735.0,2392.0,36.0,35.0,35.5,1.929,1.876,1.902,638509.721217,3863585.624321,120.1,123.8,59.7,33.0,34.8,23.4,67.74,0.0199,101.2,4,1920,1920
1840,0.5272,3078.0,3111.0,3112.0,3142.0,34.0,31.0,32.5,1.822,1.661,1.742,638529.978375,3863545.327389,120.9,129.7,51.3,30.0,29.9,24.0,87.28,0.0445,100.6,4,1920,1920
1841,0.5267,2060.0,3190.0,2092.0,3219.0,32.0,29.0,30.5,1.715,1.554,1.634,638475.369794,3863541.147654,128.3,130.2,60.2,28.7,29.9,20.9,71.95,0.0098,106.2,4,1920,1920
1842,0.5267,3260.0,3056.0,3307.0,3094.0,47.0,38.0,42.5,2.519,2.036,2.278,638540.080158,3863548.087086,121.7,133.2,47.6,34.3,34.2,21.9,97.0,0.0552,100.9,4,1920,1920
1843,0.5266,2679.0,2438.0,2704.0,2463.0,25.0,25.0,25.0,1.34,1.34,1.34,638508.354663,3863581.551759,124.9,127.9,62.5,29.1,28.7,21.3,68.31,0.0156,105.1,4,1920,1920
1844,0.5266,2006.0,3189.0,2033.0,3214.0,27.0,25.0,26.0,1.447,1.34,1.393,638472.341939,3863541.308413,148.0,148.5,61.7,33.3,34.1,22.5,87.26,0.002,119.4,4,1920,1920
1845,0.5264,2813.0,2162.0,2838.0,2185.0,25.0,23.0,24.0,1.34,1.233,1.286,638515.535772,3863596.395177,144.2,135.4,81.0,33.3,40.6,18.9,45.55,-0.0445,120.2,4,1920,1920
1846,0.5263,2348.0,2809.0,2374.0,2834.0,26.0,25.0,25.5,1.393,1.34,1.367,638490.643048,3863561.671224,128.4,141.3,50.8,33.6,32.9,20.8,103.38,0.0589,106.8,4,1920,1920
1847,0.5263,3423.0,2935.0,3459.0,2971.0,36.0,36.0,36.0,1.929,1.929,1.929,638548.520641,3863554.62462,138.4,143.9,62.1,25.6,25.6,19.4,87.34,0.0251,114.8,4,1920,1920
1848,0.526,3169.0,2718.0,3203.0,2749.0,34.0,31.0,32.5,1.822,1.661,1.742,638534.855098,3863566.386823,126.0,136.8,57.7,39.3,40.2,23.4,89.99,0.053,106.8,4,1920,1920
1849,0.5255,2324.0,2141.0,2358.0,2172.0,34.0,31.0,32.5,1.822,1.661,1.742,638489.571241,3863597.306145,143.1,151.1,62.7,24.2,23.9,17.6,96.46,0.0347,119.0,4,1920,1920
1850,0.5255,2979.0,3277.0,3021.0,3316.0,42.0,39.0,40.5,2.251,2.09,2.17,638524.88729,3863536.21771,135.1,141.2,69.8,26.2,29.5,20.0,77.36,0.0292,115.4,4,1920,1920
1851,0.5252,3417.0,3865.0,3442.0,3892.0,25.0,27.0,26.0,1.34,1.447,1.393,638547.904351,3863505.030457,141.0,136.8,65.9,30.8,31.3,25.5,66.71,-0.0199,114.5,4,1920,1920
1852,0.525,2759.0,3128.0,2787.0,3150.0,28.0,22.0,25.0,1.5,1.179,1.34,638512.722278,3863544.65756,121.8,130.7,56.2,25.6,24.9,19.1,83.39,0.0453,102.9,4,1920,1920
1853,0.5248,2168.0,3127.0,2208.0,3163.0,40.0,36.0,38.0,2.144,1.929,2.036,638481.371915,3863544.336042,133.2,138.6,55.8,32.8,33.6,18.2,88.25,0.0251,109.2,4,1920,1920
1854,0.5248,2355.0,2225.0,2394.0,2261.0,39.0,36.0,37.5,2.09,1.929,2.01,638491.366518,3863592.670926,131.6,137.3,68.1,25.7,27.0,18.7,74.96,0.0286,112.3,4,1920,1920
1855,0.5248,2869.0,3850.0,2912.0,3887.0,43.0,37.0,40.0,2.304,1.983,2.144,638519.019145,3863505.56632,115.0,124.8,53.4,25.1,26.0,17.0,81.09,0.0524,97.7,4,1920,1920
1856,0.5244,3466.0,2852.0,3495.0,2881.0,29.0,29.0,29.0,1.554,1.554,1.554,638550.63746,3863559.259839,130.9,135.4,54.8,31.7,31.6,21.3,85.0,0.0209,107.0,4,1920,1920
1857,0.5244,3597.0,3814.0,3639.0,3851.0,42.0,37.0,39.5,2.251,1.983,2.117,638558.006135,3863507.495429,115.7,122.5,48.0,33.2,36.1,19.3,81.23,0.0358,95.4,4,1920,1920
1858,0.5243,3671.0,2676.0,3702.0,2705.0,31.0,29.0,30.0,1.661,1.554,1.608,638561.677075,3863568.691036,121.3,131.3,53.4,27.3,25.6,19.7,87.86,0.0502,102.0,4,1920,1920
1859,0.5243,2834.0,3895.0,2876.0,3932.0,42.0,37.0,39.5,2.251,1.983,2.117,638517.116688,3863503.154935,115.6,122.1,41.7,34.6,33.8,24.0,87.03,0.0335,93.1,4,1920,1920
1860,0.5239,1922.0,3816.0,1947.0,3841.0,25.0,25.0,25.0,1.34,1.34,1.34,638467.786758,3863507.709774,114.4,124.6,40.4,20.7,21.5,16.2,94.49,0.0515,93.1,4,1920,1920
1861,0.5238,3540.0,2191.0,3572.0,2221.0,32.0,30.0,31.0,1.715,1.608,1.661,638554.683532,3863594.653621,116.9,122.4,47.1,27.4,25.5,20.5,80.76,0.0285,95.5,4,1920,1920
1862,0.5237,2788.0,3016.0,2823.0,3052.0,35.0,36.0,35.5,1.876,1.929,1.902,638514.463965,3863550.284126,120.6,136.9,48.0,30.7,30.1,18.9,105.3,0.078,101.8,4,1920,1920
1863,0.5236,2292.0,1939.0,2323.0,1967.0,31.0,28.0,29.5,1.661,1.5,1.581,638487.775964,3863608.210966,145.0,159.7,64.3,32.1,33.3,20.8,110.15,0.0611,123.0,4,1920,1920
1864,0.5235,3542.0,3827.0,3580.0,3862.0,38.0,35.0,36.5,2.036,1.876,1.956,638554.951484,3863506.852392,108.3,115.9,43.8,26.1,28.3,18.7,79.75,0.0424,89.3,4,1920,1920
1865,0.5231,2490.0,3438.0,2525.0,3468.0,35.0,30.0,32.5,1.876,1.608,1.742,638498.494036,3863527.831447,105.3,118.2,41.0,31.5,31.2,19.2,90.08,0.0704,88.2,4,1920,1920
1866,0.5231,3776.0,3688.0,3799.0,3710.0,23.0,22.0,22.5,1.233,1.179,1.206,638567.089701,3863514.649206,130.6,134.8,51.6,26.4,25.0,21.2,87.54,0.02,105.7,4,1920,1920
1867,0.5231,2833.0,2371.0,2875.0,2409.0,42.0,38.0,40.0,2.251,2.036,2.144,638517.063097,3863584.793733,124.0,122.0,64.6,28.3,32.4,17.5,55.43,-0.0108,103.5,4,1920,1920
1868,0.523,3166.0,3158.0,3192.0,3169.0,26.0,11.0,18.5,1.393,0.589,0.991,638534.479965,3863543.344694,109.3,118.5,51.7,26.6,30.5,17.3,76.08,0.0525,93.1,4,1920,1920
1869,0.5229,2918.0,3235.0,2954.0,3272.0,36.0,37.0,36.5,1.929,1.983,1.956,638521.457507,3863538.521923,112.7,124.1,44.8,29.6,31.3,17.0,90.64,0.0594,93.8,4,1920,1920
1870,0.5228,3779.0,2429.0,3824.0,2471.0,45.0,42.0,43.5,2.411,2.251,2.331,638567.839967,3863581.578552,125.9,131.9,51.4,29.5,32.7,17.3,86.48,0.029,103.1,4,1920,1920
1871,0.5223,2767.0,2365.0,2794.0,2396.0,27.0,31.0,29.0,1.447,1.661,1.554,638513.124205,3863585.302803,113.6,118.1,48.0,30.7,31.3,19.7,74.7,0.0247,93.2,4,1920,1920
1872,0.5217,3052.0,3259.0,3088.0,3294.0,36.0,35.0,35.5,1.929,1.876,1.902,638528.638616,3863537.289437,111.6,115.8,46.0,31.5,34.3,18.6,74.08,0.0235,91.1,4,1920,1920
1873,0.521,3729.0,2120.0,3766.0,2157.0,37.0,37.0,37.0,1.983,1.983,1.983,638564.946087,3863598.270699,129.1,133.2,54.8,25.6,23.2,17.5,82.49,0.0197,105.7,4,1920,1920
1874,0.521,1955.0,1965.0,1993.0,2001.0,38.0,36.0,37.0,2.036,1.929,1.983,638469.903577,3863606.603376,117.2,121.1,49.4,27.8,31.5,16.9,75.68,0.0211,95.9,4,1920,1920
1875,0.5203,2340.0,2313.0,2362.0,2337.0,22.0,24.0,23.0,1.179,1.286,1.233,638490.107144,3863588.276845,87.5,93.8,50.0,21.1,22.7,14.1,50.25,0.0485,77.1,4,1920,1920
1876,0.52,2429.0,2088.0,2459.0,2114.0,30.0,26.0,28.0,1.608,1.393,1.5,638495.091048,3863600.280187,141.5,145.8,62.0,31.9,36.9,19.8,88.17,0.0192,116.4,4,1920,1920
1877,0.52,1951.0,3412.0,1985.0,3442.0,34.0,30.0,32.0,1.822,1.608,1.715,638469.582035,3863529.224692,112.1,117.8,39.7,28.3,28.7,17.1,83.7,0.0297,89.9,4,1920,1920
1878,0.5196,2897.0,2674.0,2923.0,2699.0,26.0,25.0,25.5,1.393,1.34,1.367,638520.064158,3863568.905381,101.6,111.5,44.1,29.0,30.1,17.8,77.31,0.0583,85.7,4,1920,1920
1879,0.5195,2279.0,3735.0,2312.0,3764.0,33.0,29.0,31.0,1.768,1.554,1.661,638487.132879,3863511.943095,92.4,102.1,33.1,19.3,20.8,13.2,78.66,0.0599,75.9,4,1920,1920
1880,0.5191,2272.0,3695.0,2294.0,3717.0,22.0,22.0,22.0,1.179,1.179,1.179,638486.463,3863514.274101,104.6,108.1,47.1,25.3,26.1,24.8,64.54,0.0211,86.6,4,1920,1920
1881,0.5186,2466.0,2478.0,2502.0,2510.0,36.0,32.0,34.0,1.929,1.715,1.822,638497.234663,3863579.220753,141.6,142.1,67.2,28.9,31.2,20.8,75.45,0.0023,117.0,4,1920,1920
1882,0.5184,2041.0,3489.0,2074.0,3521.0,33.0,32.0,32.5,1.768,1.715,1.742,638474.378373,3863525.044957,119.4,127.9,56.9,32.5,32.5,29.1,79.45,0.0446,101.4,4,1920,1920
1883,0.5184,2776.0,3427.0,2799.0,3451.0,23.0,24.0,23.5,1.233,1.286,1.259,638513.499338,3863528.581656,137.4,143.3,53.9,26.4,29.7,15.1,95.18,0.0259,111.5,4,1920,1920
1884,0.5182,2035.0,3099.0,2064.0,3128.0,29.0,29.0,29.0,1.554,1.554,1.554,638473.94965,3863546.024011,130.8,129.2,55.2,24.1,23.0,22.7,72.31,-0.0083,105.0,4,1920,1920
1885,0.5179,3246.0,2335.0,3290.0,2373.0,44.0,38.0,41.0,2.358,2.036,2.197,638539.249508,3863586.722841,141.2,145.6,64.4,26.1,26.2,27.3,85.62,0.0198,117.1,4,1920,1920
1886,0.5176,3884.0,3509.0,3909.0,3534.0,25.0,25.0,25.0,1.34,1.34,1.34,638572.931051,3863524.160782,108.3,119.4,50.5,19.0,21.1,13.8,80.06,0.0628,92.7,4,1920,1920
1887,0.5172,1945.0,3748.0,1982.0,3780.0,37.0,32.0,34.5,1.983,1.715,1.849,638469.340879,3863511.166093,120.1,128.3,50.1,26.9,27.7,17.5,86.29,0.0411,99.5,4,1920,1920
1888,0.5168,2980.0,3702.0,3017.0,3735.0,37.0,33.0,35.0,1.983,1.768,1.876,638524.806905,3863513.604272,106.9,109.8,51.2,18.9,19.6,16.1,61.45,0.0172,89.3,4,1920,1920
1889,0.516,3738.0,2472.0,3768.0,2501.0,30.0,29.0,29.5,1.608,1.554,1.581,638565.240834,3863579.62265,117.1,125.8,45.4,25.5,26.9,17.0,89.11,0.044,96.1,4,1920,1920
1890,0.5158,2647.0,2380.0,2689.0,2418.0,42.0,38.0,40.0,2.251,2.036,2.144,638507.09529,3863584.311456,121.5,123.8,50.9,30.4,31.2,20.8,75.14,0.0118,98.7,4,1920,1920
1891,0.5157,3077.0,2626.0,3122.0,2663.0,45.0,37.0,41.0,2.411,1.983,2.197,638530.219531,3863571.156008,132.3,141.4,51.6,32.5,31.9,21.4,98.94,0.041,108.5,4,1920,1920
1892,0.5156,3697.0,2928.0,3726.0,2954.0,29.0,26.0,27.5,1.554,1.393,1.474,638563.016834,3863555.267656,122.8,134.6,46.3,28.9,30.7,19.5,99.94,0.0555,101.2,4,1920,1920
1893,0.5153,3222.0,2255.0,3255.0,2281.0,33.0,26.0,29.5,1.768,1.393,1.581,638537.668592,3863591.331267,129.3,131.1,60.7,25.3,26.8,15.3,72.09,0.0089,107.0,4,1920,1920
1894,0.5151,2304.0,2878.0,2333.0,2907.0,29.0,29.0,29.0,1.554,1.554,1.554,638488.365458,3863557.866594,111.6,121.1,48.6,30.4,32.4,19.1,82.02,0.0517,93.8,4,1920,1920
1895,0.5141,3473.0,2713.0,3513.0,2750.0,40.0,37.0,38.5,2.144,1.983,2.063,638551.307339,3863566.493996,104.7,117.5,42.5,28.5,27.5,14.4,87.75,0.0711,88.2,4,1920,1920
1896,0.5136,3513.0,2802.0,3552.0,2837.0,39.0,35.0,37.0,2.09,1.876,1.983,638553.424159,3863561.778397,127.8,137.0,57.2,28.8,32.0,20.2,89.07,0.0446,107.3,4,1920,1920
1897,0.5136,2307.0,2917.0,2341.0,2951.0,34.0,34.0,34.0,1.822,1.822,1.822,638488.660205,3863555.642761,124.7,132.2,50.0,28.8,30.4,18.6,89.71,0.0363,102.3,4,1920,1920
1898,0.5136,2292.0,3565.0,2324.0,3598.0,32.0,33.0,32.5,1.715,1.768,1.742,638487.802759,3863520.945601,142.4,136.7,54.0,29.4,28.6,19.9,77.04,-0.0251,111.1,4,1920,1920
1899,0.5135,2737.0,2590.0,2777.0,2626.0,40.0,36.0,38.0,2.144,1.929,2.036,638511.864832,3863573.111909,109.9,117.0,47.6,24.6,28.0,19.9,76.53,0.0396,91.5,4,1920,1920
1900,0.5132,1981.0,3665.0,2006.0,3687.0,25.0,22.0,23.5,1.34,1.179,1.259,638470.948589,3863515.881692,117.0,119.6,48.9,23.9,23.9,20.8,73.29,0.0138,95.2,4,1920,1920
1901,0.513,3702.0,2719.0,3722.0,2739.0,20.0,20.0,20.0,1.072,1.072,1.072,638563.043629,3863566.627962,120.0,122.0,72.8,33.4,33.2,26.3,51.26,0.0122,105.0,4,1920,1920
1902,0.513,3810.0,2873.0,3857.0,2914.0,47.0,41.0,44.0,2.519,2.197,2.358,638569.554858,3863557.813008,131.5,142.0,57.6,26.6,25.8,20.0,94.89,0.0487,110.4,4,1920,1920
1903,0.5129,3587.0,3777.0,3619.0,3807.0,32.0,30.0,31.0,1.715,1.608,1.661,638557.202279,3863509.665676,84.5,94.0,36.2,23.0,24.3,14.9,67.26,0.0668,71.6,4,1920,1920
1904,0.5125,3449.0,3207.0,3479.0,3235.0,30.0,28.0,29.0,1.608,1.5,1.554,638549.753219,3863540.263479,108.3,119.3,39.3,24.7,21.9,17.5,91.09,0.0586,88.9,4,1920,1920
1905,0.5124,2755.0,2324.0,2785.0,2354.0,30.0,30.0,30.0,1.608,1.608,1.608,638512.561507,3863587.526636,111.7,109.0,57.6,26.7,28.1,19.7,48.61,-0.0166,92.8,4,1920,1920
1906,0.5123,3385.0,2640.0,3410.0,2665.0,25.0,25.0,25.0,1.34,1.34,1.34,638546.18946,3863570.727317,123.9,133.0,57.2,24.1,26.0,16.7,84.89,0.0456,104.7,4,1920,1920
1907,0.5122,2748.0,3344.0,2772.0,3368.0,24.0,24.0,24.0,1.286,1.286,1.286,638512.025603,3863533.029322,126.2,139.4,49.8,29.0,28.9,17.5,102.95,0.0616,105.1,4,1920,1920
1908,0.5122,2712.0,2946.0,2749.0,2980.0,37.0,34.0,35.5,1.983,1.822,1.902,638510.444687,3863554.088757,124.4,134.7,61.3,28.8,31.6,17.2,83.78,0.0524,106.8,4,1920,1920
1909,0.5119,2837.0,3193.0,2865.0,3219.0,28.0,26.0,27.0,1.5,1.393,1.447,638516.902326,3863541.067274,111.2,120.3,51.4,27.4,30.0,18.2,77.88,0.0503,94.3,4,1920,1920
1910,0.5116,2559.0,2193.0,2604.0,2231.0,45.0,38.0,41.5,2.411,2.036,2.224,638502.459723,3863594.332102,134.4,141.1,74.1,30.0,30.5,25.4,73.66,0.0332,116.5,4,1920,1920
1911,0.5113,1987.0,3840.0,2012.0,3866.0,25.0,26.0,25.5,1.34,1.393,1.367,638471.270132,3863506.396908,139.9,142.5,53.1,27.0,27.7,16.2,92.0,0.0112,111.8,4,1920,1920
1912,0.5111,3404.0,3290.0,3430.0,3315.0,26.0,25.0,25.5,1.393,1.34,1.367,638547.234472,3863535.896192,130.1,131.0,50.4,28.8,26.8,21.6,81.5,0.0042,103.9,4,1920,1920
1913,0.5108,2686.0,2872.0,2729.0,2913.0,43.0,41.0,42.0,2.304,2.197,2.251,638509.212109,3863557.866594,115.7,126.5,50.7,25.9,26.0,19.1,86.63,0.0567,97.6,4,1920,1920
1914,0.5105,3420.0,2316.0,3438.0,2351.0,18.0,35.0,26.5,0.965,1.876,1.42,638547.877556,3863587.821361,175.6,167.3,158.1,32.4,33.8,36.0,0.87,-0.0451,167.0,4,1920,1920
1915,0.5099,3067.0,2821.0,3105.0,2853.0,38.0,32.0,35.0,2.036,1.715,1.876,638529.496062,3863560.840636,107.3,120.2,44.8,31.3,34.1,16.9,88.32,0.0708,90.8,4,1920,1920
1916,0.5098,3205.0,2600.0,3237.0,2631.0,32.0,31.0,31.5,1.715,1.661,1.688,638536.730761,3863572.710012,141.7,149.0,60.2,28.6,27.6,19.8,96.05,0.0315,117.0,4,1920,1920
1917,0.5096,2422.0,2041.0,2454.0,2073.0,32.0,32.0,32.0,1.715,1.715,1.715,638494.769506,3863602.637986,140.9,144.9,71.1,29.5,31.4,20.6,77.84,0.0189,119.0,4,1920,1920
1918,0.5095,2691.0,3378.0,2721.0,3406.0,30.0,28.0,29.0,1.608,1.5,1.554,638509.131723,3863531.100214,114.5,118.5,45.9,25.5,26.1,14.9,76.64,0.0216,92.9,4,1920,1920
1919,0.5092,3679.0,2882.0,3718.0,2916.0,39.0,34.0,36.5,2.09,1.822,1.956,638562.320159,3863557.518283,112.8,125.9,47.1,26.3,28.3,18.2,91.86,0.068,95.3,4,1920,1920
1920,0.5089,3831.0,3392.0,3859.0,3417.0,28.0,25.0,26.5,1.5,1.34,1.42,638570.171147,3863530.430385,117.7,124.4,38.0,28.9,30.0,17.5,93.05,0.0327,93.3,4,1920,1920
1921,0.5088,2287.0,2691.0,2325.0,2727.0,38.0,36.0,37.0,2.036,1.929,1.983,638487.695578,3863567.699688,140.5,138.2,66.2,27.2,30.9,20.2,69.65,-0.0111,114.9,4,1920,1920
1922,0.5088,3361.0,2244.0,3388.0,2270.0,27.0,26.0,26.5,1.447,1.393,1.42,638544.956881,3863591.920717,104.8,107.2,44.7,19.3,24.1,12.3,64.83,0.0139,85.5,4,1920,1920
1923,0.5086,3032.0,2949.0,3059.0,2974.0,27.0,25.0,26.0,1.447,1.34,1.393,638527.325652,3863554.169136,125.4,138.8,50.2,30.6,28.7,17.4,102.02,0.0624,104.8,4,1920,1920
1924,0.5085,1950.0,3241.0,1978.0,3267.0,28.0,26.0,27.0,1.5,1.393,1.447,638469.367674,3863538.49513,115.1,125.5,52.9,29.9,27.8,32.0,83.0,0.0554,97.8,4,1920,1920
1925,0.5084,2342.0,2769.0,2366.0,2796.0,24.0,27.0,25.5,1.286,1.447,1.367,638490.267915,3863563.761092,163.1,157.2,151.7,40.4,41.2,40.5,-0.28,-0.0347,157.3,4,1920,1920
1926,0.5084,2655.0,3516.0,2680.0,3541.0,25.0,25.0,25.0,1.34,1.34,1.34,638507.068494,3863523.785678,138.9,142.5,48.9,28.1,28.4,18.9,97.26,0.0157,110.1,4,1920,1920
1927,0.5083,2613.0,2847.0,2656.0,2885.0,43.0,38.0,40.5,2.304,2.036,2.17,638505.300012,3863559.286632,106.6,118.2,42.5,29.8,30.0,17.8,87.34,0.0636,89.1,4,1920,1920
1928,0.5082,2819.0,2043.0,2843.0,2068.0,24.0,25.0,24.5,1.286,1.34,1.313,638515.830519,3863602.718366,99.7,112.0,47.3,27.3,30.4,18.2,77.04,0.0748,86.3,4,1920,1920
1929,0.5081,2209.0,3549.0,2242.0,3580.0,33.0,31.0,32.0,1.768,1.661,1.715,638483.381554,3863521.856569,136.7,131.3,64.3,28.7,28.5,29.2,61.55,-0.0265,110.8,4,1920,1920
1930,0.508,2530.0,3303.0,2570.0,3339.0,40.0,36.0,38.0,2.144,1.929,2.036,638500.771627,3863534.904845,128.3,139.1,57.1,31.8,32.7,21.4,92.72,0.0514,108.1,4,1920,1920
1931,0.5077,3626.0,2721.0,3666.0,2755.0,40.0,34.0,37.0,2.144,1.822,1.983,638559.506665,3863566.145684,97.7,113.0,47.9,28.8,31.4,16.7,80.44,0.0939,86.2,4,1920,1920
1932,0.5076,2062.0,3674.0,2090.0,3698.0,28.0,24.0,26.0,1.5,1.286,1.393,638475.369794,3863515.345828,123.4,131.1,43.7,33.1,33.5,19.1,95.1,0.0365,99.4,4,1920,1920
1933,0.5069,3784.0,2975.0,3812.0,3001.0,28.0,26.0,27.0,1.5,1.393,1.447,638567.6524,3863552.749098,125.1,135.1,51.2,31.0,30.6,21.5,93.95,0.0478,103.8,4,1920,1920
1934,0.5069,2779.0,2937.0,2798.0,2959.0,19.0,22.0,20.5,1.018,1.179,1.099,638513.552928,3863554.892552,156.4,156.6,78.6,31.1,32.5,25.0,78.18,0.0007,130.5,4,1920,1920
1935,0.5064,3165.0,2053.0,3200.0,2086.0,35.0,33.0,34.0,1.876,1.768,1.822,638534.667532,3863601.968157,139.3,136.3,75.6,28.3,27.7,24.4,57.7,-0.0151,117.1,4,1920,1920
1936,0.506,2904.0,2066.0,2939.0,2100.0,35.0,34.0,34.5,1.876,1.822,1.849,638520.680447,3863601.244741,104.2,107.9,51.2,28.1,30.4,19.5,60.3,0.0226,87.8,4,1920,1920
1937,0.5055,2141.0,3545.0,2171.0,3576.0,30.0,31.0,30.5,1.608,1.661,1.634,638479.657024,3863522.070915,114.8,118.3,52.0,28.3,29.2,27.7,69.92,0.0195,95.0,4,1920,1920
1938,0.5049,3323.0,2712.0,3358.0,2745.0,35.0,33.0,34.0,1.876,1.768,1.822,638543.134809,3863566.654755,131.9,138.1,61.7,25.4,26.9,21.2,82.66,0.0298,110.6,4,1920,1920
1939,0.5045,3051.0,2670.0,3086.0,2688.0,35.0,18.0,26.5,1.876,0.965,1.42,638528.55823,3863569.307279,145.3,144.5,137.1,28.6,29.8,30.5,6.6,-0.0051,142.3,4,1920,1920
1940,0.5045,2383.0,2600.0,2420.0,2636.0,37.0,36.0,36.5,1.983,1.929,1.956,638492.813458,3863572.576046,136.4,139.2,60.1,32.7,31.0,23.5,81.82,0.0128,111.9,4,1920,1920
1941,0.5042,3137.0,2817.0,3164.0,2842.0,27.0,25.0,26.0,1.447,1.34,1.393,638532.95264,3863561.242534,96.0,107.8,42.5,21.4,27.5,12.1,77.07,0.0729,82.1,4,1920,1920
1942,0.5037,2728.0,3516.0,2748.0,3538.0,20.0,22.0,21.0,1.072,1.179,1.125,638510.846615,3863523.866057,139.4,140.9,62.7,28.6,26.7,22.2,79.6,0.0067,114.3,4,1920,1920
1943,0.5035,3126.0,2767.0,3149.0,2789.0,23.0,22.0,22.5,1.233,1.179,1.206,638532.255965,3863564.002231,114.0,128.6,47.9,29.1,31.1,18.2,95.42,0.0753,96.8,4,1920,1920
1944,0.5031,2287.0,3131.0,2314.0,3155.0,27.0,24.0,25.5,1.447,1.286,1.367,638487.400831,3863544.443214,128.5,139.4,49.6,27.2,25.1,18.7,100.59,0.0497,105.9,4,1920,1920
1945,0.5021,3235.0,3194.0,3274.0,3228.0,39.0,34.0,36.5,2.09,1.822,1.956,638538.526038,3863540.799343,102.4,116.7,39.1,28.3,28.8,15.7,91.8,0.0791,86.1,4,1920,1920
1946,0.5016,3142.0,2858.0,3185.0,2895.0,43.0,37.0,40.0,2.304,1.983,2.144,638533.649315,3863558.723975,106.8,114.9,43.2,28.0,29.6,16.8,79.91,0.0458,88.3,4,1920,1920
1947,0.5012,3420.0,3138.0,3444.0,3162.0,24.0,24.0,24.0,1.286,1.286,1.286,638548.038327,3863544.06811,134.9,136.6,59.5,30.9,29.6,23.7,78.74,0.0079,110.4,4,1920,1920
1948,0.5007,2889.0,3445.0,2912.0,3467.0,23.0,22.0,22.5,1.233,1.179,1.206,638519.555049,3863527.670688,129.4,133.2,56.3,27.3,27.6,20.4,80.66,0.0182,106.3,4,1920,1920
1949,0.5007,3472.0,2531.0,3500.0,2557.0,28.0,26.0,27.0,1.5,1.393,1.447,638550.932207,3863576.541436,122.6,131.8,52.1,31.7,32.2,20.6,88.94,0.0457,102.2,4,1920,1920
1950,0.5004,3246.0,2295.0,3273.0,2321.0,27.0,26.0,26.5,1.447,1.393,1.42,638538.79399,3863589.187813,146.5,157.8,53.3,35.5,33.0,22.9,115.8,0.0451,119.2,4,1920,1920
1951,0.5004,2441.0,3442.0,2468.0,3466.0,27.0,24.0,25.5,1.447,1.286,1.367,638495.653747,3863527.777861,113.6,124.7,45.8,24.4,26.1,17.5,90.06,0.0577,94.7,4,1920,1920
1952,0.5002,2991.0,3329.0,3019.0,3356.0,28.0,27.0,27.5,1.5,1.447,1.474,638525.155242,3863533.752738,132.1,140.2,55.5,30.1,30.1,23.5,92.78,0.0373,109.3,4,1920,1920
1953,0.5,1920.0,1964.0,1937.0,1986.0,17.0,22.0,19.5,0.911,1.179,1.045,638467.465216,3863607.032066,147.6,154.4,69.6,29.3,33.2,20.5,91.75,0.0297,123.9,4,1920,1920
1954,0.4989,3378.0,3919.0,3406.0,3947.0,28.0,28.0,28.0,1.5,1.5,1.5,638545.894713,3863502.110001,106.1,107.6,38.8,27.7,26.1,18.3,70.23,0.0083,84.2,4,1920,1920
1955,0.4989,3413.0,3589.0,3444.0,3614.0,31.0,25.0,28.0,1.661,1.34,1.5,638547.850761,3863519.873875,105.4,112.6,44.8,20.2,23.7,13.5,75.04,0.0417,87.6,4,1920,1920
1956,0.4983,3448.0,2642.0,3483.0,2674.0,35.0,32.0,33.5,1.876,1.715,1.795,638549.833604,3863570.432592,94.3,103.4,40.0,22.6,25.8,13.4,72.41,0.0575,79.2,4,1920,1920
1957,0.4982,2116.0,3334.0,2142.0,3362.0,26.0,28.0,27.0,1.393,1.5,1.447,638478.210084,3863533.458013,117.2,122.7,53.5,30.2,28.9,23.0,74.65,0.0292,97.8,4,1920,1920
1958,0.4976,3605.0,3487.0,3632.0,3511.0,27.0,24.0,25.5,1.447,1.286,1.367,638558.03293,3863525.366475,124.5,127.5,53.3,26.3,29.5,18.3,77.3,0.0154,101.7,4,1920,1920
1959,0.4972,2223.0,3403.0,2261.0,3442.0,38.0,39.0,38.5,2.036,2.09,2.063,638484.265795,3863529.46583,145.7,146.0,60.4,36.0,35.5,22.9,85.89,0.0012,117.4,4,1920,1920
1960,0.4969,1952.0,2894.0,1979.0,2922.0,27.0,28.0,27.5,1.447,1.5,1.474,638469.448059,3863557.036006,112.3,113.7,53.0,20.3,22.6,19.3,62.16,0.008,93.0,4,1920,1920
1961,0.4965,2125.0,3010.0,2152.0,3036.0,27.0,26.0,26.5,1.447,1.393,1.42,638478.719192,3863550.873576,99.8,111.0,45.3,30.4,30.4,21.4,76.75,0.0672,85.4,4,1920,1920
1962,0.4962,2737.0,3262.0,2768.0,3291.0,31.0,29.0,30.0,1.661,1.554,1.608,638511.623675,3863537.289437,133.8,145.9,63.8,28.0,27.7,18.5,94.33,0.0563,114.5,4,1920,1920
1963,0.4959,2468.0,2181.0,2509.0,2221.0,41.0,40.0,40.5,2.197,2.144,2.17,638497.475819,3863594.921552,134.1,139.4,69.6,31.2,33.0,23.2,74.96,0.0257,114.4,4,1920,1920
1964,0.4959,3406.0,3330.0,3434.0,3355.0,28.0,25.0,26.5,1.5,1.34,1.42,638547.395243,3863533.752738,156.4,154.9,66.9,27.1,28.6,21.5,86.56,-0.0059,126.1,4,1920,1920
1965,0.4955,3149.0,3110.0,3179.0,3140.0,30.0,30.0,30.0,1.608,1.608,1.608,638533.67611,3863545.407768,125.0,128.8,54.1,30.7,33.5,19.8,78.57,0.0192,102.6,4,1920,1920
1966,0.4953,2007.0,3735.0,2042.0,3766.0,35.0,31.0,33.0,1.876,1.661,1.768,638472.609891,3863511.889509,116.2,123.7,43.5,32.8,33.5,19.6,87.85,0.0385,94.5,4,1920,1920
1967,0.4952,2235.0,2225.0,2276.0,2267.0,41.0,42.0,41.5,2.197,2.251,2.224,638484.989265,3863592.510167,148.9,148.2,68.2,34.1,37.2,21.7,79.35,-0.003,121.8,4,1920,1920
1968,0.4945,3592.0,3016.0,3618.0,3039.0,26.0,23.0,24.5,1.393,1.233,1.313,638557.30946,3863550.632437,103.1,117.9,43.8,30.7,33.3,16.5,88.86,0.0836,88.3,4,1920,1920
1969,0.4944,2453.0,3539.0,2479.0,3565.0,26.0,26.0,26.0,1.393,1.393,1.393,638496.270036,3863522.526399,122.9,133.5,46.0,28.5,33.4,17.4,98.11,0.0504,100.8,4,1920,1920
1970,0.494,2016.0,3230.0,2043.0,3255.0,27.0,25.0,26.0,1.447,1.34,1.393,638472.877843,3863539.111373,130.6,135.6,61.7,34.3,32.2,31.5,78.8,0.0243,109.3,4,1920,1920
1971,0.494,3502.0,3746.0,3540.0,3779.0,38.0,33.0,35.5,2.036,1.768,1.902,638552.80787,3863511.246473,95.4,105.8,36.1,20.9,23.3,13.0,80.07,0.0629,79.1,4,1920,1920
1972,0.4929,2389.0,3654.0,2414.0,3677.0,25.0,23.0,24.0,1.34,1.233,1.286,638492.813458,3863516.444348,114.3,126.7,36.7,34.2,33.6,18.3,102.43,0.0608,92.6,4,1920,1920
1973,0.4924,3506.0,2297.0,3536.0,2327.0,30.0,30.0,30.0,1.608,1.608,1.608,638552.80787,3863588.973468,127.8,137.3,55.9,27.5,29.7,20.4,90.83,0.0454,107.0,4,1920,1920
1974,0.4921,1979.0,3114.0,2008.0,3141.0,29.0,27.0,28.0,1.554,1.447,1.5,638470.948589,3863545.273803,130.6,130.1,48.9,28.2,28.4,17.8,80.68,-0.0026,103.2,4,1920,1920
1975,0.492,2531.0,1975.0,2555.0,1997.0,24.0,22.0,23.0,1.286,1.179,1.233,638500.396494,3863606.442617,132.9,136.8,71.3,39.0,45.1,21.4,69.4,0.0197,113.7,4,1920,1920
1976,0.4916,2184.0,3303.0,2207.0,3325.0,23.0,22.0,22.5,1.233,1.179,1.206,638481.773843,3863535.279949,110.6,116.2,51.0,24.8,24.2,18.8,70.69,0.0317,92.6,4,1920,1920
1977,0.4914,3875.0,2626.0,3901.0,2652.0,26.0,26.0,26.0,1.393,1.393,1.393,638572.475533,3863571.450733,106.8,113.5,40.2,29.6,30.6,15.9,79.99,0.037,86.8,4,1920,1920
1978,0.4913,2893.0,3746.0,2930.0,3778.0,37.0,32.0,34.5,1.983,1.715,1.849,638520.144543,3863511.273266,98.6,109.0,38.7,20.9,20.7,19.2,80.67,0.0615,82.1,4,1920,1920
1979,0.491,2952.0,2022.0,2987.0,2055.0,35.0,33.0,34.0,1.876,1.768,1.822,638523.252784,3863603.629333,120.6,124.9,54.0,35.2,35.1,25.5,75.25,0.0226,99.8,4,1920,1920
1980,0.4909,3111.0,2989.0,3153.0,3022.0,42.0,33.0,37.5,2.251,1.768,2.01,638531.961218,3863551.811337,132.0,140.5,42.9,29.3,30.0,18.4,105.98,0.0369,105.1,4,1920,1920
1981,0.4907,2675.0,2615.0,2695.0,2635.0,20.0,20.0,20.0,1.072,1.072,1.072,638508.006326,3863572.200941,154.0,160.4,75.0,40.5,37.3,32.5,91.84,0.0269,129.8,4,1920,1920
1982,0.4906,2575.0,3197.0,2612.0,3233.0,37.0,36.0,36.5,1.983,1.929,1.956,638503.102808,3863540.584997,112.8,120.7,53.4,27.5,29.0,22.3,75.13,0.0438,95.6,4,1920,1920
1983,0.4902,2028.0,3627.0,2066.0,3661.0,38.0,34.0,36.0,2.036,1.822,1.929,638473.815674,3863517.596455,106.4,112.9,45.3,26.0,27.0,19.8,74.11,0.0376,88.2,4,1920,1920
1984,0.4901,2290.0,2048.0,2316.0,2072.0,26.0,24.0,25.0,1.393,1.286,1.34,638487.534807,3863602.477227,121.5,125.4,58.5,28.9,31.5,19.1,70.65,0.0203,101.8,4,1920,1920
1985,0.4899,2440.0,2896.0,2470.0,2927.0,30.0,31.0,30.5,1.608,1.661,1.634,638495.680542,3863556.848453,126.0,134.2,56.5,27.8,26.9,24.9,85.92,0.0405,105.6,4,1920,1920
1986,0.4898,3748.0,2185.0,3782.0,2218.0,34.0,33.0,33.5,1.822,1.768,1.795,638565.883918,3863594.894759,102.3,111.4,51.7,20.9,22.0,18.9,68.7,0.0557,88.5,4,1920,1920
1987,0.4896,2418.0,2846.0,2454.0,2880.0,36.0,34.0,35.0,1.929,1.822,1.876,638494.662325,3863559.447391,112.9,122.2,42.9,35.1,35.2,18.5,88.48,0.0481,92.7,4,1920,1920
1988,0.4893,2445.0,3481.0,2471.0,3506.0,26.0,25.0,25.5,1.393,1.34,1.367,638495.841313,3863525.6612,123.1,134.1,50.2,28.6,31.3,19.2,94.85,0.053,102.5,4,1920,1920
1989,0.4893,2458.0,3016.0,2493.0,3050.0,35.0,34.0,34.5,1.876,1.822,1.849,638496.779145,3863550.337712,117.8,124.6,54.5,30.8,29.6,24.1,76.96,0.0364,99.0,4,1920,1920
1990,0.4892,3671.0,2841.0,3705.0,2872.0,34.0,31.0,32.5,1.822,1.661,1.742,638561.75746,3863559.795702,131.0,137.4,62.4,26.2,28.7,18.2,81.46,0.0311,110.3,4,1920,1920
1991,0.4889,3766.0,2155.0,3792.0,2183.0,26.0,28.0,27.0,1.393,1.5,1.447,638566.634183,3863596.636315,170.1,160.2,152.9,33.2,36.2,39.9,-2.68,-0.0562,161.1,4,1920,1920
1992,0.4886,2814.0,3354.0,2854.0,3388.0,40.0,34.0,37.0,2.144,1.822,1.983,638515.99129,3863532.225527,110.8,120.6,52.4,24.4,27.6,15.9,78.08,0.055,94.6,4,1920,1920
1993,0.4886,2697.0,2722.0,2733.0,2752.0,36.0,30.0,33.0,1.929,1.608,1.768,638509.614037,3863566.199271,129.9,139.2,58.0,33.1,33.0,21.8,90.42,0.0441,109.0,4,1920,1920
1994,0.4883,2551.0,2500.0,2598.0,2544.0,47.0,44.0,45.5,2.519,2.358,2.438,638502.084591,3863577.720335,129.7,134.1,61.9,28.9,31.3,20.3,76.62,0.0219,108.6,4,1920,1920
1995,0.4878,3007.0,3091.0,3038.0,3120.0,31.0,29.0,30.0,1.661,1.554,1.608,638526.093073,3863546.452702,126.4,136.6,61.7,31.8,32.7,20.1,85.07,0.0505,108.2,4,1920,1920
1996,0.4878,3194.0,3266.0,3230.0,3303.0,36.0,37.0,36.5,1.929,1.983,1.956,638536.248447,3863536.860746,109.3,115.6,47.3,30.6,29.9,19.0,74.55,0.0353,90.7,4,1920,1920
1997,0.4878,3873.0,3327.0,3900.0,3350.0,27.0,23.0,25.0,1.447,1.233,1.34,638572.395147,3863533.967084,103.1,114.0,35.2,25.1,25.3,16.8,89.72,0.0598,84.1,4,1920,1920
1998,0.4876,3210.0,3055.0,3235.0,3079.0,25.0,24.0,24.5,1.34,1.286,1.313,638536.811146,3863548.515777,124.1,136.2,41.5,33.4,32.1,22.5,106.83,0.0554,100.6,4,1920,1920
1999,0.4875,1996.0,3367.0,2024.0,3396.0,28.0,29.0,28.5,1.5,1.554,1.527,638471.83283,3863531.662871,131.7,137.7,50.8,30.8,30.1,21.4,92.97,0.0277,106.7,4,1920,1920
2000,0.4875,3625.0,3132.0,3667.0,3174.0,42.0,42.0,42.0,2.251,2.251,2.251,638559.506665,3863543.907351,144.4,150.7,58.0,28.9,27.6,21.0,99.07,0.0268,117.7,4,1920,1920
2001,0.4866,2550.0,2018.0,2576.0,2041.0,26.0,23.0,24.5,1.393,1.233,1.313,638501.468301,3863604.111611,127.2,133.0,60.3,30.6,31.8,21.2,78.57,0.029,106.8,4,1920,1920
2002,0.4864,2372.0,2387.0,2411.0,2419.0,39.0,32.0,35.5,2.09,1.715,1.902,638492.277554,3863584.09711,111.4,116.2,48.8,33.4,36.0,19.1,72.09,0.0266,92.1,4,1920,1920
2003,0.4861,3760.0,2927.0,3802.0,2962.0,42.0,35.0,38.5,2.251,1.876,2.063,638566.741364,3863555.080104,124.3,136.7,54.9,33.8,34.4,21.5,94.22,0.0603,105.3,4,1920,1920
2004,0.4856,2102.0,2659.0,2129.0,2682.0,27.0,23.0,25.0,1.447,1.233,1.34,638477.486614,3863569.762763,146.9,147.4,67.6,27.9,26.4,22.3,80.3,0.0022,120.6,4,1920,1920
2005,0.485,3795.0,1942.0,3823.0,1970.0,28.0,28.0,28.0,1.5,1.5,1.5,638568.241894,3863608.050207,139.3,144.5,53.9,27.7,24.3,18.9,95.91,0.0228,112.6,4,1920,1920
2006,0.4846,2094.0,3284.0,2126.0,3314.0,32.0,30.0,31.0,1.715,1.608,1.661,638477.191867,3863536.083744,127.9,131.8,53.9,34.3,31.5,24.4,81.83,0.0191,104.6,4,1920,1920
2007,0.4843,3104.0,2951.0,3142.0,2986.0,38.0,35.0,36.5,2.036,1.876,1.956,638531.478905,3863553.794032,106.7,117.4,29.8,26.7,26.2,16.4,98.15,0.0548,84.6,4,1920,1920
2008,0.4837,2060.0,3021.0,2097.0,3057.0,37.0,36.0,36.5,1.983,1.929,1.956,638475.50377,3863550.016194,109.6,108.3,50.0,23.3,25.8,16.3,56.93,-0.0082,89.3,4,1920,1920
2009,0.4834,2106.0,2958.0,2146.0,2994.0,40.0,36.0,38.0,2.144,1.929,2.036,638478.049313,3863553.392134,152.6,145.1,72.1,25.6,29.7,16.6,65.61,-0.0331,123.3,4,1920,1920
2010,0.4833,3363.0,2277.0,3402.0,2314.0,39.0,37.0,38.0,2.09,1.983,2.036,638545.385604,3863589.857643,134.2,128.3,67.0,24.0,23.2,17.3,55.35,-0.0303,109.8,4,1920,1920
2011,0.4832,3159.0,2672.0,3187.0,2701.0,28.0,29.0,28.5,1.5,1.554,1.527,638534.158423,3863568.905381,103.0,113.0,47.2,27.8,29.1,21.1,75.75,0.0592,87.7,4,1920,1920
2012,0.483,2958.0,2189.0,3010.0,2233.0,52.0,44.0,48.0,2.787,2.358,2.572,638524.029844,3863594.385689,106.7,117.1,47.5,28.4,29.7,20.3,79.97,0.0589,90.5,4,1920,1920
2013,0.4822,2978.0,3199.0,3008.0,3225.0,30.0,26.0,28.0,1.608,1.393,1.5,638524.512158,3863540.745756,114.1,126.4,50.2,30.6,29.1,24.0,88.4,0.0645,96.9,4,1920,1920
2014,0.4817,2881.0,3393.0,2920.0,3427.0,39.0,34.0,36.5,2.09,1.822,1.956,638519.555049,3863530.13566,126.1,130.2,60.0,27.8,33.5,16.2,74.3,0.021,105.4,4,1920,1920
2015,0.4815,2101.0,3108.0,2127.0,3135.0,26.0,27.0,26.5,1.393,1.447,1.42,638477.406228,3863545.595321,116.8,121.1,52.7,30.5,29.9,18.1,72.74,0.0234,96.8,4,1920,1920
2016,0.4809,1971.0,3798.0,1999.0,3823.0,28.0,25.0,26.5,1.5,1.34,1.42,638470.493071,3863508.674328,117.5,120.2,43.6,27.0,23.5,20.5,79.33,0.0142,93.8,4,1920,1920
2017,0.4808,2294.0,2224.0,2330.0,2258.0,36.0,34.0,35.0,1.929,1.822,1.876,638488.01712,3863592.778098,133.8,137.3,59.5,34.7,36.5,21.1,81.18,0.0164,110.2,4,1920,1920
2018,0.4802,2512.0,3527.0,2547.0,3561.0,35.0,34.0,34.5,1.876,1.822,1.849,638499.673024,3863522.955089,104.4,111.9,37.8,28.3,25.2,18.9,81.63,0.0421,84.7,4,1920,1920
2019,0.4801,3274.0,2384.0,3305.0,2413.0,31.0,29.0,30.0,1.661,1.554,1.608,638540.4017,3863584.338249,140.3,145.1,53.6,32.5,32.0,21.1,96.4,0.021,113.0,4,1920,1920
2020,0.4798,3746.0,2651.0,3774.0,2679.0,28.0,28.0,28.0,1.5,1.5,1.5,638565.615966,3863570.057488,119.1,129.0,49.8,21.2,22.8,14.1,89.13,0.05,99.3,4,1920,1920
2021,0.4797,3776.0,2744.0,3801.0,2770.0,25.0,26.0,25.5,1.34,1.393,1.367,638567.143292,3863565.127544,144.8,136.1,75.7,25.3,30.7,22.3,51.75,-0.0424,118.9,4,1920,1920
2022,0.4796,1920.0,2948.0,1929.0,2974.0,9.0,26.0,17.5,0.482,1.393,0.938,638467.250854,3863554.195929,135.3,136.4,61.1,16.5,17.7,22.7,76.32,0.0049,110.9,4,1920,1920
2023,0.4793,3239.0,2739.0,3266.0,2768.0,27.0,29.0,28.0,1.447,1.554,1.5,638538.418857,3863565.315096,125.6,135.6,55.5,28.1,25.6,22.2,90.1,0.0486,105.6,4,1920,1920
2024,0.4789,2761.0,2892.0,2785.0,2916.0,24.0,24.0,24.0,1.286,1.286,1.286,638512.722278,3863557.250351,125.3,133.6,58.4,36.9,37.7,21.0,83.53,0.0415,105.8,4,1920,1920
2025,0.4787,3526.0,3670.0,3554.0,3692.0,28.0,22.0,25.0,1.5,1.179,1.34,638553.826087,3863515.61376,137.1,142.5,48.8,29.9,28.4,19.1,99.2,0.0237,109.5,4,1920,1920
2026,0.4785,3182.0,2998.0,3222.0,3031.0,40.0,33.0,36.5,2.144,1.768,1.956,638535.712544,3863551.32906,125.6,131.7,47.2,30.5,33.0,20.2,90.68,0.029,101.5,4,1920,1920
2027,0.478,3654.0,3464.0,3684.0,3488.0,30.0,24.0,27.0,1.608,1.286,1.447,638560.739243,3863526.598961,125.1,135.4,49.8,26.0,26.3,18.6,95.99,0.0491,103.5,4,1920,1920
2028,0.4779,3336.0,2511.0,3362.0,2538.0,26.0,27.0,26.5,1.393,1.447,1.42,638543.590327,3863577.586369,145.7,145.6,66.5,33.8,38.4,20.1,78.92,-0.0005,119.3,4,1920,1920
2029,0.4775,2396.0,2307.0,2428.0,2338.0,32.0,31.0,31.5,1.715,1.661,1.688,638493.376157,3863588.410811,98.8,105.9,46.4,19.7,23.2,13.4,66.59,0.0449,83.7,4,1920,1920
2030,0.4774,3396.0,2832.0,3421.0,2859.0,25.0,27.0,26.0,1.34,1.447,1.393,638546.778954,3863560.385152,126.1,138.4,52.8,29.8,28.2,17.0,97.94,0.0581,105.8,4,1920,1920
2031,0.4771,2086.0,2914.0,2126.0,2947.0,40.0,33.0,36.5,2.144,1.768,1.956,638476.977505,3863555.830313,117.7,125.1,48.7,29.8,27.9,20.7,83.8,0.0381,97.2,4,1920,1920
2032,0.4769,3633.0,2576.0,3676.0,2615.0,43.0,39.0,41.0,2.304,2.09,2.197,638559.962183,3863573.781739,117.3,125.3,53.6,21.2,21.1,17.1,79.73,0.0424,98.7,4,1920,1920
2033,0.4769,3789.0,3728.0,3814.0,3750.0,25.0,22.0,23.5,1.34,1.179,1.259,638567.839967,3863512.505752,109.3,116.4,47.4,27.3,26.2,17.8,76.16,0.0399,91.0,4,1920,1920
2034,0.4768,2537.0,2645.0,2569.0,2675.0,32.0,30.0,31.0,1.715,1.608,1.661,638500.932398,3863570.325419,139.5,141.2,63.9,28.6,31.9,19.5,79.07,0.0078,114.9,4,1920,1920
2035,0.4767,2626.0,3114.0,2664.0,3147.0,38.0,33.0,35.5,2.036,1.768,1.902,638505.862711,3863545.113044,108.6,112.4,55.2,30.1,28.2,27.7,60.96,0.023,92.1,4,1920,1920
2036,0.4759,3013.0,2732.0,3036.0,2755.0,23.0,23.0,23.0,1.233,1.233,1.233,638526.200254,3863565.850959,158.8,164.2,146.7,32.4,33.8,41.4,23.05,0.0309,156.6,4,1920,1920
2037,0.4759,3092.0,2673.0,3134.0,2714.0,42.0,41.0,41.5,2.251,2.197,2.224,638530.943001,3863568.530277,115.0,122.6,54.0,29.4,33.4,20.3,76.2,0.0416,97.2,4,1920,1920
2038,0.4755,3491.0,3849.0,3515.0,3873.0,24.0,24.0,24.0,1.286,1.286,1.286,638551.843243,3863505.968218,105.5,111.1,42.7,26.2,22.0,17.3,73.98,0.0322,86.4,4,1920,1920
2039,0.4752,2688.0,3340.0,2708.0,3361.0,20.0,21.0,20.5,1.072,1.125,1.099,638508.703001,3863533.324047,138.2,143.2,61.3,29.6,28.8,19.9,86.85,0.0228,114.2,4,1920,1920
2040,0.4743,2158.0,3593.0,2200.0,3634.0,42.0,41.0,41.5,2.251,2.197,2.224,638480.889602,3863519.230838,116.8,115.7,48.8,30.0,32.6,19.6,65.73,-0.006,93.7,4,1920,1920
2041,0.474,3708.0,3209.0,3729.0,3230.0,21.0,21.0,21.0,1.125,1.125,1.125,638563.391966,3863540.343859,143.0,135.3,66.1,20.3,19.4,13.8,61.59,-0.0362,114.8,4,1920,1920
2042,0.4738,2467.0,2622.0,2509.0,2660.0,42.0,38.0,40.0,2.251,2.036,2.144,638497.449024,3863571.34356,146.2,146.9,65.1,28.2,29.2,21.3,82.48,0.003,119.4,4,1920,1920
2043,0.4737,2739.0,3043.0,2762.0,3068.0,23.0,25.0,24.0,1.233,1.34,1.286,638511.516495,3863549.13202,131.5,147.0,55.1,27.9,27.8,18.7,107.45,0.0696,111.2,4,1920,1920
2044,0.4737,2571.0,2053.0,2594.0,2077.0,23.0,24.0,23.5,1.233,1.286,1.259,638502.513314,3863602.209295,143.7,147.0,66.3,28.5,31.7,18.8,84.02,0.0147,119.0,4,1920,1920
2045,0.4733,2309.0,2092.0,2347.0,2128.0,38.0,36.0,37.0,2.036,1.929,1.983,638488.874566,3863599.79791,105.4,117.4,50.8,26.6,30.4,16.7,78.46,0.0692,91.2,4,1920,1920
2046,0.4733,3872.0,2832.0,3905.0,2868.0,33.0,36.0,34.5,1.768,1.929,1.849,638572.502328,3863560.144014,110.0,118.9,45.2,27.6,31.8,16.9,82.54,0.0483,91.4,4,1920,1920
2047,0.4731,2696.0,2205.0,2733.0,2241.0,37.0,36.0,36.5,1.983,1.929,1.956,638509.587242,3863593.742653,135.5,149.2,60.9,28.5,30.7,16.0,101.94,0.0612,115.2,4,1920,1920
2048,0.4726,2243.0,3190.0,2278.0,3222.0,35.0,32.0,33.5,1.876,1.715,1.795,638485.257217,3863541.067274,160.5,156.1,78.6,28.2,29.2,28.4,73.1,-0.0186,131.7,4,1920,1920
2049,0.4724,2501.0,2234.0,2520.0,2254.0,19.0,20.0,19.5,1.018,1.072,1.045,638498.654807,3863592.617339,139.8,138.5,65.2,25.5,28.1,17.2,72.1,-0.0059,114.5,4,1920,1920
2050,0.4722,2993.0,2569.0,3028.0,2603.0,35.0,34.0,34.5,1.876,1.822,1.849,638525.449989,3863574.290809,139.4,148.3,65.9,28.0,27.3,35.3,91.36,0.0405,117.9,4,1920,1920
2051,0.4721,3403.0,2520.0,3442.0,2554.0,39.0,34.0,36.5,2.09,1.822,1.956,638547.529219,3863576.91654,127.2,130.9,50.3,23.5,26.7,18.2,84.34,0.0179,102.8,4,1920,1920
2052,0.4721,2183.0,2266.0,2215.0,2298.0,32.0,32.0,32.0,1.715,1.715,1.715,638481.961409,3863590.581058,120.3,121.0,56.0,30.1,31.2,19.8,65.79,0.0041,99.1,4,1920,1920
2053,0.472,3703.0,2389.0,3740.0,2422.0,37.0,33.0,35.0,1.983,1.768,1.876,638563.552737,3863583.963144,110.3,120.9,48.6,31.9,32.2,22.6,82.99,0.0583,93.3,4,1920,1920
2054,0.472,3710.0,2970.0,3742.0,3000.0,32.0,30.0,31.0,1.715,1.608,1.661,638563.793894,3863552.909857,100.1,114.2,41.0,26.4,27.9,15.1,87.16,0.0809,85.1,4,1920,1920
2055,0.4717,3450.0,3948.0,3477.0,3967.0,27.0,19.0,23.0,1.447,1.018,1.233,638549.726424,3863500.797135,99.0,108.2,35.8,20.4,21.9,14.6,81.64,0.0536,81.0,4,1920,1920
2056,0.4713,3327.0,3541.0,3353.0,3564.0,26.0,23.0,24.5,1.393,1.233,1.313,638543.108014,3863522.499605,117.8,120.8,40.0,25.8,24.1,16.8,83.95,0.0155,92.9,4,1920,1920
2057,0.4708,3847.0,2004.0,3878.0,2034.0,31.0,30.0,30.5,1.661,1.608,1.634,638571.108979,3863604.674267,134.1,125.8,116.9,31.2,34.4,41.0,0.52,-0.0585,125.6,4,1920,1920
2058,0.4707,2865.0,2582.0,2898.0,2613.0,33.0,31.0,32.0,1.768,1.661,1.715,638518.536832,3863573.674566,119.6,124.5,59.2,25.6,28.3,20.2,70.1,0.0262,101.1,4,1920,1920
2059,0.4704,2717.0,2795.0,2758.0,2834.0,41.0,39.0,40.0,2.197,2.09,2.144,638510.81982,3863562.046329,133.0,139.6,63.7,25.5,26.2,20.3,82.54,0.0317,112.1,4,1920,1920
2060,0.4702,2363.0,3219.0,2408.0,3257.0,45.0,38.0,41.5,2.411,2.036,2.224,638491.956012,3863539.352511,126.4,138.7,52.3,39.1,39.6,23.2,98.62,0.0577,105.8,4,1920,1920
2061,0.4702,2980.0,3240.0,3012.0,3266.0,32.0,26.0,29.0,1.715,1.393,1.554,638524.672929,3863538.548716,120.4,129.2,48.0,27.9,31.7,18.2,90.04,0.0436,99.2,4,1920,1920
2062,0.4696,2071.0,3712.0,2101.0,3746.0,30.0,34.0,32.0,1.608,1.822,1.715,638475.905698,3863513.041615,90.2,98.5,30.5,21.6,23.2,14.5,76.25,0.0521,73.1,4,1920,1920
2063,0.4692,3790.0,3872.0,3828.0,3903.0,38.0,31.0,34.5,2.036,1.661,1.849,638568.241894,3863504.54818,144.8,144.3,61.9,30.3,28.3,29.6,81.85,-0.0024,117.0,4,1920,1920
2064,0.4689,2505.0,3485.0,2533.0,3509.0,28.0,24.0,26.0,1.5,1.286,1.393,638499.110325,3863525.473648,115.6,128.3,41.3,29.9,31.2,20.7,99.62,0.0626,95.1,4,1920,1920
2065,0.4686,2443.0,2935.0,2477.0,2969.0,34.0,34.0,34.0,1.822,1.822,1.822,638495.948494,3863554.678206,124.4,130.6,52.9,30.4,27.8,23.0,83.81,0.0304,102.6,4,1920,1920
2066,0.4681,2356.0,2492.0,2380.0,2517.0,24.0,25.0,24.5,1.286,1.34,1.313,638491.018181,3863578.658096,125.5,133.7,59.0,29.6,30.4,20.6,82.93,0.0411,106.1,4,1920,1920
2067,0.4681,3182.0,3611.0,3210.0,3636.0,28.0,25.0,26.5,1.5,1.34,1.42,638535.391001,3863518.694975,106.9,115.0,43.3,18.9,21.9,14.6,79.79,0.0455,88.4,4,1920,1920
2068,0.4679,2982.0,2666.0,3008.0,2692.0,26.0,26.0,26.0,1.393,1.393,1.393,638524.619338,3863569.307279,177.7,180.4,159.2,26.5,28.9,33.8,23.95,0.0137,172.4,4,1920,1920
2069,0.4675,3702.0,3673.0,3723.0,3692.0,21.0,19.0,20.0,1.125,1.018,1.072,638563.070424,3863515.53338,132.7,138.6,67.0,28.5,27.0,20.2,77.41,0.0286,112.8,4,1920,1920
2070,0.467,2606.0,3345.0,2644.0,3382.0,38.0,37.0,37.5,2.036,1.983,2.01,638504.790904,3863532.627425,118.6,127.1,51.6,29.4,28.4,21.7,83.95,0.0437,99.1,4,1920,1920
2071,0.467,2837.0,2076.0,2882.0,2115.0,45.0,39.0,42.0,2.411,2.09,2.251,638517.357844,3863600.574912,114.6,121.9,52.8,32.5,33.2,20.0,76.43,0.0397,96.4,4,1920,1920
2072,0.4669,3269.0,3512.0,3309.0,3543.0,40.0,31.0,35.5,2.144,1.661,1.902,638540.374905,3863523.839264,187.5,180.6,171.1,31.7,38.9,41.8,2.47,-0.0353,179.7,4,1920,1920
2073,0.4663,2518.0,2773.0,2557.0,2809.0,39.0,36.0,37.5,2.09,1.929,2.01,638500.101747,3863563.305608,114.6,121.3,57.2,21.7,22.2,18.3,70.91,0.0377,97.7,4,1920,1920
2074,0.4663,3165.0,2310.0,3192.0,2335.0,27.0,25.0,26.0,1.447,1.34,1.393,638534.45317,3863588.410811,159.9,156.7,77.5,20.5,21.0,23.5,75.99,-0.0133,131.4,4,1920,1920
2075,0.4656,3188.0,2093.0,3211.0,2118.0,23.0,25.0,24.0,1.233,1.34,1.286,638535.578568,3863600.039048,136.7,138.9,60.6,29.8,26.3,28.6,80.56,0.0102,112.1,4,1920,1920
2076,0.4655,1978.0,2839.0,2007.0,2868.0,29.0,29.0,29.0,1.554,1.554,1.554,638470.894999,3863559.956461,101.7,106.4,41.5,26.2,28.0,15.9,69.72,0.0287,83.2,4,1920,1920
2077,0.4652,3478.0,2206.0,3517.0,2242.0,39.0,36.0,37.5,2.09,1.929,2.01,638551.548496,3863593.689066,125.6,124.4,58.7,28.6,27.2,22.7,64.58,-0.0062,102.9,4,1920,1920
2078,0.4651,3606.0,3050.0,3632.0,3076.0,26.0,26.0,26.0,1.393,1.393,1.393,638558.059725,3863548.730122,104.4,115.5,44.4,24.9,25.7,17.5,82.14,0.0632,88.1,4,1920,1920
2079,0.465,2569.0,2085.0,2603.0,2117.0,34.0,32.0,33.0,1.822,1.715,1.768,638502.70088,3863600.280187,142.4,147.9,64.1,24.7,24.2,19.1,89.35,0.0243,118.1,4,1920,1920
2080,0.4648,2726.0,3555.0,2760.0,3587.0,34.0,32.0,33.0,1.822,1.715,1.768,638511.114567,3863521.508258,105.4,111.1,35.9,25.7,27.3,16.7,80.72,0.0311,84.1,4,1920,1920
2081,0.4648,3616.0,3955.0,3647.0,3967.0,31.0,12.0,21.5,1.661,0.643,1.152,638558.729605,3863500.609583,128.3,133.1,48.1,22.7,24.6,18.7,89.66,0.0221,103.2,4,1920,1920
2082,0.4647,2226.0,2537.0,2259.0,2566.0,33.0,29.0,31.0,1.768,1.554,1.661,638484.29259,3863576.139538,129.3,137.7,47.6,26.1,26.3,17.3,98.41,0.038,104.9,4,1920,1920
2083,0.4636,3873.0,2143.0,3903.0,2171.0,30.0,28.0,29.0,1.608,1.5,1.554,638572.475533,3863597.279351,122.0,129.9,53.9,23.8,25.2,16.6,83.86,0.0397,101.9,4,1920,1920
2084,0.4634,3176.0,3226.0,3206.0,3259.0,30.0,33.0,31.5,1.608,1.768,1.688,638535.12305,3863539.111373,111.4,122.1,50.7,28.4,31.2,18.6,81.97,0.0584,94.7,4,1920,1920
2085,0.4634,2141.0,3050.0,2179.0,3089.0,38.0,39.0,38.5,2.036,2.09,2.063,638479.871385,3863548.381811,120.9,120.1,56.4,25.8,23.0,23.3,62.89,-0.0043,99.1,4,1920,1920
2086,0.4631,3567.0,3742.0,3594.0,3766.0,27.0,24.0,25.5,1.447,1.286,1.367,638555.996496,3863511.701957,114.3,121.3,41.8,25.8,26.1,18.7,86.46,0.0362,92.5,4,1920,1920
2087,0.4629,3749.0,2884.0,3782.0,2916.0,33.0,32.0,32.5,1.768,1.715,1.742,638565.910713,3863557.464696,107.0,116.4,41.2,23.8,23.1,17.0,84.62,0.0518,88.2,4,1920,1920
2088,0.4626,2476.0,3092.0,2514.0,3128.0,38.0,36.0,37.0,2.036,1.929,1.983,638497.824157,3863546.211564,122.9,126.2,62.9,33.5,37.9,21.8,66.65,0.0177,104.0,4,1920,1920
2089,0.4625,2283.0,2657.0,2308.0,2681.0,25.0,24.0,24.5,1.34,1.286,1.313,638487.132879,3863569.843142,111.1,120.6,47.9,27.8,28.1,21.0,82.14,0.0513,93.2,4,1920,1920
2090,0.4623,3645.0,2763.0,3675.0,2794.0,30.0,31.0,30.5,1.608,1.661,1.634,638560.25693,3863563.975437,99.7,112.8,46.9,27.8,29.1,16.0,79.0,0.0789,86.5,4,1920,1920
2091,0.4617,3331.0,3826.0,3366.0,3861.0,35.0,35.0,35.0,1.876,1.876,1.876,638543.563532,3863506.905979,127.5,132.6,53.7,25.3,24.4,24.0,83.98,0.0246,104.6,4,1920,1920
2092,0.4612,2629.0,3930.0,2667.0,3965.0,38.0,35.0,36.5,2.036,1.876,1.956,638506.023482,3863501.332999,116.2,122.4,51.6,26.5,26.0,31.9,77.01,0.0332,96.7,4,1920,1920
2093,0.4612,2733.0,3225.0,2754.0,3245.0,21.0,20.0,20.5,1.125,1.072,1.099,638511.141362,3863539.51327,131.3,142.2,53.0,27.4,27.0,17.7,100.05,0.0493,108.9,4,1920,1920
2094,0.4611,2884.0,2319.0,2928.0,2362.0,44.0,43.0,43.5,2.358,2.304,2.331,638519.849796,3863587.446257,112.2,120.9,47.9,28.3,28.4,17.9,81.77,0.047,93.7,4,1920,1920
2095,0.461,3367.0,2108.0,3403.0,2146.0,36.0,38.0,37.0,1.929,2.036,1.983,638545.51958,3863598.886942,126.1,128.0,58.3,22.6,22.2,25.6,71.65,0.0099,104.1,4,1920,1920
2096,0.4607,2398.0,3768.0,2423.0,3795.0,25.0,27.0,26.0,1.34,1.447,1.393,638493.295771,3863510.228332,173.0,161.3,141.8,35.4,33.3,37.6,7.87,-0.0607,158.7,4,1920,1920
2097,0.4589,2966.0,2691.0,2991.0,2718.0,25.0,27.0,26.0,1.34,1.447,1.393,638523.735097,3863567.940827,128.5,132.6,68.7,28.1,27.9,23.7,68.03,0.0213,109.9,4,1920,1920
2098,0.4587,3410.0,2873.0,3435.0,2896.0,25.0,23.0,24.0,1.34,1.233,1.286,638547.529219,3863558.295285,145.0,148.4,65.9,28.7,30.1,25.0,85.9,0.015,119.8,4,1920,1920
2099,0.4587,3862.0,3731.0,3888.0,3756.0,26.0,25.0,25.5,1.393,1.34,1.367,638571.778858,3863512.264613,92.1,99.6,38.2,26.9,26.5,14.5,68.83,0.0485,76.6,4,1920,1920
2100,0.4587,2785.0,3495.0,2814.0,3524.0,29.0,29.0,29.0,1.554,1.554,1.554,638514.142422,3863524.803818,104.9,116.0,42.5,27.8,28.6,17.2,84.78,0.0627,87.8,4,1920,1920
2101,0.4583,3695.0,2524.0,3726.0,2554.0,31.0,30.0,30.5,1.661,1.608,1.634,638562.963243,3863576.809367,121.4,131.9,54.5,31.9,28.8,24.7,87.97,0.0531,102.6,4,1920,1920
2102,0.4582,3401.0,3822.0,3426.0,3849.0,25.0,27.0,26.0,1.34,1.447,1.393,638547.046906,3863507.33467,140.2,139.6,69.0,30.1,27.8,28.2,69.92,-0.003,116.2,4,1920,1920
2103,0.458,3444.0,3484.0,3469.0,3506.0,25.0,22.0,23.5,1.34,1.179,1.259,638549.351291,3863525.58082,123.0,130.8,47.1,23.4,23.4,16.3,91.39,0.0375,100.3,4,1920,1920
2104,0.4579,2050.0,2978.0,2081.0,3010.0,31.0,32.0,31.5,1.661,1.715,1.688,638474.807096,3863552.42758,113.7,116.7,50.8,24.4,22.8,18.8,68.84,0.0165,93.7,4,1920,1920
2105,0.4577,3807.0,3046.0,3848.0,3081.0,41.0,35.0,38.0,2.197,1.876,2.036,638569.233316,3863548.703329,103.5,118.1,40.7,27.6,26.0,18.8,92.03,0.0806,87.4,4,1920,1920
2106,0.4569,3700.0,2219.0,3738.0,2258.0,38.0,39.0,38.5,2.036,2.09,2.063,638563.418762,3863592.912064,119.9,123.3,58.4,27.0,25.9,21.6,68.27,0.0183,100.5,4,1920,1920
2107,0.4566,3170.0,3172.0,3205.0,3212.0,35.0,40.0,37.5,1.876,2.144,2.01,638534.935483,3863541.817483,120.7,130.1,65.6,29.3,29.9,32.8,73.77,0.0504,105.5,4,1920,1920
2108,0.4562,2379.0,3420.0,2409.0,3432.0,30.0,12.0,21.0,1.608,0.643,1.125,638492.41153,3863529.278278,185.3,186.5,177.9,25.2,27.0,27.6,9.7,0.0057,183.2,4,1920,1920
2109,0.4561,2546.0,3353.0,2577.0,3381.0,31.0,28.0,29.5,1.661,1.5,1.581,638501.387916,3863532.439873,128.2,131.5,52.6,32.8,36.7,17.5,82.24,0.0161,104.1,4,1920,1920
2110,0.4558,3588.0,2812.0,3627.0,2848.0,39.0,36.0,37.5,2.09,1.929,2.01,638557.443436,3863561.215741,112.0,118.9,54.3,23.7,25.8,17.4,71.51,0.0389,95.1,4,1920,1920
2111,0.4557,2112.0,3655.0,2143.0,3678.0,31.0,23.0,27.0,1.661,1.233,1.447,638478.129698,3863516.390762,121.7,123.4,53.6,27.0,29.1,20.1,71.51,0.0089,99.6,4,1920,1920
2112,0.4556,3836.0,2223.0,3875.0,2256.0,39.0,33.0,36.0,2.09,1.768,1.929,638570.733846,3863592.858478,103.5,110.3,53.5,22.5,25.9,16.0,63.61,0.0423,89.1,4,1920,1920
2113,0.4555,2516.0,1936.0,2540.0,1960.0,24.0,24.0,24.0,1.286,1.286,1.286,638499.592639,3863608.478898,140.1,144.1,66.4,35.0,35.6,23.3,81.59,0.0183,116.9,4,1920,1920
2114,0.4551,1949.0,3072.0,1981.0,3101.0,32.0,29.0,30.5,1.715,1.554,1.634,638469.421264,3863547.470843,133.7,134.0,51.6,27.9,30.1,16.7,82.79,0.0015,106.4,4,1920,1920
2115,0.455,3931.0,2476.0,3966.0,2511.0,35.0,35.0,35.0,1.876,1.876,1.876,638575.71775,3863579.247546,113.5,121.1,49.7,27.4,27.3,15.7,79.05,0.0411,94.7,4,1920,1920
2116,0.4549,2445.0,3955.0,2474.0,3967.0,29.0,12.0,20.5,1.554,0.643,1.099,638495.921699,3863500.609583,104.2,107.6,48.1,35.8,32.1,30.3,62.97,0.021,86.6,4,1920,1920
2117,0.4548,2993.0,3790.0,3031.0,3825.0,38.0,35.0,36.5,2.036,1.876,1.956,638525.530375,3863508.835087,103.7,113.5,39.4,24.0,24.1,16.1,83.94,0.0553,85.6,4,1920,1920
2118,0.4544,2074.0,1922.0,2112.0,1956.0,38.0,34.0,36.0,2.036,1.822,1.929,638476.280831,3863608.961175,115.5,125.5,56.1,29.9,33.8,20.3,79.41,0.0541,99.0,4,1920,1920
2119,0.4541,2010.0,1920.0,2038.0,1943.0,28.0,23.0,25.5,1.5,1.233,1.367,638472.583096,3863609.363073,126.6,136.2,56.4,29.3,28.9,21.2,89.3,0.0463,106.4,4,1920,1920
2120,0.454,3759.0,3639.0,3788.0,3669.0,29.0,30.0,29.5,1.554,1.608,1.581,638566.339436,3863517.060591,122.5,128.9,53.5,26.6,23.6,19.6,81.8,0.0325,101.6,4,1920,1920
2121,0.4533,2376.0,2094.0,2404.0,2121.0,28.0,27.0,27.5,1.5,1.447,1.474,638492.197169,3863599.931876,101.6,117.1,52.1,20.3,22.3,14.7,80.59,0.0934,90.3,4,1920,1920
2122,0.4527,3924.0,2795.0,3964.0,2831.0,40.0,36.0,38.0,2.144,1.929,2.036,638575.476593,3863562.126708,110.7,122.1,44.6,29.1,28.0,17.6,88.76,0.0603,92.5,4,1920,1920
2123,0.4522,3136.0,3287.0,3166.0,3319.0,30.0,32.0,31.0,1.608,1.715,1.661,638532.979435,3863535.869399,103.5,115.1,50.4,20.9,21.9,17.1,76.3,0.0687,89.7,4,1920,1920
2124,0.4516,3572.0,2743.0,3592.0,2764.0,20.0,21.0,20.5,1.072,1.125,1.099,638556.076882,3863565.315096,119.9,132.5,53.9,30.4,29.7,19.5,91.25,0.0638,102.1,4,1920,1920
2125,0.4515,2746.0,2173.0,2785.0,2207.0,39.0,34.0,36.5,2.09,1.822,1.956,638512.32035,3863595.511002,130.5,137.7,66.7,27.6,31.7,19.4,78.37,0.0362,111.6,4,1920,1920
2126,0.4511,2496.0,3163.0,2532.0,3197.0,36.0,34.0,35.0,1.929,1.822,1.876,638498.842374,3863542.460519,104.6,115.1,43.8,28.9,29.8,20.4,81.75,0.0595,87.8,4,1920,1920
2127,0.4508,2285.0,2332.0,2320.0,2369.0,35.0,37.0,36.0,1.876,1.983,1.929,638487.508012,3863586.910393,123.5,128.5,64.6,26.9,29.5,20.5,69.01,0.027,105.5,4,1920,1920
2128,0.4503,2272.0,2832.0,2311.0,2866.0,39.0,34.0,36.5,2.09,1.822,1.956,638486.918518,3863560.1976,93.5,101.7,41.4,22.9,26.0,16.8,68.51,0.0532,78.9,4,1920,1920
2129,0.4503,2093.0,3617.0,2124.0,3640.0,31.0,23.0,27.0,1.661,1.233,1.447,638477.111481,3863518.427043,129.0,132.9,51.3,30.7,33.4,24.2,85.47,0.0184,104.4,4,1920,1920
2130,0.4502,2945.0,2313.0,2976.0,2345.0,31.0,32.0,31.5,1.661,1.715,1.688,638522.770471,3863588.0625,117.8,125.9,55.9,30.5,32.2,21.7,78.08,0.0433,99.8,4,1920,1920
2131,0.4501,2299.0,3932.0,2324.0,3959.0,25.0,27.0,26.0,1.34,1.447,1.393,638487.990325,3863501.440171,116.2,116.5,56.4,21.0,23.7,20.1,60.52,0.002,96.4,4,1920,1920
2132,0.4493,3079.0,2866.0,3121.0,2899.0,42.0,33.0,37.5,2.251,1.768,2.01,638530.246327,3863558.402457,114.3,124.6,46.7,33.4,33.3,19.4,88.06,0.0532,95.2,4,1920,1920
2133,0.4493,2415.0,3083.0,2443.0,3108.0,28.0,25.0,26.5,1.5,1.34,1.42,638494.287193,3863546.988566,123.8,135.6,53.5,27.9,27.2,19.5,93.92,0.0574,104.3,4,1920,1920
2134,0.4491,3366.0,2426.0,3410.0,2464.0,44.0,38.0,41.0,2.358,2.036,2.197,638545.680351,3863581.846484,112.7,118.7,45.9,27.6,28.9,16.1,78.83,0.0324,92.4,4,1920,1920
2135,0.4488,3948.0,3903.0,3967.0,3919.0,19.0,16.0,17.5,1.018,0.857,0.938,638576.200063,3863503.2889,73.1,90.5,26.2,23.8,23.5,9.1,81.71,0.1264,63.3,4,1920,1920
2136,0.4485,2715.0,1943.0,2757.0,1981.0,42.0,38.0,40.0,2.251,2.036,2.144,638510.739434,3863607.728689,127.8,136.3,53.7,27.5,27.7,17.3,91.23,0.0406,105.9,4,1920,1920
2137,0.4484,3053.0,3751.0,3084.0,3781.0,31.0,30.0,30.5,1.661,1.608,1.634,638528.55823,3863511.058921,95.3,107.1,36.2,24.2,25.7,18.0,82.77,0.0711,79.5,4,1920,1920
2138,0.4481,3101.0,2103.0,3128.0,2134.0,27.0,31.0,29.0,1.447,1.661,1.554,638531.023387,3863599.342426,109.0,114.7,51.5,31.6,29.3,23.8,68.91,0.0331,91.7,4,1920,1920
2139,0.4476,3918.0,2752.0,3957.0,2789.0,39.0,37.0,38.0,2.09,1.983,2.036,638575.128256,3863564.404128,115.3,120.6,54.0,24.6,30.5,17.6,71.86,0.0288,96.6,4,1920,1920
2140,0.4476,2438.0,2251.0,2478.0,2287.0,40.0,36.0,38.0,2.144,1.929,2.036,638495.841313,3863591.277681,145.0,141.6,72.0,30.3,39.0,20.3,66.13,-0.0159,119.5,4,1920,1920
2141,0.4474,3371.0,2994.0,3400.0,3019.0,29.0,25.0,27.0,1.554,1.34,1.447,638545.546375,3863551.75775,158.2,159.6,75.5,30.5,29.6,25.2,85.49,0.0057,131.1,4,1920,1920
2142,0.4472,2921.0,3285.0,2962.0,3322.0,41.0,37.0,39.0,2.197,1.983,2.09,638521.752254,3863535.842606,112.5,125.5,48.5,24.6,24.6,16.4,90.08,0.0689,95.5,4,1920,1920
2143,0.4471,3259.0,3699.0,3292.0,3729.0,33.0,30.0,31.5,1.768,1.608,1.688,638539.651435,3863513.845411,160.4,160.2,46.7,33.7,30.9,19.7,113.23,-0.0009,122.5,4,1920,1920
2144,0.447,3061.0,2272.0,3088.0,2298.0,27.0,26.0,26.5,1.447,1.393,1.42,638528.879772,3863590.420299,104.0,112.5,49.8,32.5,32.3,21.0,71.22,0.051,88.8,4,1920,1920
2145,0.4464,3045.0,2381.0,3080.0,2418.0,35.0,37.0,36.0,1.876,1.983,1.929,638528.236688,3863584.284663,148.4,146.1,70.4,33.8,38.0,24.6,73.42,-0.0101,121.6,4,1920,1920
2146,0.4463,3854.0,2190.0,3874.0,2209.0,20.0,19.0,19.5,1.072,1.018,1.045,638571.189364,3863595.001932,140.2,126.3,121.1,32.6,34.3,34.9,-8.71,-0.0956,129.2,4,1920,1920
2147,0.4462,3703.0,3844.0,3730.0,3868.0,27.0,24.0,25.5,1.447,1.286,1.367,638563.284786,3863506.236149,115.8,123.6,46.0,25.0,24.8,21.7,85.41,0.0403,95.2,4,1920,1920
2148,0.4461,2063.0,2189.0,2097.0,2220.0,34.0,31.0,32.5,1.822,1.661,1.742,638475.584156,3863594.734,122.7,128.7,52.4,28.8,31.8,20.5,82.22,0.0299,101.3,4,1920,1920
2149,0.4454,1922.0,2989.0,1954.0,3024.0,32.0,35.0,33.5,1.715,1.876,1.795,638467.974324,3863551.75775,116.9,126.7,46.1,20.5,20.7,20.1,90.44,0.0496,96.6,4,1920,1920
2150,0.4452,3475.0,3708.0,3503.0,3733.0,28.0,25.0,26.5,1.5,1.34,1.42,638551.092978,3863513.497099,103.8,114.0,33.0,19.1,19.9,15.4,91.18,0.0551,83.6,4,1920,1920
2151,0.4451,2840.0,3513.0,2875.0,3546.0,35.0,33.0,34.0,1.876,1.768,1.822,638517.250663,3863523.732091,119.4,122.2,43.7,31.1,36.1,20.4,81.29,0.014,95.1,4,1920,1920
2152,0.445,2647.0,3167.0,2676.0,3197.0,29.0,30.0,29.5,1.554,1.608,1.581,638506.746952,3863542.353347,126.8,131.0,51.3,31.2,30.6,20.2,83.85,0.0202,103.0,4,1920,1920
2153,0.4449,3029.0,3178.0,3065.0,3214.0,36.0,36.0,36.0,1.929,1.929,1.929,638527.406037,3863541.603138,122.7,129.6,57.9,38.6,42.4,23.4,78.66,0.0354,103.4,4,1920,1920
2154,0.4447,3516.0,3168.0,3538.0,3189.0,22.0,21.0,21.5,1.179,1.125,1.152,638553.129412,3863542.540899,146.5,151.9,64.4,28.5,22.2,24.1,92.84,0.0227,120.9,4,1920,1920
2155,0.4444,2092.0,2356.0,2127.0,2389.0,35.0,33.0,34.0,1.876,1.768,1.822,638477.165072,3863585.731494,133.4,137.1,61.3,32.5,33.3,23.5,79.52,0.0178,110.6,4,1920,1920
2156,0.4441,3409.0,2727.0,3433.0,2751.0,24.0,24.0,24.0,1.286,1.286,1.286,638547.448833,3863566.092098,103.0,111.2,45.4,19.1,19.7,15.0,74.11,0.0488,86.5,4,1920,1920
2157,0.4441,3434.0,3910.0,3464.0,3920.0,30.0,10.0,20.0,1.608,0.536,1.072,638548.949363,3863503.074555,119.1,117.1,66.2,29.2,32.6,24.2,48.98,-0.0115,100.8,4,1920,1920
2158,0.4437,2299.0,3774.0,2338.0,3810.0,39.0,36.0,37.5,2.09,1.929,2.01,638488.365458,3863509.665676,114.3,117.3,35.2,25.1,25.1,16.8,85.19,0.0155,88.9,4,1920,1920
2159,0.4437,2025.0,1961.0,2046.0,1982.0,21.0,21.0,21.0,1.125,1.125,1.125,638473.199385,3863607.219619,116.7,123.0,48.5,27.3,31.4,16.5,80.79,0.0331,96.1,4,1920,1920
2160,0.4433,2456.0,3646.0,2492.0,3685.0,36.0,39.0,37.5,1.929,2.09,2.01,638496.698759,3863516.444348,196.2,191.6,169.7,33.4,35.8,51.0,17.26,-0.021,185.8,4,1920,1920
2161,0.4427,3290.0,3752.0,3316.0,3774.0,26.0,22.0,24.0,1.393,1.179,1.286,638541.12517,3863511.21968,88.7,100.9,36.8,20.0,22.5,12.3,76.32,0.0799,75.5,4,1920,1920
2162,0.4423,2391.0,2420.0,2421.0,2451.0,30.0,31.0,30.5,1.608,1.661,1.634,638493.054614,3863582.355554,114.6,122.6,49.3,24.5,25.8,16.2,81.29,0.0427,95.5,4,1920,1920
2163,0.4421,2631.0,2193.0,2662.0,2223.0,31.0,30.0,30.5,1.661,1.608,1.634,638505.943097,3863594.546448,144.0,153.0,69.7,34.3,35.1,23.3,92.32,0.0397,122.3,4,1920,1920
2164,0.4417,3665.0,3753.0,3690.0,3779.0,25.0,26.0,25.5,1.34,1.393,1.367,638561.194761,3863511.058921,135.8,141.2,55.8,33.3,29.3,29.1,90.94,0.0247,110.9,4,1920,1920
2165,0.4417,2650.0,3213.0,2676.0,3239.0,26.0,26.0,26.0,1.393,1.393,1.393,638506.827338,3863539.995547,125.3,128.0,57.7,31.9,34.9,21.2,73.14,0.0142,103.7,4,1920,1920
2166,0.4412,3905.0,3403.0,3950.0,3440.0,45.0,37.0,41.0,2.411,1.983,2.197,638574.592352,3863529.519417,127.0,134.4,51.7,28.3,29.0,18.9,90.03,0.0352,104.4,4,1920,1920
2167,0.441,2617.0,2039.0,2656.0,2077.0,39.0,38.0,38.5,2.09,2.036,2.063,638505.407193,3863602.5844,122.2,132.0,58.3,29.1,30.9,19.6,83.5,0.05,104.2,4,1920,1920
2168,0.441,3829.0,2510.0,3852.0,2537.0,23.0,27.0,25.0,1.233,1.447,1.34,638569.929991,3863577.639956,128.1,137.1,58.9,25.5,27.9,18.0,87.22,0.0437,108.1,4,1920,1920
2169,0.4406,3583.0,2977.0,3605.0,2998.0,22.0,21.0,21.5,1.179,1.125,1.152,638556.719966,3863552.775891,100.0,113.2,43.8,26.4,28.3,15.5,82.61,0.0779,85.7,4,1920,1920
2170,0.4403,2408.0,3364.0,2430.0,3385.0,22.0,21.0,21.5,1.179,1.125,1.152,638493.751289,3863532.037975,152.3,156.8,57.4,22.3,22.6,15.6,103.96,0.018,122.2,4,1920,1920
2171,0.44,3328.0,2192.0,3365.0,2225.0,37.0,33.0,35.0,1.983,1.768,1.876,638543.456351,3863594.519655,119.2,120.8,51.9,22.6,26.3,17.3,70.51,0.0085,97.3,4,1920,1920
2172,0.44,2267.0,3236.0,2294.0,3261.0,27.0,25.0,26.0,1.447,1.34,1.393,638486.329024,3863538.789855,127.4,133.6,58.0,34.2,34.2,23.8,81.73,0.0306,106.3,4,1920,1920
2173,0.4398,2132.0,2295.0,2167.0,2325.0,35.0,30.0,32.5,1.876,1.608,1.742,638479.308686,3863589.080641,122.0,126.1,59.6,25.5,25.4,21.0,70.75,0.022,102.6,4,1920,1920
2174,0.4393,2029.0,3443.0,2059.0,3474.0,30.0,31.0,30.5,1.608,1.661,1.634,638473.654903,3863527.536722,138.7,137.5,64.7,25.2,27.9,17.9,71.61,-0.0055,113.6,4,1920,1920
2175,0.4393,3023.0,3141.0,3051.0,3166.0,28.0,25.0,26.5,1.5,1.34,1.42,638526.870134,3863543.880558,116.6,130.1,53.9,28.0,27.5,21.6,89.79,0.0704,100.2,4,1920,1920
2176,0.4392,2225.0,3595.0,2262.0,3629.0,37.0,34.0,35.5,1.983,1.822,1.902,638484.34618,3863519.311218,136.0,134.7,69.7,33.2,31.4,31.2,63.65,-0.0066,113.4,4,1920,1920
2177,0.439,3167.0,2520.0,3194.0,2545.0,27.0,25.0,26.0,1.447,1.34,1.393,638534.560351,3863577.157679,135.7,133.2,63.5,28.7,30.5,21.3,67.16,-0.0123,110.8,4,1920,1920
2178,0.4389,2571.0,2890.0,2608.0,2927.0,37.0,37.0,37.0,1.983,1.983,1.983,638502.888446,3863557.009212,136.5,138.7,62.2,33.0,34.7,19.2,78.86,0.0108,112.5,4,1920,1920
2179,0.4387,2378.0,2930.0,2409.0,2960.0,31.0,30.0,30.5,1.661,1.608,1.634,638492.384735,3863555.053311,114.6,125.4,50.7,26.5,27.7,17.3,85.53,0.0573,96.9,4,1920,1920
2180,0.4387,3480.0,2031.0,3507.0,2058.0,27.0,27.0,27.0,1.447,1.447,1.447,638551.334135,3863603.307815,155.4,157.5,70.8,32.8,28.2,26.3,88.72,0.0085,127.9,4,1920,1920
2181,0.4385,2263.0,2020.0,2285.0,2040.0,22.0,20.0,21.0,1.179,1.072,1.125,638485.980686,3863604.084817,101.2,115.3,46.2,23.7,26.4,16.1,83.18,0.0826,87.5,4,1920,1920
2182,0.4383,3276.0,2006.0,3316.0,2041.0,40.0,35.0,37.5,2.144,1.876,2.01,638540.750038,3863604.433129,117.5,121.9,49.0,32.0,34.2,23.0,77.39,0.0235,96.1,4,1920,1920
2183,0.4382,2200.0,3512.0,2222.0,3537.0,22.0,25.0,23.5,1.179,1.34,1.259,638482.604494,3863524.000023,128.4,128.7,58.2,30.8,28.2,27.7,70.88,0.0018,105.1,4,1920,1920
2184,0.4378,2988.0,1965.0,3014.0,1989.0,26.0,24.0,25.0,1.393,1.286,1.34,638524.940881,3863606.924894,154.5,153.0,69.3,26.7,26.9,20.1,82.28,-0.006,125.6,4,1920,1920
2185,0.4376,2859.0,3281.0,2889.0,3305.0,30.0,24.0,27.0,1.608,1.286,1.447,638518.134904,3863536.405262,114.2,126.7,52.8,30.1,30.6,19.4,86.27,0.0663,97.9,4,1920,1920
2186,0.4375,3885.0,2351.0,3928.0,2389.0,43.0,38.0,40.5,2.304,2.036,2.17,638573.466955,3863585.86546,131.6,135.6,56.6,27.7,34.7,18.2,83.06,0.0191,107.9,4,1920,1920
2187,0.4372,3523.0,3790.0,3552.0,3817.0,29.0,27.0,28.0,1.554,1.447,1.5,638553.692111,3863509.049433,98.2,109.3,38.2,22.9,22.9,17.1,82.28,0.0658,81.9,4,1920,1920
2188,0.4368,2319.0,2959.0,2349.0,2991.0,30.0,32.0,31.0,1.608,1.715,1.661,638489.196108,3863553.44572,132.8,142.5,49.0,33.1,32.5,19.6,103.18,0.0429,108.1,4,1920,1920
2189,0.4368,2253.0,2446.0,2277.0,2471.0,24.0,25.0,24.5,1.286,1.34,1.313,638485.498373,3863581.123068,80.2,96.0,41.3,14.6,17.6,9.9,70.47,0.1172,72.5,4,1920,1920
2190,0.4365,3924.0,2121.0,3962.0,2159.0,38.0,38.0,38.0,2.036,2.036,2.036,638575.423003,3863598.190319,95.0,102.4,48.1,18.2,19.7,18.9,61.75,0.0497,81.8,4,1920,1920
2191,0.4364,3024.0,2898.0,3057.0,2933.0,33.0,35.0,34.0,1.768,1.876,1.822,638527.0577,3863556.634108,128.7,135.9,60.2,27.0,29.7,15.2,82.8,0.0351,108.3,4,1920,1920
2192,0.4363,2596.0,3258.0,2646.0,3306.0,50.0,48.0,49.0,2.679,2.572,2.626,638504.576543,3863536.994712,123.4,131.8,55.8,25.8,24.3,23.5,84.36,0.0419,103.6,4,1920,1920
2193,0.4362,3423.0,2397.0,3458.0,2431.0,35.0,34.0,34.5,1.876,1.822,1.849,638548.493845,3863583.507661,105.6,112.7,45.5,26.7,28.1,17.4,74.32,0.0411,88.0,4,1920,1920
2194,0.4359,2750.0,2447.0,2775.0,2474.0,25.0,27.0,26.0,1.34,1.447,1.393,638512.159579,3863581.015895,122.4,124.9,58.2,30.5,33.5,21.0,69.14,0.0132,101.8,4,1920,1920
2195,0.4353,3775.0,3913.0,3803.0,3941.0,28.0,28.0,28.0,1.5,1.5,1.5,638567.170087,3863502.431519,200.8,193.2,185.4,36.8,38.5,39.2,0.12,-0.0367,193.1,4,1920,1920
2196,0.4346,2597.0,2442.0,2624.0,2470.0,27.0,28.0,27.5,1.447,1.5,1.474,638504.013844,3863581.257034,110.7,120.2,46.1,29.3,29.8,18.7,83.61,0.0513,92.3,4,1920,1920
2197,0.4342,3192.0,2131.0,3228.0,2170.0,36.0,39.0,37.5,1.929,2.09,2.01,638536.141267,3863597.627663,123.1,126.3,59.4,32.9,33.0,31.2,70.05,0.0168,102.9,4,1920,1920
2198,0.4342,2395.0,3015.0,2422.0,3040.0,27.0,25.0,26.0,1.447,1.34,1.393,638493.18859,3863550.632437,102.7,113.5,45.7,28.6,30.4,18.6,78.59,0.0635,87.3,4,1920,1920
2199,0.434,3316.0,3788.0,3341.0,3812.0,25.0,24.0,24.5,1.34,1.286,1.313,638542.491725,3863509.236985,111.4,122.5,50.4,28.7,28.2,17.8,83.1,0.06,94.8,4,1920,1920
2200,0.4338,2539.0,3859.0,2562.0,3881.0,23.0,22.0,22.5,1.233,1.179,1.206,638500.798422,3863505.485941,117.9,120.8,42.1,28.3,26.6,16.8,81.46,0.0145,93.6,4,1920,1920
2201,0.4337,3813.0,3346.0,3841.0,3375.0,28.0,29.0,28.5,1.5,1.554,1.527,638569.206521,3863532.788184,96.0,105.8,39.9,19.7,19.9,17.2,75.76,0.0608,80.6,4,1920,1920
2202,0.4335,1993.0,3891.0,2029.0,3925.0,36.0,34.0,35.0,1.929,1.822,1.876,638471.886421,3863503.449659,86.7,92.1,36.5,17.1,18.7,14.1,60.93,0.038,71.8,4,1920,1920
2203,0.4333,2641.0,2893.0,2668.0,2917.0,27.0,24.0,25.5,1.447,1.286,1.367,638506.37182,3863557.196765,136.4,144.2,62.9,34.1,35.6,21.8,89.19,0.0359,114.5,4,1920,1920
2204,0.4331,2832.0,2196.0,2859.0,2221.0,27.0,25.0,26.0,1.447,1.34,1.393,638516.607579,3863594.519655,140.1,145.9,68.9,24.9,25.7,18.9,82.82,0.0267,118.3,4,1920,1920
2205,0.4331,2050.0,2142.0,2087.0,2179.0,37.0,37.0,37.0,1.983,1.983,1.983,638474.967867,3863597.091799,120.1,125.5,52.3,27.0,25.7,18.5,78.57,0.0278,99.3,4,1920,1920
2206,0.4331,3600.0,2460.0,3627.0,2486.0,27.0,26.0,26.5,1.447,1.393,1.42,638557.764978,3863580.346066,115.2,119.2,55.5,28.1,28.7,18.7,67.73,0.0227,96.6,4,1920,1920
2207,0.4329,3634.0,2242.0,3673.0,2277.0,39.0,35.0,37.0,2.09,1.876,1.983,638559.908593,3863591.786751,121.8,124.7,54.1,27.4,24.7,21.9,73.52,0.0151,100.2,4,1920,1920
2208,0.4326,3246.0,2778.0,3275.0,2808.0,29.0,30.0,29.5,1.554,1.608,1.581,638538.84758,3863563.198435,134.4,138.2,62.2,28.5,26.1,21.3,79.72,0.0179,111.6,4,1920,1920
2209,0.4326,2803.0,3064.0,2841.0,3100.0,38.0,36.0,37.0,2.036,1.929,1.983,638515.348206,3863547.711981,103.5,114.1,50.7,27.0,28.9,17.5,73.91,0.063,89.4,4,1920,1920
2210,0.4325,3710.0,2571.0,3739.0,2599.0,29.0,28.0,28.5,1.554,1.5,1.527,638563.713509,3863574.344395,131.6,136.7,57.5,29.6,27.5,25.7,84.31,0.0243,108.6,4,1920,1920
2211,0.4319,3853.0,3652.0,3871.0,3672.0,18.0,20.0,19.0,0.965,1.072,1.018,638571.082184,3863516.631901,123.5,133.6,49.9,20.3,19.2,12.8,93.66,0.0483,102.3,4,1920,1920
2212,0.4318,2398.0,2895.0,2423.0,2920.0,25.0,25.0,25.0,1.34,1.34,1.34,638493.295771,3863557.062799,141.5,143.3,131.2,29.5,31.7,31.9,13.88,0.0117,138.7,4,1920,1920
2213,0.4314,3108.0,2404.0,3149.0,2441.0,41.0,37.0,39.0,2.197,1.983,2.09,638531.773652,3863583.052177,130.2,132.1,52.5,25.6,26.5,19.2,81.57,0.0091,105.0,4,1920,1920
2214,0.4313,3574.0,3327.0,3601.0,3353.0,27.0,26.0,26.5,1.447,1.393,1.42,638556.371629,3863533.886704,89.3,93.4,41.4,27.6,25.9,21.8,55.97,0.0286,74.7,4,1920,1920
2215,0.4312,3374.0,3639.0,3406.0,3671.0,32.0,32.0,32.0,1.715,1.715,1.715,638545.787532,3863517.007005,102.1,103.4,43.5,17.6,19.2,17.5,61.12,0.0078,83.0,4,1920,1920
2216,0.431,3669.0,3914.0,3697.0,3941.0,28.0,27.0,27.5,1.5,1.447,1.474,638561.489508,3863502.404726,128.8,138.0,43.2,27.6,27.8,18.7,104.06,0.0413,103.3,4,1920,1920
2217,0.4302,2643.0,3460.0,2678.0,3496.0,35.0,36.0,35.5,1.876,1.929,1.902,638506.693362,3863526.491788,122.3,131.7,45.1,38.3,37.7,20.4,95.9,0.0447,99.7,4,1920,1920
2218,0.4301,1920.0,2406.0,1950.0,2419.0,30.0,13.0,21.5,1.608,0.697,1.152,638467.813553,3863583.58804,104.5,112.9,35.3,31.1,33.2,17.1,85.94,0.046,84.2,4,1920,1920
2219,0.43,3611.0,2501.0,3643.0,2532.0,32.0,31.0,31.5,1.715,1.661,1.688,638558.488448,3863578.01506,102.9,114.9,42.5,24.8,24.9,16.3,84.42,0.0684,86.8,4,1920,1920
2220,0.4299,3507.0,2442.0,3540.0,2473.0,33.0,31.0,32.0,1.768,1.661,1.715,638552.941846,3863581.176654,120.3,127.8,53.8,27.8,27.8,24.5,81.37,0.0384,100.6,4,1920,1920
2221,0.4299,3659.0,2627.0,3685.0,2655.0,26.0,28.0,27.0,1.393,1.5,1.447,638560.900014,3863571.34356,109.4,122.0,48.2,30.8,29.6,23.1,86.48,0.069,93.2,4,1920,1920
2222,0.4298,3180.0,2356.0,3204.0,2379.0,24.0,23.0,23.5,1.286,1.233,1.259,638535.17664,3863585.999426,157.7,163.2,72.2,27.8,23.4,26.6,96.46,0.0222,131.0,4,1920,1920
2223,0.4297,2703.0,2525.0,2744.0,2560.0,41.0,35.0,38.0,2.197,1.876,2.036,638510.069555,3863576.621815,122.2,123.5,46.8,31.9,34.0,18.7,78.0,0.0064,97.5,4,1920,1920
2224,0.4295,1940.0,3199.0,1966.0,3224.0,26.0,25.0,25.5,1.393,1.34,1.367,638468.77818,3863540.77255,132.2,136.0,58.2,28.6,26.3,25.1,81.51,0.0178,108.8,4,1920,1920
2225,0.4293,3488.0,2258.0,3515.0,2282.0,27.0,24.0,25.5,1.447,1.286,1.367,638551.762858,3863591.224094,124.9,132.3,57.3,25.5,27.1,16.7,82.43,0.0371,104.8,4,1920,1920
2226,0.4293,2000.0,3534.0,2046.0,3570.0,46.0,36.0,41.0,2.465,1.929,2.197,638472.529505,3863522.526399,136.2,142.0,55.5,27.4,29.0,18.7,92.31,0.0261,111.2,4,1920,1920
2227,0.4288,2320.0,2745.0,2342.0,2767.0,22.0,22.0,22.0,1.179,1.179,1.179,638489.035337,3863565.18113,107.5,115.8,48.2,35.4,34.5,23.4,75.98,0.0477,90.5,4,1920,1920
2228,0.4284,3333.0,2601.0,3353.0,2621.0,20.0,20.0,20.0,1.072,1.072,1.072,638543.268785,3863572.95115,147.6,148.1,65.9,20.9,22.5,14.5,82.78,0.0022,120.5,4,1920,1920
2229,0.4283,3204.0,3317.0,3241.0,3354.0,37.0,37.0,37.0,1.983,1.983,1.983,638536.811146,3863534.127843,125.2,124.3,52.0,26.8,26.6,17.9,71.43,-0.0045,100.5,4,1920,1920
2230,0.4281,2329.0,3514.0,2351.0,3534.0,22.0,20.0,21.0,1.179,1.072,1.125,638489.51765,3863524.026816,97.4,109.3,32.1,29.7,28.0,16.6,89.09,0.0682,79.6,4,1920,1920
2231,0.4274,3901.0,2053.0,3930.0,2082.0,29.0,29.0,29.0,1.554,1.554,1.554,638573.949268,3863602.075329,116.6,122.3,56.3,28.3,28.4,19.6,71.76,0.0313,98.4,4,1920,1920
2232,0.4274,3882.0,3671.0,3904.0,3691.0,22.0,20.0,21.0,1.179,1.072,1.125,638572.743485,3863515.61376,145.2,157.5,59.9,23.9,22.1,18.5,109.9,0.0507,120.8,4,1920,1920
2233,0.427,2142.0,2188.0,2174.0,2219.0,32.0,31.0,31.5,1.715,1.661,1.688,638479.764204,3863594.787586,125.6,121.5,52.2,32.7,36.3,20.9,65.22,-0.021,99.8,4,1920,1920
2234,0.4268,2030.0,1993.0,2066.0,2028.0,36.0,35.0,35.5,1.929,1.876,1.902,638473.869264,3863605.129751,113.7,122.2,53.9,40.1,44.9,23.8,76.85,0.0469,96.6,4,1920,1920
2235,0.4267,3527.0,3440.0,3546.0,3459.0,19.0,19.0,19.0,1.018,1.018,1.018,638553.63852,3863528.018999,149.6,145.7,72.0,23.2,25.4,17.5,69.81,-0.0174,122.4,4,1920,1920
2236,0.4267,2423.0,2513.0,2448.0,2539.0,25.0,26.0,25.5,1.34,1.393,1.367,638494.63553,3863577.50599,114.4,119.1,56.4,27.6,27.8,18.7,67.44,0.0267,96.6,4,1920,1920
2237,0.4258,1961.0,2608.0,1990.0,2635.0,29.0,27.0,28.0,1.554,1.447,1.5,638469.983963,3863572.388494,126.5,132.0,47.7,27.4,25.5,21.7,89.88,0.0264,102.1,4,1920,1920
2238,0.4255,3568.0,2936.0,3590.0,2956.0,22.0,20.0,21.0,1.179,1.072,1.125,638555.916111,3863554.999724,109.4,126.3,47.1,29.6,31.1,19.5,96.03,0.0893,94.3,4,1920,1920
2239,0.4254,3097.0,3433.0,3131.0,3461.0,34.0,28.0,31.0,1.822,1.5,1.661,638530.996592,3863528.152965,121.9,130.2,40.1,26.1,25.6,15.0,98.38,0.0391,97.4,4,1920,1920
2240,0.4253,2254.0,3650.0,2274.0,3670.0,20.0,20.0,20.0,1.072,1.072,1.072,638485.444783,3863516.739073,139.5,133.8,73.1,26.3,24.7,34.0,54.96,-0.0286,115.5,4,1920,1920
2241,0.4252,2493.0,3401.0,2518.0,3426.0,25.0,25.0,25.0,1.34,1.34,1.34,638498.386856,3863529.948108,108.2,120.4,42.6,28.8,29.3,19.1,89.93,0.0653,90.4,4,1920,1920
2242,0.4248,3746.0,2743.0,3769.0,2768.0,23.0,25.0,24.0,1.233,1.34,1.286,638565.481991,3863565.207923,173.2,168.0,160.4,34.9,36.7,36.0,2.52,-0.0283,167.2,4,1920,1920
2243,0.4246,3169.0,3670.0,3205.0,3705.0,36.0,35.0,35.5,1.929,1.876,1.902,638534.908688,3863515.265449,129.5,134.8,51.0,28.5,25.2,30.1,88.96,0.0245,105.1,4,1920,1920
2244,0.4245,2298.0,3305.0,2323.0,3326.0,25.0,21.0,23.0,1.34,1.125,1.233,638487.936735,3863535.19957,138.3,146.5,65.2,31.9,28.1,21.6,89.38,0.0369,116.7,4,1920,1920
2245,0.4244,3886.0,2877.0,3914.0,2904.0,28.0,27.0,27.5,1.5,1.447,1.474,638573.118617,3863557.973767,118.5,121.9,51.5,19.8,23.5,14.4,73.84,0.0181,97.3,4,1920,1920
2246,0.4242,2151.0,3724.0,2178.0,3750.0,27.0,26.0,26.5,1.447,1.393,1.42,638480.112542,3863512.612925,153.1,155.5,58.0,28.3,27.0,28.8,99.93,0.0096,122.2,4,1920,1920
2247,0.424,3790.0,2786.0,3814.0,2810.0,24.0,24.0,24.0,1.286,1.286,1.286,638567.866762,3863562.930504,114.4,117.8,52.1,29.2,27.8,22.5,69.22,0.0193,94.8,4,1920,1920
2248,0.4239,3912.0,3542.0,3946.0,3571.0,34.0,29.0,31.5,1.822,1.554,1.688,638574.672738,3863522.28526,112.0,124.2,43.8,27.6,27.8,15.6,92.63,0.0635,93.3,4,1920,1920
2249,0.4236,3635.0,2212.0,3661.0,2238.0,26.0,26.0,26.0,1.393,1.393,1.393,638559.613846,3863593.63548,130.4,132.9,60.3,21.2,20.7,17.1,75.13,0.0124,107.9,4,1920,1920
2250,0.4226,3125.0,2532.0,3154.0,2558.0,29.0,26.0,27.5,1.554,1.393,1.474,638532.363146,3863576.487849,107.2,118.2,44.8,31.8,32.3,20.2,84.27,0.0608,90.1,4,1920,1920
2251,0.4219,2517.0,2604.0,2556.0,2639.0,39.0,35.0,37.0,2.09,1.876,1.983,638500.048157,3863572.388494,115.0,122.8,46.6,28.1,28.3,17.0,84.1,0.041,94.8,4,1920,1920
2252,0.4218,3312.0,2473.0,3343.0,2501.0,31.0,28.0,29.5,1.661,1.5,1.581,638542.438134,3863579.595857,126.2,136.2,52.9,24.9,24.9,19.0,93.45,0.0481,105.1,4,1920,1920
2253,0.4213,2675.0,2164.0,2710.0,2199.0,35.0,35.0,35.0,1.876,1.876,1.876,638508.408254,3863595.966486,128.7,134.0,53.9,24.0,24.8,16.4,85.28,0.025,105.5,4,1920,1920
2254,0.4212,3228.0,3662.0,3264.0,3694.0,36.0,32.0,34.0,1.929,1.715,1.822,638538.07052,3863515.774519,123.3,132.5,47.9,33.0,36.4,19.9,93.76,0.0441,101.2,4,1920,1920
2255,0.4207,2830.0,3422.0,2870.0,3455.0,40.0,33.0,36.5,2.144,1.768,1.956,638516.848736,3863528.608449,103.4,104.7,47.9,19.3,23.7,14.6,58.17,0.0085,85.4,4,1920,1920
2256,0.4207,3456.0,3246.0,3483.0,3270.0,27.0,24.0,25.5,1.447,1.286,1.367,638550.047966,3863538.280784,141.0,139.3,58.6,26.9,25.7,21.6,78.96,-0.0076,113.0,4,1920,1920
2257,0.4204,2754.0,2640.0,2782.0,2666.0,28.0,26.0,27.0,1.5,1.393,1.447,638512.454326,3863570.700524,126.0,131.9,57.8,32.6,32.8,19.8,79.98,0.0296,105.2,4,1920,1920
2258,0.4196,2436.0,1923.0,2473.0,1958.0,37.0,35.0,36.0,1.983,1.876,1.929,638495.653747,3863608.880795,125.3,130.9,61.1,31.6,34.1,20.8,75.38,0.0286,105.7,4,1920,1920
2259,0.4195,2622.0,2472.0,2655.0,2503.0,33.0,31.0,32.0,1.768,1.661,1.715,638505.514374,3863579.569064,129.1,139.1,61.2,28.7,28.7,22.2,87.94,0.0485,109.8,4,1920,1920
2260,0.4194,1977.0,2404.0,2001.0,2424.0,24.0,20.0,22.0,1.286,1.072,1.179,638470.707433,3863583.507661,127.6,136.0,45.5,31.4,30.0,18.9,98.89,0.0383,103.0,4,1920,1920
2261,0.4192,2658.0,2120.0,2693.0,2155.0,35.0,35.0,35.0,1.876,1.876,1.876,638507.497217,3863598.324285,122.3,129.2,56.4,24.5,26.0,19.4,79.8,0.0354,102.6,4,1920,1920
2262,0.4183,3594.0,3913.0,3623.0,3940.0,29.0,27.0,28.0,1.554,1.447,1.5,638557.497026,3863502.458312,115.3,124.9,41.5,28.6,27.4,19.5,92.99,0.0481,93.9,4,1920,1920
2263,0.4183,2109.0,1988.0,2154.0,2031.0,45.0,43.0,44.0,2.411,2.304,2.358,638478.34406,3863605.183338,131.7,136.9,57.5,29.7,28.8,20.0,84.57,0.0245,108.7,4,1920,1920
2264,0.4181,3399.0,2358.0,3433.0,2390.0,34.0,32.0,33.0,1.822,1.715,1.768,638547.180881,3863585.651114,123.1,130.4,61.9,25.7,26.5,28.1,75.68,0.0379,105.1,4,1920,1920
2265,0.4178,2657.0,3588.0,2697.0,3624.0,40.0,36.0,38.0,2.144,1.929,2.036,638507.577603,3863519.632736,110.7,114.1,42.5,23.3,25.9,17.9,74.87,0.0183,89.1,4,1920,1920
2266,0.4174,3065.0,2584.0,3106.0,2620.0,41.0,36.0,38.5,2.197,1.929,2.063,638529.469266,3863573.433427,121.4,127.2,47.9,33.4,34.1,20.9,85.0,0.0288,98.8,4,1920,1920
2267,0.4172,3306.0,3203.0,3349.0,3238.0,43.0,35.0,39.0,2.304,1.876,2.09,638542.438134,3863540.290272,91.4,102.8,35.1,24.7,26.3,15.4,79.19,0.0719,76.5,4,1920,1920
2268,0.4166,3869.0,3873.0,3889.0,3893.0,20.0,20.0,20.0,1.072,1.072,1.072,638571.99322,3863504.789318,146.3,147.4,64.2,28.4,25.1,31.1,84.32,0.0048,119.3,4,1920,1920
2269,0.4164,3717.0,3712.0,3747.0,3736.0,30.0,24.0,27.0,1.608,1.286,1.447,638564.115436,3863513.309547,102.5,109.3,47.5,27.0,26.3,26.6,68.55,0.0412,86.4,4,1920,1920
2270,0.4164,1927.0,2857.0,1952.0,2881.0,25.0,24.0,24.5,1.34,1.286,1.313,638468.05471,3863559.125873,113.3,115.1,51.2,21.2,21.8,18.4,65.6,0.0101,93.2,4,1920,1920
2271,0.4161,3763.0,2051.0,3799.0,2087.0,36.0,36.0,36.0,1.929,1.929,1.929,638566.741364,3863601.99495,147.3,146.6,83.2,21.6,24.6,20.0,62.76,-0.0031,125.7,4,1920,1920
2272,0.4158,2803.0,3280.0,2825.0,3300.0,22.0,20.0,21.0,1.179,1.072,1.125,638514.919483,3863536.566021,125.1,129.5,51.8,27.8,31.2,18.1,82.02,0.0216,102.2,4,1920,1920
2273,0.4158,3114.0,3712.0,3146.0,3741.0,32.0,29.0,30.5,1.715,1.554,1.634,638531.854038,3863513.175581,109.8,117.2,42.3,28.1,26.3,18.8,82.23,0.04,89.8,4,1920,1920
2274,0.4144,3034.0,3495.0,3070.0,3527.0,36.0,32.0,34.0,1.929,1.715,1.822,638527.673989,3863524.723439,127.5,138.0,55.4,31.6,26.8,27.8,93.19,0.0501,106.9,4,1920,1920
2275,0.4143,2302.0,2555.0,2338.0,2589.0,36.0,34.0,35.0,1.929,1.822,1.876,638488.445843,3863575.041018,121.6,126.2,54.1,30.8,34.1,18.8,76.58,0.0234,100.6,4,1920,1920
2276,0.4141,2801.0,3532.0,2828.0,3545.0,27.0,13.0,20.0,1.447,0.697,1.072,638514.946278,3863523.249814,127.8,119.8,52.0,20.0,25.1,16.8,59.7,-0.0411,99.9,4,1920,1920
2277,0.4135,2915.0,2229.0,2948.0,2262.0,33.0,33.0,33.0,1.768,1.768,1.768,638521.21635,3863592.53696,97.1,108.2,44.9,30.5,34.5,18.5,74.37,0.0692,83.4,4,1920,1920
2278,0.4133,2963.0,2890.0,2985.0,2912.0,22.0,22.0,22.0,1.179,1.179,1.179,638523.493941,3863557.41111,116.3,125.5,51.9,30.7,31.9,18.0,82.76,0.0481,97.9,4,1920,1920
2279,0.4133,2083.0,3068.0,2108.0,3093.0,25.0,25.0,25.0,1.34,1.34,1.34,638476.414807,3863547.792361,118.1,125.5,55.0,30.5,27.9,24.4,77.86,0.0389,99.5,4,1920,1920
2280,0.4132,2457.0,2295.0,2496.0,2325.0,39.0,30.0,34.5,2.09,1.608,1.849,638496.832735,3863589.080641,116.1,120.6,56.8,20.0,25.2,17.6,68.34,0.0252,97.9,4,1920,1920
2281,0.4132,2366.0,2890.0,2391.0,2915.0,25.0,25.0,25.0,1.34,1.34,1.34,638491.580879,3863557.33073,113.5,127.4,49.5,26.2,27.9,18.0,91.78,0.0725,96.8,4,1920,1920
2282,0.4131,3161.0,3412.0,3197.0,3445.0,36.0,33.0,34.5,1.929,1.768,1.849,638534.479965,3863529.144312,121.7,128.6,43.5,24.1,22.6,19.1,92.1,0.0334,97.9,4,1920,1920
2283,0.4128,2521.0,2107.0,2550.0,2133.0,29.0,26.0,27.5,1.554,1.393,1.474,638499.994566,3863599.262046,130.9,140.1,55.6,28.9,28.3,20.8,93.69,0.0427,108.8,4,1920,1920
2284,0.4125,3957.0,2219.0,3967.0,2247.0,10.0,28.0,19.0,0.536,1.5,1.018,638576.44122,3863593.206789,112.9,125.2,52.1,20.9,21.7,17.4,85.46,0.0661,96.7,4,1920,1920
2285,0.4124,3585.0,2082.0,3607.0,2102.0,22.0,20.0,21.0,1.179,1.072,1.125,638556.827147,3863600.762464,138.1,137.8,67.9,26.1,30.2,21.2,69.65,-0.0012,114.6,4,1920,1920
2286,0.4123,3046.0,2740.0,3066.0,2761.0,20.0,21.0,20.5,1.072,1.125,1.099,638527.888351,3863565.475855,111.3,124.2,55.8,27.1,30.6,15.3,81.32,0.0718,97.1,4,1920,1920
2287,0.4122,2286.0,3095.0,2306.0,3114.0,20.0,19.0,19.5,1.072,1.018,1.045,638487.159674,3863546.506289,133.7,145.3,56.3,32.7,32.0,18.4,100.67,0.0522,111.8,4,1920,1920
2288,0.4116,3258.0,3574.0,3282.0,3596.0,24.0,22.0,23.0,1.286,1.179,1.233,638539.356688,3863520.758049,121.1,122.2,49.3,23.2,26.6,20.7,74.12,0.006,97.5,4,1920,1920
2289,0.4116,1921.0,3323.0,1942.0,3344.0,21.0,21.0,21.0,1.125,1.125,1.125,638467.625987,3863534.235015,120.6,125.1,50.7,34.2,34.6,23.3,78.76,0.0227,98.8,4,1920,1920
2290,0.4116,3074.0,3079.0,3094.0,3099.0,20.0,20.0,20.0,1.072,1.072,1.072,638529.388881,3863547.336877,113.0,124.5,57.2,28.9,27.3,20.0,78.8,0.0638,98.2,4,1920,1920
2291,0.4112,2446.0,3246.0,2472.0,3271.0,26.0,25.0,25.5,1.393,1.34,1.367,638495.894904,3863538.253991,108.5,123.2,38.1,29.4,29.2,18.0,99.81,0.0761,89.9,4,1920,1920
2292,0.4112,3330.0,3052.0,3350.0,3074.0,20.0,22.0,21.0,1.072,1.179,1.125,638543.108014,3863548.730122,122.2,133.9,49.1,31.2,28.7,22.2,96.46,0.0563,101.7,4,1920,1920
2293,0.411,3730.0,3045.0,3766.0,3078.0,36.0,33.0,34.5,1.929,1.768,1.849,638564.972882,3863548.810501,94.7,104.2,37.6,26.2,28.2,14.5,76.13,0.0591,78.8,4,1920,1920
2294,0.4109,3519.0,1943.0,3550.0,1973.0,31.0,30.0,30.5,1.661,1.608,1.634,638553.53134,3863607.943034,128.2,132.1,53.7,30.0,28.6,26.8,82.33,0.0191,104.7,4,1920,1920
2295,0.4107,3217.0,2910.0,3261.0,2952.0,44.0,42.0,43.0,2.358,2.251,2.304,638537.695387,3863555.80352,124.8,131.7,49.2,27.8,30.4,18.9,89.4,0.0333,101.9,4,1920,1920
2296,0.4102,3896.0,3819.0,3929.0,3850.0,33.0,31.0,32.0,1.768,1.661,1.715,638573.788497,3863507.388256,118.3,120.2,49.5,28.7,27.7,20.7,72.74,0.0105,96.0,4,1920,1920
2297,0.4101,2013.0,3058.0,2045.0,3090.0,32.0,32.0,32.0,1.715,1.715,1.715,638472.851047,3863548.140672,130.3,128.1,61.8,25.7,23.7,23.7,64.04,-0.0112,106.7,4,1920,1920
2298,0.41,3155.0,2908.0,3196.0,2946.0,41.0,38.0,39.5,2.197,2.036,2.117,638534.292399,3863556.017865,139.8,145.9,56.7,29.4,30.4,20.0,95.18,0.0264,114.1,4,1920,1920
2299,0.4098,2397.0,2011.0,2427.0,2040.0,30.0,29.0,29.5,1.608,1.554,1.581,638493.376157,3863604.325956,111.4,123.3,52.3,26.4,29.1,18.6,82.93,0.0655,95.7,4,1920,1920
2300,0.4098,3588.0,2412.0,3618.0,2445.0,30.0,33.0,31.5,1.608,1.768,1.688,638557.202279,3863582.730659,182.0,176.0,169.4,30.0,30.3,30.7,0.68,-0.0318,175.8,4,1920,1920
2301,0.4096,1998.0,2302.0,2025.0,2327.0,27.0,25.0,26.0,1.447,1.34,1.393,638471.913216,3863588.839502,145.1,147.4,60.7,26.4,26.9,18.6,88.96,0.0098,117.7,4,1920,1920
2302,0.4091,2756.0,2841.0,2780.0,2868.0,24.0,27.0,25.5,1.286,1.447,1.367,638512.454326,3863559.902875,172.3,168.3,166.8,35.8,37.8,38.4,-2.5,-0.0228,169.1,4,1920,1920
2303,0.4086,2409.0,3573.0,2420.0,3595.0,11.0,22.0,16.5,0.589,1.179,0.884,638493.510132,3863520.811636,181.5,178.7,166.1,26.1,30.1,33.0,9.75,-0.0145,175.4,4,1920,1920
2304,0.4084,2759.0,3374.0,2797.0,3409.0,38.0,35.0,36.5,2.036,1.876,1.956,638512.99023,3863531.127007,110.7,122.6,48.7,20.9,21.6,15.7,85.78,0.0643,94.0,4,1920,1920
2305,0.4078,2991.0,2240.0,3024.0,2274.0,33.0,34.0,33.5,1.768,1.822,1.795,638525.289218,3863591.920717,114.3,119.3,63.0,30.0,28.3,29.5,61.32,0.0293,98.9,4,1920,1920
2306,0.4073,2735.0,3080.0,2780.0,3114.0,45.0,34.0,39.5,2.411,1.822,2.117,638511.891627,3863546.908186,133.3,143.2,54.6,29.3,30.2,18.7,98.44,0.0444,110.4,4,1920,1920
2307,0.4071,3866.0,2468.0,3890.0,2491.0,24.0,23.0,23.5,1.286,1.233,1.259,638571.939629,3863579.997755,106.7,119.5,44.8,22.1,21.7,13.6,87.52,0.0706,90.3,4,1920,1920
2308,0.4071,2697.0,3137.0,2738.0,3169.0,41.0,32.0,36.5,2.197,1.715,1.956,638509.748013,3863543.907351,120.8,133.3,57.0,28.1,29.7,24.2,88.9,0.0636,103.7,4,1920,1920
2309,0.407,3670.0,3504.0,3703.0,3534.0,33.0,30.0,31.5,1.768,1.608,1.688,638561.677075,3863524.294748,103.2,113.4,39.5,20.7,22.0,14.5,84.09,0.0578,85.4,4,1920,1920
2310,0.4069,3786.0,3468.0,3841.0,3493.0,55.0,25.0,40.0,2.947,1.34,2.144,638568.483051,3863526.357822,115.7,123.0,43.5,24.5,24.7,17.9,86.81,0.0376,94.1,4,1920,1920
2311,0.406,2504.0,3668.0,2525.0,3687.0,21.0,19.0,20.0,1.125,1.018,1.072,638498.869169,3863515.801312,137.4,141.6,53.6,27.3,23.0,18.6,92.17,0.0186,110.9,4,1920,1920
2312,0.406,3775.0,2400.0,3803.0,2419.0,28.0,19.0,23.5,1.5,1.018,1.259,638567.170087,3863583.748799,128.9,139.7,57.3,26.4,27.5,17.6,93.28,0.0513,108.6,4,1920,1920
2313,0.4058,3532.0,3946.0,3556.0,3966.0,24.0,20.0,22.0,1.286,1.072,1.179,638554.040448,3863500.877515,117.1,120.9,48.2,20.5,21.0,19.5,76.52,0.0199,95.4,4,1920,1920
2314,0.4054,3832.0,3959.0,3859.0,3967.0,27.0,8.0,17.5,1.447,0.429,0.938,638570.197943,3863500.50241,129.5,124.9,63.8,29.3,31.2,19.4,56.51,-0.024,106.1,4,1920,1920
2315,0.4049,3373.0,3711.0,3406.0,3744.0,33.0,33.0,33.0,1.768,1.768,1.768,638545.760737,3863513.121995,198.1,196.9,176.1,32.7,34.7,37.9,19.53,-0.0056,190.4,4,1920,1920
2316,0.4045,2486.0,3137.0,2522.0,3168.0,36.0,31.0,33.5,1.929,1.661,1.795,638498.30647,3863543.934144,101.4,112.0,49.8,29.6,29.2,25.8,72.83,0.0647,87.7,4,1920,1920
2317,0.4044,3383.0,3227.0,3409.0,3252.0,26.0,25.0,25.5,1.393,1.34,1.367,638546.109074,3863539.272132,136.8,142.3,47.8,28.5,25.3,20.5,100.18,0.0242,109.0,4,1920,1920
2318,0.4043,3644.0,3428.0,3672.0,3453.0,28.0,25.0,26.5,1.5,1.34,1.42,638560.149749,3863528.501276,101.8,115.2,37.1,25.4,25.2,17.1,91.55,0.0746,84.7,4,1920,1920
2319,0.404,3258.0,1920.0,3302.0,1946.0,44.0,26.0,35.0,2.358,1.393,1.876,638539.892592,3863609.282693,188.6,183.4,176.1,36.6,36.3,41.9,2.05,-0.0265,182.7,4,1920,1920
2320,0.4038,3299.0,2647.0,3321.0,2668.0,22.0,21.0,21.5,1.179,1.125,1.152,638541.500303,3863570.459385,126.1,136.0,63.1,30.9,27.5,23.2,82.86,0.0499,108.4,4,1920,1920
2321,0.4036,2299.0,3464.0,2335.0,3495.0,36.0,31.0,33.5,1.929,1.661,1.795,638488.285072,3863526.411409,131.9,140.0,56.9,34.8,34.0,21.9,91.23,0.0376,109.6,4,1920,1920
2322,0.4032,2944.0,2652.0,2971.0,2677.0,27.0,25.0,26.0,1.447,1.34,1.393,638522.6097,3863570.084281,114.9,120.3,51.3,26.5,26.3,17.1,74.48,0.0294,95.5,4,1920,1920
2323,0.403,2081.0,2077.0,2109.0,2101.0,28.0,24.0,26.0,1.5,1.286,1.393,638476.388011,3863600.923223,100.1,109.6,46.9,26.6,30.1,16.2,72.28,0.0588,85.5,4,1920,1920
2324,0.4027,3619.0,2323.0,3644.0,2348.0,25.0,25.0,25.0,1.34,1.34,1.34,638558.729605,3863587.714189,115.3,125.9,46.7,28.8,28.3,19.7,89.77,0.0544,96.0,4,1920,1920
2325,0.4026,3773.0,3383.0,3799.0,3408.0,26.0,25.0,25.5,1.393,1.34,1.367,638567.009316,3863530.912662,101.1,109.3,43.8,21.5,23.6,15.0,73.75,0.0491,84.7,4,1920,1920
2326,0.4025,2333.0,2009.0,2358.0,2035.0,25.0,26.0,25.5,1.34,1.393,1.367,638489.812397,3863604.513508,107.4,120.2,54.2,19.7,20.9,18.4,78.76,0.0738,93.9,4,1920,1920
2327,0.402,2392.0,3956.0,2418.0,3967.0,26.0,11.0,18.5,1.393,0.589,0.991,638493.001024,3863500.58279,79.6,89.0,33.4,17.8,20.5,15.9,65.03,0.0698,67.3,4,1920,1920
2328,0.4017,2585.0,2398.0,2617.0,2430.0,32.0,32.0,32.0,1.715,1.715,1.715,638503.504735,3863583.507661,113.6,113.0,57.9,29.6,29.1,23.0,54.58,-0.0036,94.9,4,1920,1920
2329,0.4015,3051.0,2223.0,3075.0,2246.0,24.0,23.0,23.5,1.286,1.233,1.259,638528.263483,3863593.12641,134.4,135.4,65.1,32.1,34.0,22.2,71.29,0.0048,111.7,4,1920,1920
2330,0.4012,3639.0,3872.0,3682.0,3911.0,43.0,39.0,41.0,2.304,2.09,2.197,638560.283725,3863504.333834,117.0,122.5,47.2,30.5,32.3,22.8,80.84,0.0286,95.6,4,1920,1920
2331,0.7656,5237.0,2385.0,5282.0,2424.0,45.0,39.0,42.0,2.411,2.09,2.251,638645.974716,3863584.016731,114.1,120.2,39.2,29.8,30.1,15.8,87.06,0.0312,91.2,5,3840,1920
2332,0.7207,4754.0,2416.0,4795.0,2454.0,41.0,38.0,39.5,2.197,2.036,2.117,638619.98339,3863582.382347,128.0,132.3,53.5,24.4,25.9,22.9,83.13,0.0207,104.6,5,3840,1920
2333,0.7186,5805.0,3384.0,5845.0,3419.0,40.0,35.0,37.5,2.144,1.876,2.01,638676.280067,3863530.591144,112.5,125.8,52.9,32.5,31.4,20.1,86.16,0.0719,97.1,5,3840,1920
2334,0.717,4811.0,3112.0,4840.0,3142.0,29.0,30.0,29.5,1.554,1.608,1.581,638622.716499,3863545.300596,117.4,136.2,44.6,29.8,29.3,16.0,110.4,0.0899,99.4,5,3840,1920
2335,0.7151,4064.0,2442.0,4095.0,2473.0,31.0,31.0,31.0,1.661,1.661,1.661,638582.738088,3863581.176654,129.5,133.0,63.0,26.0,31.3,18.9,73.45,0.0175,108.5,5,3840,1920
2336,0.7091,3989.0,2614.0,4033.0,2655.0,44.0,41.0,42.5,2.358,2.197,2.278,638579.067148,3863571.691871,117.8,127.3,45.0,31.5,32.4,16.8,91.84,0.0477,96.7,5,3840,1920
2337,0.6982,5228.0,3345.0,5272.0,3383.0,44.0,38.0,41.0,2.358,2.036,2.197,638645.465608,3863532.600632,136.3,152.0,59.5,36.3,34.7,21.4,108.19,0.0685,115.9,5,3840,1920
2338,0.6938,4287.0,2691.0,4328.0,2728.0,41.0,37.0,39.0,2.197,1.983,2.09,638594.95669,3863567.672895,126.3,137.6,50.3,29.0,27.7,18.2,98.68,0.0531,104.7,5,3840,1920
2339,0.6821,4165.0,2558.0,4212.0,2595.0,47.0,37.0,42.0,2.519,1.983,2.251,638588.579437,3863574.799879,120.2,130.0,43.3,27.5,28.3,18.0,96.4,0.0472,97.9,5,3840,1920
2340,0.682,4341.0,3821.0,4382.0,3855.0,41.0,34.0,37.5,2.197,1.822,2.01,638597.85057,3863507.200704,155.6,153.9,64.5,34.2,32.6,22.1,87.75,-0.0068,124.7,5,3840,1920
2341,0.6803,5435.0,3166.0,5478.0,3202.0,43.0,36.0,39.5,2.304,1.929,2.117,638656.532018,3863542.246174,125.0,142.1,61.0,29.8,30.6,19.1,98.09,0.0829,109.4,5,3840,1920
2342,0.6787,4402.0,3667.0,4441.0,3704.0,39.0,37.0,38.0,2.09,1.983,2.036,638601.065992,3863515.372621,128.9,137.3,45.4,30.3,28.6,21.9,100.36,0.0382,103.9,5,3840,1920
2343,0.6778,5214.0,2943.0,5247.0,2973.0,33.0,30.0,31.5,1.768,1.608,1.688,638644.420596,3863554.356688,126.4,136.0,47.4,24.8,25.2,17.1,98.33,0.0449,103.3,5,3840,1920
2344,0.6769,4122.0,2787.0,4165.0,2829.0,43.0,42.0,42.5,2.304,2.251,2.278,638586.167871,3863562.39464,123.1,129.3,46.1,28.0,32.3,15.2,89.51,0.0303,99.5,5,3840,1920
2345,0.6762,5282.0,2146.0,5326.0,2184.0,44.0,38.0,41.0,2.358,2.036,2.197,638648.359488,3863596.850661,115.7,124.2,37.6,23.8,24.1,15.3,95.03,0.042,92.5,5,3840,1920
2346,0.6753,4442.0,3753.0,4483.0,3791.0,41.0,38.0,39.5,2.197,2.036,2.117,638603.263197,3863510.737403,136.6,140.5,60.6,23.8,26.8,19.7,83.84,0.0183,112.6,5,3840,1920
2347,0.6742,4493.0,3850.0,4527.0,3878.0,34.0,28.0,31.0,1.822,1.5,1.661,638605.808739,3863505.807459,119.7,130.1,56.1,22.4,24.2,15.8,84.42,0.0538,102.0,5,3840,1920
2348,0.6724,5391.0,3558.0,5431.0,3594.0,40.0,36.0,38.0,2.144,1.929,2.036,638654.093656,3863521.240326,104.7,123.3,46.6,31.1,31.4,18.6,95.19,0.1021,91.5,5,3840,1920
2349,0.6704,5000.0,1992.0,5043.0,2034.0,43.0,42.0,42.5,2.304,2.251,2.278,638633.22021,3863604.995785,128.4,133.7,51.8,27.1,31.6,21.1,87.23,0.0251,104.6,5,3840,1920
2350,0.6693,5113.0,2844.0,5151.0,2880.0,38.0,36.0,37.0,2.036,1.929,1.983,638639.141945,3863559.500977,98.4,111.2,40.8,21.9,23.2,12.5,83.24,0.0761,83.5,5,3840,1920
2351,0.661,5034.0,3523.0,5081.0,3568.0,47.0,45.0,46.0,2.519,2.411,2.465,638635.149463,3863522.87471,121.3,136.6,54.1,30.7,30.5,19.7,97.69,0.0746,104.0,5,3840,1920
2352,0.6606,4510.0,3725.0,4556.0,3759.0,46.0,34.0,40.0,2.465,1.822,2.144,638607.041317,3863512.344993,122.7,130.1,55.3,28.6,30.3,18.9,82.3,0.0377,102.7,5,3840,1920
2353,0.6593,4964.0,2871.0,5002.0,2905.0,38.0,34.0,36.0,2.036,1.822,1.929,638631.156981,3863558.107732,115.2,127.2,46.1,26.2,26.1,20.9,93.04,0.0611,96.2,5,3840,1920
2354,0.6523,4309.0,3606.0,4347.0,3640.0,38.0,34.0,36.0,2.036,1.822,1.929,638596.055293,3863518.721768,149.6,152.1,67.3,35.6,35.4,24.4,87.38,0.0109,123.0,5,3840,1920
2355,0.6486,4208.0,3434.0,4243.0,3465.0,35.0,31.0,33.0,1.876,1.661,1.768,638590.562281,3863528.018999,111.1,116.8,47.8,21.7,23.9,17.0,74.64,0.0313,91.9,5,3840,1920
2356,0.648,4043.0,2743.0,4073.0,2771.0,30.0,28.0,29.0,1.608,1.5,1.554,638581.585895,3863565.127544,138.1,143.5,67.9,27.7,33.2,16.5,81.08,0.0255,116.5,5,3840,1920
2357,0.6455,4268.0,2636.0,4312.0,2675.0,44.0,39.0,41.5,2.358,2.09,2.224,638594.018859,3863570.566558,115.9,127.6,50.0,25.5,24.7,20.5,89.37,0.0606,97.8,5,3840,1920
2358,0.6447,5179.0,2074.0,5209.0,2103.0,30.0,29.0,29.5,1.608,1.554,1.581,638642.464548,3863600.950016,137.2,142.9,57.5,28.4,30.7,16.8,91.05,0.0256,112.5,5,3840,1920
2359,0.6438,4014.0,3917.0,4055.0,3954.0,41.0,37.0,39.0,2.197,1.983,2.09,638580.326521,3863501.976035,122.2,129.9,49.5,25.2,27.4,18.0,88.14,0.0382,100.5,5,3840,1920
2360,0.642,4213.0,3573.0,4251.0,3608.0,38.0,35.0,36.5,2.036,1.876,1.956,638590.910618,3863520.463324,123.9,128.2,51.7,32.7,34.8,19.0,80.81,0.0214,101.3,5,3840,1920
2361,0.6397,5142.0,3283.0,5182.0,3325.0,40.0,42.0,41.0,2.144,2.251,2.197,638640.749656,3863535.815812,118.5,129.8,57.9,30.7,32.4,19.1,83.19,0.0595,102.1,5,3840,1920
2362,0.6375,5214.0,3115.0,5257.0,3156.0,43.0,41.0,42.0,2.304,2.197,2.251,638644.688548,3863544.845112,134.2,147.4,54.4,38.5,36.8,22.6,106.2,0.0581,112.0,5,3840,1920
2363,0.6366,5155.0,2022.0,5189.0,2056.0,34.0,34.0,34.0,1.822,1.822,1.822,638641.28556,3863603.60254,125.0,131.1,53.0,28.4,32.1,19.7,84.2,0.0301,103.0,5,3840,1920
2364,0.6357,4111.0,3635.0,4148.0,3668.0,37.0,33.0,35.0,1.983,1.768,1.876,638585.417606,3863517.194557,131.0,138.6,59.8,31.6,30.3,21.5,86.36,0.0362,109.8,5,3840,1920
2365,0.635,5133.0,2952.0,5158.0,2977.0,25.0,25.0,25.0,1.34,1.34,1.34,638639.865415,3863554.008377,131.6,141.2,44.1,25.3,26.5,12.5,106.73,0.0421,105.7,5,3840,1920
2366,0.6343,4545.0,3771.0,4582.0,3803.0,37.0,32.0,34.5,1.983,1.715,1.849,638608.675823,3863509.933607,133.1,143.3,55.9,27.9,28.6,19.8,97.55,0.046,110.8,5,3840,1920
2367,0.6335,5109.0,3524.0,5156.0,3569.0,47.0,45.0,46.0,2.519,2.411,2.465,638639.16874,3863522.821124,128.6,138.3,64.3,32.2,32.3,24.4,83.67,0.0479,110.4,5,3840,1920
2368,0.6332,4369.0,3590.0,4403.0,3624.0,34.0,34.0,34.0,1.822,1.822,1.822,638599.163534,3863519.57915,140.0,143.0,53.0,25.7,29.3,15.3,93.09,0.0132,112.0,5,3840,1920
2369,0.6325,5095.0,3134.0,5138.0,3173.0,43.0,39.0,41.0,2.304,2.09,2.197,638638.311294,3863543.880558,132.5,137.9,66.4,29.3,34.8,19.7,76.96,0.0266,112.2,5,3840,1920
2370,0.6317,5366.0,2171.0,5405.0,2207.0,39.0,36.0,37.5,2.09,1.929,2.01,638652.727102,3863595.564588,103.5,111.8,38.6,23.4,25.1,13.3,81.49,0.0467,84.6,5,3840,1920
2371,0.6314,4908.0,2090.0,4940.0,2120.0,32.0,30.0,31.0,1.715,1.608,1.661,638627.995149,3863600.065841,142.1,143.2,63.3,28.5,35.7,17.1,81.09,0.0053,116.2,5,3840,1920
2372,0.6313,5006.0,3096.0,5049.0,3133.0,43.0,37.0,40.0,2.304,1.983,2.144,638633.541752,3863545.970425,119.5,130.8,57.3,28.9,28.6,22.8,84.84,0.0587,102.6,5,3840,1920
2373,0.6308,5409.0,3432.0,5455.0,3473.0,46.0,41.0,43.5,2.465,2.197,2.331,638655.219054,3863527.85824,100.1,116.4,50.1,39.0,38.7,23.0,82.66,0.0981,88.9,5,3840,1920
2374,0.629,5206.0,3406.0,5230.0,3429.0,24.0,23.0,23.5,1.286,1.233,1.259,638643.750716,3863529.733762,155.5,161.8,78.5,40.6,39.7,24.9,89.76,0.0267,131.9,5,3840,1920
2375,0.6289,3966.0,2570.0,4003.0,2601.0,37.0,31.0,34.0,1.983,1.661,1.822,638577.647003,3863574.317602,113.3,111.9,48.8,26.4,30.3,16.3,61.73,-0.0079,91.4,5,3840,1920
2376,0.6289,4030.0,2344.0,4072.0,2383.0,42.0,39.0,40.5,2.251,2.09,2.17,638581.210762,3863586.213771,140.0,142.2,61.7,28.4,31.0,17.2,82.76,0.0103,114.6,5,3840,1920
2377,0.6269,5724.0,3524.0,5758.0,3561.0,34.0,37.0,35.5,1.822,1.983,1.902,638671.778476,3863523.035469,130.7,141.6,53.9,28.0,30.9,18.6,98.56,0.0498,108.7,5,3840,1920
2378,0.6268,4599.0,2559.0,4629.0,2588.0,30.0,29.0,29.5,1.608,1.554,1.581,638611.382137,3863574.960638,132.7,138.8,45.6,29.1,28.9,16.6,99.29,0.027,105.7,5,3840,1920
2379,0.6251,5699.0,3886.0,5737.0,3921.0,38.0,35.0,36.5,2.036,1.876,1.956,638670.545898,3863503.690798,149.6,150.7,65.1,27.4,29.8,18.1,86.71,0.0047,121.8,5,3840,1920
2380,0.6244,4712.0,3816.0,4747.0,3853.0,35.0,37.0,36.0,1.876,1.983,1.929,638617.571824,3863507.388256,123.3,137.9,58.0,32.2,31.2,20.6,94.57,0.0718,106.4,5,3840,1920
2381,0.6226,4460.0,3641.0,4506.0,3679.0,46.0,38.0,42.0,2.465,2.036,2.251,638604.361799,3863516.739073,106.5,118.7,40.8,25.3,25.9,14.9,90.15,0.0664,88.7,5,3840,1920
2382,0.6214,4137.0,3683.0,4168.0,3713.0,31.0,30.0,30.5,1.661,1.608,1.634,638586.650184,3863514.702792,147.8,153.5,64.3,35.1,34.0,22.1,94.96,0.0243,121.9,5,3840,1920
2383,0.6205,4334.0,3650.0,4361.0,3678.0,27.0,28.0,27.5,1.447,1.5,1.474,638597.100305,3863516.524728,130.3,132.6,63.4,25.9,24.4,22.7,71.39,0.0114,108.8,5,3840,1920
2384,0.6188,4430.0,3872.0,4467.0,3904.0,37.0,32.0,34.5,1.983,1.715,1.849,638602.512932,3863504.521386,130.4,141.4,58.4,31.3,31.0,19.2,94.01,0.0513,110.1,5,3840,1920
2385,0.6185,3845.0,2743.0,3882.0,2776.0,37.0,33.0,35.0,1.983,1.768,1.876,638571.162569,3863564.993578,118.0,127.5,49.7,28.6,30.0,18.3,87.31,0.0486,98.4,5,3840,1920
2386,0.6168,5386.0,3196.0,5424.0,3232.0,38.0,36.0,37.0,2.036,1.929,1.983,638653.772114,3863540.638584,112.3,125.4,50.2,26.8,27.1,17.1,88.38,0.0702,96.0,5,3840,1920
2387,0.6168,4801.0,3165.0,4840.0,3201.0,39.0,36.0,37.5,2.09,1.929,2.01,638622.448547,3863542.29976,103.8,116.6,45.9,24.3,24.2,16.3,83.53,0.0734,88.7,5,3840,1920
2388,0.6163,4201.0,3811.0,4235.0,3844.0,34.0,33.0,33.5,1.822,1.768,1.795,638590.160353,3863507.76336,116.7,124.0,56.8,29.4,29.3,23.4,74.42,0.0397,99.2,5,3840,1920
2389,0.616,5589.0,3364.0,5615.0,3390.0,26.0,26.0,26.0,1.393,1.393,1.393,638664.329416,3863531.904009,108.7,124.4,50.4,31.3,31.0,19.6,89.76,0.0862,94.5,5,3840,1920
2390,0.6109,5042.0,2083.0,5084.0,2122.0,42.0,39.0,40.5,2.251,2.09,2.17,638635.44421,3863600.199807,125.7,133.8,54.3,26.4,29.2,19.6,87.62,0.0396,104.6,5,3840,1920
2391,0.6085,4853.0,3756.0,4894.0,3793.0,41.0,37.0,39.0,2.197,1.983,2.09,638625.288836,3863510.603437,127.2,134.8,66.4,29.2,26.5,24.5,75.93,0.0388,109.4,5,3840,1920
2392,0.6081,5028.0,3147.0,5062.0,3177.0,34.0,30.0,32.0,1.822,1.608,1.715,638634.479583,3863543.425074,122.2,135.6,52.6,30.4,27.9,22.6,96.32,0.0653,103.5,5,3840,1920
2393,0.6079,3999.0,2821.0,4043.0,2854.0,44.0,33.0,38.5,2.358,1.768,2.063,638579.603051,3863560.813843,120.9,132.4,54.7,29.0,32.4,15.1,89.17,0.0579,102.7,5,3840,1920
2394,0.6061,5123.0,3076.0,5164.0,3114.0,41.0,38.0,39.5,2.197,2.036,2.117,638639.758234,3863547.015359,84.4,100.2,39.7,16.3,16.8,13.9,76.26,0.1086,74.8,5,3840,1920
2395,0.6059,5176.0,2889.0,5209.0,2924.0,33.0,35.0,34.0,1.768,1.876,1.822,638642.384162,3863557.116385,89.2,104.5,36.7,23.5,23.9,17.0,83.09,0.0972,76.8,5,3840,1920
2396,0.6051,5734.0,3385.0,5778.0,3425.0,44.0,40.0,42.0,2.358,2.144,2.251,638672.582332,3863530.403592,115.8,129.3,42.7,35.8,36.5,19.0,100.1,0.0669,95.9,5,3840,1920
2397,0.6044,4373.0,2900.0,4413.0,2938.0,40.0,38.0,39.0,2.144,2.036,2.09,638599.538667,3863556.446556,133.5,139.2,56.0,27.7,27.1,19.7,88.85,0.0264,109.5,5,3840,1920
2398,0.6042,3975.0,3827.0,4004.0,3849.0,29.0,22.0,25.5,1.554,1.179,1.367,638577.914955,3863507.200704,127.6,141.1,45.5,26.4,26.4,15.6,109.04,0.0603,104.7,5,3840,1920
2399,0.6042,4248.0,3612.0,4287.0,3650.0,39.0,38.0,38.5,2.09,2.036,2.063,638592.813076,3863518.293077,141.2,142.0,61.4,31.1,32.0,28.4,81.25,0.0033,114.9,5,3840,1920
2400,0.6035,3933.0,2476.0,3972.0,2512.0,39.0,36.0,37.5,2.09,1.929,2.01,638575.932111,3863579.220753,119.5,125.9,53.2,27.4,25.9,17.8,79.11,0.0332,99.5,5,3840,1920
2401,0.6025,4149.0,1956.0,4174.0,1983.0,25.0,27.0,26.0,1.34,1.447,1.393,638587.132497,3863607.326791,161.2,156.8,74.6,22.4,23.5,14.2,77.67,-0.0183,130.9,5,3840,1920
2402,0.6014,5358.0,3777.0,5398.0,3814.0,40.0,37.0,38.5,2.144,1.983,2.063,638652.325174,3863509.478123,133.1,145.4,64.3,31.2,29.1,21.8,93.36,0.0574,114.3,5,3840,1920
2403,0.6014,4155.0,2670.0,4183.0,2695.0,28.0,25.0,26.5,1.5,1.34,1.42,638587.534425,3863569.119727,137.8,142.6,47.5,30.7,32.2,17.4,99.89,0.0206,109.3,5,3840,1920
2404,0.6005,4827.0,3222.0,4874.0,3265.0,47.0,43.0,45.0,2.519,2.304,2.411,638624.056258,3863539.057786,118.8,130.2,53.9,29.5,33.2,20.2,87.66,0.0584,100.9,5,3840,1920
2405,0.6002,5320.0,2043.0,5366.0,2085.0,46.0,42.0,44.0,2.465,2.251,2.358,638650.449512,3863602.262882,128.5,131.7,57.7,22.0,24.2,16.6,77.26,0.0161,106.0,5,3840,1920
2406,0.5999,4668.0,3850.0,4694.0,3873.0,26.0,23.0,24.5,1.393,1.233,1.313,638614.972691,3863505.941425,128.5,142.1,55.0,32.7,31.3,20.7,100.63,0.0629,108.6,5,3840,1920
2407,0.5991,4854.0,3092.0,4883.0,3118.0,29.0,26.0,27.5,1.554,1.393,1.474,638625.020884,3863546.479495,117.1,133.4,47.8,22.8,22.1,15.8,101.84,0.0802,99.4,5,3840,1920
2408,0.599,3880.0,3032.0,3912.0,3064.0,32.0,32.0,32.0,1.715,1.715,1.715,638572.904256,3863549.533917,124.2,135.4,43.0,29.1,27.7,16.5,103.63,0.0519,100.9,5,3840,1920
2409,0.5981,5185.0,2245.0,5223.0,2283.0,38.0,38.0,38.0,2.036,2.036,2.036,638643.000451,3863591.545612,129.7,139.0,59.0,31.0,31.2,30.6,89.39,0.0444,109.2,5,3840,1920
2410,0.598,5214.0,2156.0,5259.0,2199.0,45.0,43.0,44.0,2.411,2.304,2.358,638644.742138,3863596.180831,115.5,127.4,44.7,23.7,26.0,16.4,94.73,0.0603,95.9,5,3840,1920
2411,0.5952,4512.0,3564.0,4545.0,3594.0,33.0,30.0,31.5,1.768,1.608,1.688,638606.800161,3863521.079567,121.6,128.8,52.4,32.1,34.8,23.3,83.58,0.0365,100.9,5,3840,1920
2412,0.5948,4524.0,3895.0,4553.0,3919.0,29.0,24.0,26.5,1.554,1.286,1.42,638607.336064,3863503.503246,110.2,120.6,51.8,22.4,24.8,14.5,79.16,0.058,94.2,5,3840,1920
2413,0.5938,4354.0,2441.0,4377.0,2465.0,23.0,24.0,23.5,1.233,1.286,1.259,638598.064932,3863581.417793,130.4,130.9,52.3,25.2,22.6,16.3,78.99,0.0021,104.5,5,3840,1920
2414,0.5931,5133.0,2900.0,5163.0,2929.0,30.0,29.0,29.5,1.608,1.554,1.581,638639.999391,3863556.687694,105.3,120.5,38.4,27.4,26.8,15.5,97.25,0.081,88.1,5,3840,1920
2415,0.593,4373.0,3436.0,4398.0,3461.0,25.0,25.0,25.0,1.34,1.34,1.34,638599.136739,3863528.072585,137.7,141.7,47.9,25.7,27.3,14.0,97.88,0.0175,109.1,5,3840,1920
2416,0.5926,4890.0,2043.0,4926.0,2076.0,36.0,33.0,34.5,1.929,1.768,1.849,638627.137704,3863602.50402,133.1,133.9,59.5,22.5,26.7,16.8,75.1,0.0035,108.8,5,3840,1920
2417,0.5919,3924.0,2794.0,3968.0,2830.0,44.0,36.0,40.0,2.358,1.929,2.144,638575.583774,3863562.180295,112.7,122.4,47.0,29.0,27.5,18.8,85.13,0.0516,94.0,5,3840,1920
2418,0.5915,4526.0,2518.0,4563.0,2553.0,37.0,35.0,36.0,1.983,1.876,1.929,638607.657607,3863576.996919,109.3,120.3,37.9,21.6,23.8,15.1,93.31,0.0572,89.2,5,3840,1920
2419,0.5912,4533.0,2416.0,4576.0,2454.0,43.0,38.0,40.5,2.304,2.036,2.17,638608.19351,3863582.382347,111.8,120.9,44.6,22.7,24.0,16.0,85.25,0.0481,92.4,5,3840,1920
2420,0.5911,4727.0,2370.0,4762.0,2403.0,35.0,33.0,34.0,1.876,1.768,1.822,638618.375679,3863584.981285,111.3,117.7,44.6,22.6,21.8,22.1,79.64,0.0351,91.2,5,3840,1920
2421,0.5905,3887.0,2659.0,3924.0,2697.0,37.0,38.0,37.5,1.983,2.036,2.01,638573.413364,3863569.360865,146.1,150.3,76.9,30.1,33.0,25.4,77.68,0.0192,124.4,5,3840,1920
2422,0.5891,4622.0,2406.0,4647.0,2419.0,25.0,13.0,19.0,1.34,0.697,1.018,638612.480739,3863583.58804,137.0,140.4,58.9,24.1,24.4,18.0,84.9,0.0156,112.1,5,3840,1920
2423,0.5874,3959.0,2025.0,4004.0,2064.0,45.0,39.0,42.0,2.411,2.09,2.251,638577.486232,3863603.307815,135.8,140.6,59.4,27.9,27.4,18.4,85.97,0.022,111.9,5,3840,1920
2424,0.587,4211.0,2302.0,4251.0,2336.0,40.0,34.0,37.0,2.144,1.822,1.983,638590.857028,3863588.598363,128.3,134.2,60.2,30.0,28.1,29.3,80.0,0.0296,107.6,5,3840,1920
2425,0.5869,4978.0,3194.0,5018.0,3227.0,40.0,33.0,36.5,2.144,1.768,1.956,638631.960836,3863540.826136,134.0,144.9,56.1,28.1,25.4,23.3,99.74,0.049,111.7,5,3840,1920
2426,0.5866,4623.0,2272.0,4662.0,2311.0,39.0,39.0,39.0,2.09,2.09,2.09,638612.909462,3863590.071988,149.9,146.9,70.3,20.9,21.4,18.6,73.6,-0.0133,122.3,5,3840,1920
2427,0.5855,4200.0,3253.0,4228.0,3283.0,28.0,30.0,29.0,1.5,1.608,1.554,638589.945991,3863537.744921,111.6,118.5,45.4,24.5,24.1,15.5,79.99,0.0375,91.8,5,3840,1920
2428,0.5849,3920.0,3867.0,3949.0,3891.0,29.0,24.0,26.5,1.554,1.286,1.42,638574.967485,3863505.003663,117.2,118.0,47.1,29.7,28.9,18.4,71.65,0.0041,94.1,5,3840,1920
2429,0.5838,4002.0,2474.0,4046.0,2512.0,44.0,38.0,41.0,2.358,2.036,2.197,638579.763822,3863579.274339,117.9,125.5,53.3,28.4,29.2,18.1,79.83,0.0399,98.9,5,3840,1920
2430,0.5835,5379.0,3951.0,5407.0,3967.0,28.0,16.0,22.0,1.5,0.857,1.179,638653.12903,3863500.716756,148.6,158.8,64.1,30.0,27.1,20.3,104.92,0.0421,123.8,5,3840,1920
2431,0.5826,5011.0,3334.0,5053.0,3372.0,42.0,38.0,40.0,2.251,2.036,2.144,638633.782909,3863533.190082,88.0,103.0,44.2,26.5,28.7,17.6,73.67,0.1016,78.4,5,3840,1920
2432,0.582,5367.0,3148.0,5395.0,3174.0,28.0,26.0,27.0,1.5,1.393,1.447,638652.485946,3863543.47866,116.8,131.1,55.8,36.5,35.4,21.9,89.65,0.0745,101.2,5,3840,1920
2433,0.5818,5609.0,3409.0,5648.0,3449.0,39.0,40.0,39.5,2.09,2.144,2.117,638665.749561,3863529.117519,120.7,137.7,53.6,33.8,29.6,29.3,101.03,0.0829,104.0,5,3840,1920
2434,0.5816,4593.0,1937.0,4623.0,1967.0,30.0,30.0,30.0,1.608,1.608,1.608,638611.060595,3863608.264552,139.8,105.0,93.8,29.3,28.9,27.3,-23.55,-0.2303,112.9,5,3840,1920
2435,0.581,3992.0,3868.0,4031.0,3903.0,39.0,35.0,37.0,2.09,1.876,1.983,638579.093943,3863504.655352,124.0,135.8,47.7,26.4,26.7,17.6,99.93,0.0559,102.5,5,3840,1920
2436,0.5806,5494.0,3643.0,5543.0,3682.0,49.0,39.0,44.0,2.626,2.09,2.358,638659.854621,3863516.605107,115.1,129.2,53.2,29.8,29.8,18.0,90.08,0.0738,99.1,5,3840,1920
2437,0.5806,4250.0,3473.0,4281.0,3504.0,31.0,31.0,31.0,1.661,1.661,1.661,638592.705895,3863525.929132,114.0,122.8,51.1,21.7,25.3,17.0,80.59,0.0477,96.0,5,3840,1920
2438,0.5804,4114.0,3798.0,4146.0,3828.0,32.0,30.0,31.0,1.715,1.608,1.661,638585.444401,3863508.540362,109.4,122.6,52.7,25.7,24.6,20.8,83.05,0.0737,94.9,5,3840,1920
2439,0.5794,3842.0,3827.0,3883.0,3867.0,41.0,40.0,40.5,2.197,2.144,2.17,638571.108979,3863506.718427,129.4,129.0,56.1,27.2,27.0,18.7,72.41,-0.0022,104.9,5,3840,1920
2440,0.5787,4752.0,3069.0,4791.0,3104.0,39.0,35.0,37.0,2.09,1.876,1.983,638619.822619,3863547.470843,103.8,116.7,43.9,20.0,23.5,11.5,85.61,0.073,88.1,5,3840,1920
2441,0.5781,4024.0,2870.0,4050.0,2895.0,26.0,25.0,25.5,1.393,1.34,1.367,638580.460497,3863558.402457,131.4,141.8,53.8,27.2,29.0,17.8,98.42,0.0474,109.0,5,3840,1920
2442,0.5776,5818.0,3440.0,5844.0,3468.0,26.0,28.0,27.0,1.393,1.5,1.447,638676.601609,3863527.777861,128.7,142.2,53.5,34.9,35.1,19.1,102.22,0.062,108.1,5,3840,1920
2443,0.5774,5509.0,3525.0,5548.0,3562.0,39.0,37.0,38.0,2.09,1.983,2.036,638660.390524,3863522.981883,117.7,127.4,61.4,30.2,31.4,21.8,75.68,0.0529,102.2,5,3840,1920
2444,0.5753,4932.0,3763.0,4964.0,3792.0,32.0,29.0,30.5,1.715,1.554,1.634,638629.281318,3863510.442678,117.5,133.0,45.7,23.7,22.3,18.2,102.84,0.0757,98.7,5,3840,1920
2445,0.5748,4715.0,2478.0,4758.0,2518.0,43.0,40.0,41.5,2.304,2.144,2.224,638617.946956,3863579.006407,112.1,121.6,40.9,22.0,21.9,16.8,90.15,0.0491,91.5,5,3840,1920
2446,0.574,4044.0,2560.0,4083.0,2594.0,39.0,34.0,36.5,2.09,1.822,1.956,638581.880642,3863574.773086,103.1,112.7,47.1,24.0,25.5,19.0,75.24,0.0571,87.6,5,3840,1920
2447,0.5737,4239.0,3738.0,4267.0,3765.0,28.0,27.0,27.5,1.5,1.447,1.474,638592.036016,3863511.835923,139.1,145.1,63.4,33.1,29.4,28.0,87.72,0.0273,115.9,5,3840,1920
2448,0.5736,5429.0,3314.0,5464.0,3356.0,35.0,42.0,38.5,1.876,2.251,2.063,638655.996114,3863534.154636,82.9,103.4,40.1,22.2,23.9,14.2,83.93,0.1408,75.5,5,3840,1920
2449,0.5728,3996.0,3691.0,4031.0,3720.0,35.0,29.0,32.0,1.876,1.554,1.715,638579.201124,3863514.300895,126.7,138.3,48.7,29.7,29.2,18.9,101.29,0.0539,104.6,5,3840,1920
2450,0.5727,4155.0,3449.0,4185.0,3479.0,30.0,30.0,30.0,1.608,1.608,1.608,638587.588015,3863527.241997,133.7,131.2,56.8,23.4,24.7,14.6,71.89,-0.012,107.3,5,3840,1920
2451,0.5726,5098.0,3344.0,5136.0,3377.0,38.0,33.0,35.5,2.036,1.768,1.902,638638.33809,3863532.788184,96.7,113.5,48.5,29.6,28.7,18.3,81.76,0.1038,86.2,5,3840,1920
2452,0.5722,5067.0,1976.0,5108.0,2013.0,41.0,37.0,39.0,2.197,1.983,2.09,638636.757174,3863605.987133,128.6,132.6,54.8,27.5,30.0,21.3,81.65,0.0189,105.3,5,3840,1920
2453,0.572,4047.0,3381.0,4079.0,3411.0,32.0,30.0,31.0,1.715,1.608,1.661,638581.853847,3863530.885869,139.2,145.2,57.4,30.9,31.7,22.9,93.76,0.0263,113.9,5,3840,1920
2454,0.5716,5292.0,3477.0,5325.0,3507.0,33.0,30.0,31.5,1.768,1.608,1.688,638648.600644,3863525.741579,91.8,113.1,42.4,30.9,31.7,16.8,92.03,0.1312,82.5,5,3840,1920
2455,0.5716,4133.0,3269.0,4173.0,3305.0,40.0,36.0,38.0,2.144,1.929,2.036,638586.676979,3863536.72678,115.4,125.1,49.3,31.5,29.3,28.5,85.44,0.0506,96.6,5,3840,1920
2456,0.5715,4806.0,2507.0,4844.0,2543.0,38.0,36.0,37.0,2.036,1.929,1.983,638622.689704,3863577.559576,107.4,108.8,46.7,22.0,26.7,16.6,63.43,0.0079,87.6,5,3840,1920
2457,0.5705,4754.0,3186.0,4785.0,3217.0,31.0,31.0,31.0,1.661,1.661,1.661,638619.715438,3863541.308413,117.2,126.0,58.8,22.0,25.5,13.4,75.95,0.0476,100.7,5,3840,1920
2458,0.5693,4813.0,2025.0,4845.0,2057.0,32.0,32.0,32.0,1.715,1.715,1.715,638622.904065,3863603.495368,128.0,134.5,45.3,24.5,26.3,15.2,95.6,0.0297,102.6,5,3840,1920
2459,0.5691,4591.0,3720.0,4632.0,3758.0,41.0,38.0,39.5,2.197,2.036,2.117,638611.248161,3863512.505752,124.2,136.0,51.6,27.2,25.9,19.2,96.27,0.0565,103.9,5,3840,1920
2460,0.569,5264.0,3725.0,5309.0,3762.0,45.0,37.0,41.0,2.411,1.983,2.197,638647.421656,3863512.264613,116.0,128.9,56.2,35.4,35.0,22.6,85.51,0.0683,100.3,5,3840,1920
2461,0.569,4282.0,3417.0,4321.0,3450.0,39.0,33.0,36.0,2.09,1.768,1.929,638594.635148,3863528.876381,132.0,139.0,48.4,24.7,23.3,21.7,97.67,0.0316,106.5,5,3840,1920
2462,0.569,4578.0,3570.0,4615.0,3605.0,37.0,35.0,36.0,1.983,1.876,1.929,638610.444305,3863520.624083,114.7,122.2,48.5,22.6,25.5,16.4,81.15,0.0395,95.1,5,3840,1920
2463,0.5679,4671.0,2192.0,4704.0,2223.0,33.0,31.0,32.0,1.768,1.661,1.715,638615.321029,3863594.573241,109.1,115.7,50.7,20.1,19.1,25.0,71.57,0.0379,91.9,5,3840,1920
2464,0.5677,4067.0,3863.0,4090.0,3888.0,23.0,25.0,24.0,1.233,1.34,1.286,638582.684497,3863505.191216,129.4,136.1,54.3,30.7,29.5,22.0,88.57,0.0319,106.6,5,3840,1920
2465,0.5663,5629.0,3316.0,5674.0,3357.0,45.0,41.0,43.0,2.411,2.197,2.304,638666.982139,3863534.074256,118.1,131.1,46.7,31.7,32.1,19.6,97.3,0.0638,98.6,5,3840,1920
2466,0.5659,5256.0,2255.0,5291.0,2283.0,35.0,28.0,31.5,1.876,1.5,1.688,638646.724981,3863591.277681,125.4,139.0,54.8,29.9,30.6,21.7,97.79,0.065,106.4,5,3840,1920
2467,0.5652,5694.0,2959.0,5721.0,2985.0,27.0,26.0,26.5,1.447,1.393,1.42,638669.983199,3863553.606479,149.5,148.6,68.6,36.6,39.3,21.7,79.19,-0.0037,122.2,5,3840,1920
2468,0.5652,5296.0,2959.0,5334.0,2995.0,38.0,36.0,37.0,2.036,1.929,1.983,638648.948982,3863553.338548,118.7,130.6,53.1,30.9,30.2,20.1,89.43,0.0606,100.8,5,3840,1920
2469,0.5652,5125.0,2780.0,5165.0,2815.0,40.0,35.0,37.5,2.144,1.876,2.01,638639.83862,3863562.957297,100.4,114.0,43.1,23.2,24.4,19.3,84.54,0.0793,85.9,5,3840,1920
2470,0.565,3991.0,3563.0,4025.0,3594.0,34.0,31.0,32.5,1.822,1.661,1.742,638578.906377,3863521.10636,126.3,135.1,55.1,26.1,27.4,17.3,88.81,0.0425,105.5,5,3840,1920
2471,0.5646,4739.0,3114.0,4776.0,3146.0,37.0,32.0,34.5,1.983,1.715,1.849,638619.072354,3863545.139837,124.2,139.8,52.3,27.1,23.7,23.5,103.08,0.0736,105.4,5,3840,1920
2472,0.5643,5119.0,3227.0,5155.0,3261.0,36.0,34.0,35.0,1.929,1.822,1.876,638639.409897,3863539.030993,121.5,128.9,58.8,30.0,31.1,23.0,77.55,0.0387,103.1,5,3840,1920
2473,0.563,4201.0,3524.0,4229.0,3552.0,28.0,28.0,28.0,1.5,1.5,1.5,638589.999582,3863523.276608,119.8,123.5,52.4,31.7,29.4,24.1,74.83,0.0193,98.6,5,3840,1920
2474,0.5629,3926.0,2257.0,3967.0,2294.0,41.0,37.0,39.0,2.197,1.983,2.09,638575.610569,3863590.929369,103.8,111.7,49.7,25.6,28.4,16.6,70.01,0.048,88.4,5,3840,1920
2475,0.5623,4915.0,2283.0,4947.0,2312.0,32.0,29.0,30.5,1.715,1.554,1.634,638628.370282,3863589.75047,109.8,118.1,49.2,21.6,21.5,17.3,77.29,0.0464,92.4,5,3840,1920
2476,0.5617,4387.0,3327.0,4416.0,3353.0,29.0,26.0,27.5,1.554,1.393,1.474,638599.994185,3863533.886704,121.9,129.3,46.3,27.0,29.4,18.9,90.45,0.0361,99.2,5,3840,1920
2477,0.561,4175.0,3488.0,4201.0,3512.0,26.0,24.0,25.0,1.393,1.286,1.34,638588.552642,3863525.312889,141.2,135.8,62.7,31.0,32.2,22.1,67.65,-0.0254,113.2,5,3840,1920
2478,0.5606,4997.0,2314.0,5030.0,2343.0,33.0,29.0,31.0,1.768,1.554,1.661,638632.791487,3863588.089293,124.2,132.9,41.7,21.9,23.6,16.2,99.89,0.0403,99.6,5,3840,1920
2479,0.5605,5094.0,2217.0,5136.0,2254.0,42.0,37.0,39.5,2.251,1.983,2.117,638638.230909,3863593.072823,112.9,119.3,46.3,23.8,25.3,17.4,79.4,0.0344,92.8,5,3840,1920
2480,0.5601,5090.0,2023.0,5121.0,2052.0,31.0,29.0,30.0,1.661,1.554,1.608,638637.7218,3863603.68292,116.5,124.9,44.2,20.0,18.7,18.5,89.01,0.0425,95.2,5,3840,1920
2481,0.5601,4141.0,2278.0,4181.0,2316.0,40.0,38.0,39.0,2.144,2.036,2.09,638587.105702,3863589.777263,114.5,122.2,51.6,24.5,26.8,16.6,78.35,0.0417,96.1,5,3840,1920
2482,0.5599,5177.0,3507.0,5213.0,3544.0,36.0,37.0,36.5,1.929,1.983,1.956,638642.518138,3863523.946437,118.6,129.8,66.3,30.2,28.2,24.2,74.65,0.0613,104.9,5,3840,1920
2483,0.5596,5111.0,3011.0,5146.0,3042.0,35.0,31.0,33.0,1.876,1.661,1.768,638638.954379,3863550.686024,127.8,136.8,48.7,24.3,26.9,14.7,97.06,0.0415,104.4,5,3840,1920
2484,0.5581,5070.0,3286.0,5112.0,3320.0,42.0,34.0,38.0,2.251,1.822,2.036,638636.94474,3863535.869399,94.8,102.7,51.8,25.6,25.7,20.4,58.81,0.0544,83.1,5,3840,1920
2485,0.5575,4064.0,2787.0,4093.0,2813.0,29.0,26.0,27.5,1.554,1.393,1.474,638582.684497,3863562.823331,129.5,132.8,59.4,22.9,25.1,13.6,76.75,0.0166,107.2,5,3840,1920
2486,0.5575,5156.0,2212.0,5192.0,2249.0,36.0,37.0,36.5,1.929,1.983,1.956,638641.39274,3863593.340755,165.0,164.5,158.9,32.8,35.3,36.3,5.12,-0.0028,162.8,5,3840,1920
2487,0.5575,5193.0,3555.0,5226.0,3583.0,33.0,28.0,30.5,1.768,1.5,1.634,638643.295198,3863521.615431,120.7,130.8,62.4,33.0,31.7,23.4,78.58,0.0536,104.6,5,3840,1920
2488,0.5568,4971.0,2085.0,5014.0,2121.0,43.0,36.0,39.5,2.304,1.929,2.117,638631.666089,3863600.173014,113.6,121.8,50.4,19.5,20.5,16.1,79.51,0.044,95.3,5,3840,1920
2489,0.5556,3874.0,2509.0,3906.0,2538.0,32.0,29.0,30.5,1.715,1.554,1.634,638572.582714,3863577.639956,113.7,124.6,40.3,28.6,28.7,15.3,95.05,0.0547,92.9,5,3840,1920
2490,0.555,4675.0,1984.0,4716.0,2022.0,41.0,38.0,39.5,2.197,2.036,2.117,638615.749751,3863605.531649,117.1,123.6,47.8,23.5,25.4,17.9,82.26,0.0336,96.2,5,3840,1920
2491,0.5547,4475.0,3807.0,4501.0,3830.0,26.0,23.0,24.5,1.393,1.233,1.313,638604.629751,3863508.245637,123.4,134.6,48.1,21.1,20.4,16.5,97.62,0.0532,102.0,5,3840,1920
2492,0.5544,4397.0,3786.0,4419.0,3807.0,22.0,21.0,21.5,1.179,1.125,1.152,638600.342522,3863509.424537,105.5,112.3,47.8,31.2,31.0,20.4,71.34,0.0401,88.6,5,3840,1920
2493,0.5538,5073.0,3600.0,5112.0,3635.0,39.0,35.0,37.0,2.09,1.876,1.983,638637.025126,3863519.016493,108.6,118.9,52.0,25.5,26.1,22.5,77.3,0.059,93.2,5,3840,1920
2494,0.5535,5786.0,3778.0,5820.0,3812.0,34.0,34.0,34.0,1.822,1.822,1.822,638675.101079,3863509.504917,149.8,152.5,69.3,30.5,31.7,22.1,85.93,0.0117,123.9,5,3840,1920
2495,0.5533,4516.0,1939.0,4558.0,1975.0,42.0,36.0,39.0,2.251,1.929,2.09,638607.255679,3863607.996621,108.1,112.7,47.7,21.6,24.3,17.3,69.67,0.0268,89.5,5,3840,1920
2496,0.5532,4965.0,3497.0,4997.0,3537.0,32.0,40.0,36.0,1.715,2.144,1.929,638631.0498,3863524.401921,130.4,134.8,64.1,26.0,28.5,18.1,75.08,0.0217,109.8,5,3840,1920
2497,0.5529,5169.0,2521.0,5201.0,2558.0,32.0,37.0,34.5,1.715,1.983,1.849,638641.982234,3863576.782574,143.3,123.3,113.8,20.1,22.1,22.6,-10.62,-0.1312,126.8,5,3840,1920
2498,0.5522,5463.0,3239.0,5510.0,3285.0,47.0,46.0,46.5,2.519,2.465,2.492,638658.139729,3863538.066439,107.7,125.1,56.2,37.3,37.5,20.5,86.17,0.0983,96.3,5,3840,1920
2499,0.5521,4658.0,2142.0,4692.0,2178.0,34.0,36.0,35.0,1.822,1.929,1.876,638614.651149,3863597.118592,139.9,137.3,65.3,20.3,24.4,14.6,69.43,-0.0121,114.2,5,3840,1920
2500,0.5515,4168.0,3926.0,4199.0,3955.0,31.0,29.0,30.0,1.661,1.554,1.608,638588.311485,3863501.708103,124.8,137.7,55.1,27.6,26.1,18.2,95.52,0.0624,105.9,5,3840,1920
2501,0.5498,4220.0,2505.0,4259.0,2542.0,39.0,37.0,38.0,2.09,1.983,2.036,638591.312546,3863577.639956,129.9,136.0,59.0,27.2,29.3,21.5,82.96,0.0293,108.3,5,3840,1920
2502,0.5494,3884.0,3509.0,3909.0,3534.0,25.0,25.0,25.0,1.34,1.34,1.34,638572.931051,3863524.160782,108.3,119.4,50.5,19.0,21.1,13.8,80.06,0.0628,92.7,5,3840,1920
2503,0.5487,4612.0,3888.0,4651.0,3919.0,39.0,31.0,35.0,2.09,1.661,1.876,638612.319968,3863503.690798,118.2,134.6,52.1,34.3,35.2,19.1,98.93,0.0816,101.6,5,3840,1920
2504,0.5475,4347.0,2610.0,4388.0,2647.0,41.0,37.0,39.0,2.197,1.983,2.09,638598.172112,3863572.013389,128.2,134.2,63.6,29.1,28.2,27.4,76.73,0.0305,108.7,5,3840,1920
2505,0.5472,5260.0,1920.0,5300.0,1947.0,40.0,27.0,33.5,2.144,1.447,1.795,638647.073319,3863609.2559,106.3,115.6,42.5,18.0,17.7,15.7,82.47,0.0522,88.1,5,3840,1920
2506,0.5471,3929.0,2605.0,3961.0,2638.0,32.0,33.0,32.5,1.715,1.768,1.742,638575.530184,3863572.388494,97.3,106.7,40.5,24.3,27.3,16.5,75.72,0.0578,81.5,5,3840,1920
2507,0.547,5459.0,3590.0,5498.0,3626.0,39.0,36.0,37.5,2.09,1.929,2.01,638657.711006,3863519.525563,104.5,120.7,43.3,31.4,31.9,20.7,93.56,0.0889,89.5,5,3840,1920
2508,0.5466,3888.0,2537.0,3923.0,2573.0,35.0,36.0,35.5,1.876,1.929,1.902,638573.413364,3863575.951986,118.5,134.3,45.8,27.7,31.4,16.5,104.32,0.0763,99.5,5,3840,1920
2509,0.5465,4603.0,1920.0,4633.0,1930.0,30.0,10.0,20.0,1.608,0.536,1.072,638611.596498,3863609.711384,115.7,100.1,100.7,22.7,24.5,24.6,-16.1,-0.1349,105.5,5,3840,1920
2510,0.5464,4443.0,3583.0,4491.0,3626.0,48.0,43.0,45.5,2.572,2.304,2.438,638603.504353,3863519.713115,105.1,117.9,39.7,24.9,25.5,14.8,91.12,0.0703,87.6,5,3840,1920
2511,0.5463,3974.0,2382.0,4016.0,2417.0,42.0,35.0,38.5,2.251,1.876,2.063,638578.209702,3863584.284663,118.2,123.3,51.6,23.9,25.9,15.2,76.83,0.027,97.7,5,3840,1920
2512,0.546,4086.0,2309.0,4112.0,2334.0,26.0,25.0,25.5,1.393,1.34,1.367,638583.7831,3863588.464398,128.2,129.6,57.3,30.3,32.5,17.0,73.66,0.007,105.0,5,3840,1920
2513,0.5459,5848.0,2903.0,5883.0,2939.0,35.0,36.0,35.5,1.876,1.929,1.902,638678.450477,3863556.339383,91.9,104.4,38.1,25.8,27.5,16.5,78.75,0.0788,78.1,5,3840,1920
2514,0.5443,3957.0,2700.0,3997.0,2734.0,40.0,34.0,37.0,2.144,1.822,1.983,638577.245075,3863567.270998,119.6,127.0,51.3,23.1,23.5,19.3,83.09,0.0381,99.3,5,3840,1920
2515,0.5434,4006.0,1965.0,4043.0,2001.0,37.0,36.0,36.5,1.983,1.929,1.956,638579.790618,3863606.603376,119.7,128.9,51.4,28.1,29.6,19.0,86.61,0.0466,100.0,5,3840,1920
2516,0.5432,4520.0,2369.0,4553.0,2401.0,33.0,32.0,32.5,1.768,1.715,1.742,638607.228884,3863585.061665,122.9,128.3,46.1,23.1,24.7,18.2,87.71,0.0265,99.1,5,3840,1920
2517,0.5431,3840.0,2692.0,3864.0,2722.0,24.0,30.0,27.0,1.286,1.608,1.447,638570.54628,3863567.806861,129.6,140.5,56.6,24.0,25.1,17.6,94.82,0.0511,108.9,5,3840,1920
2518,0.5421,4886.0,2662.0,4921.0,2698.0,35.0,36.0,35.5,1.876,1.929,1.902,638626.896547,3863569.253692,106.7,111.3,46.6,20.4,22.9,15.2,69.38,0.027,88.2,5,3840,1920
2519,0.542,5780.0,3645.0,5809.0,3672.0,29.0,27.0,28.0,1.554,1.447,1.5,638674.645561,3863516.819453,104.1,112.0,42.3,23.3,23.3,16.5,77.51,0.0451,86.1,5,3840,1920
2520,0.5412,5172.0,3346.0,5211.0,3380.0,39.0,34.0,36.5,2.09,1.822,1.956,638642.330572,3863532.654218,136.5,140.3,68.1,40.6,31.5,27.1,76.04,0.0181,115.0,5,3840,1920
2521,0.5411,4990.0,2130.0,5032.0,2165.0,42.0,35.0,38.5,2.251,1.876,2.063,638632.657511,3863597.788422,125.3,126.9,60.5,25.2,29.9,20.1,68.01,0.0082,104.2,5,3840,1920
2522,0.541,4402.0,2046.0,4433.0,2073.0,31.0,27.0,29.0,1.661,1.447,1.554,638600.85163,3863602.50402,112.7,118.7,43.7,23.2,24.6,17.4,80.98,0.032,91.7,5,3840,1920
2523,0.5407,5244.0,3520.0,5286.0,3564.0,42.0,44.0,43.0,2.251,2.358,2.304,638646.269463,3863523.062262,126.3,136.6,55.9,29.0,30.4,17.8,90.95,0.0495,106.2,5,3840,1920
2524,0.5397,4061.0,2605.0,4091.0,2636.0,30.0,31.0,30.5,1.608,1.661,1.634,638582.550521,3863572.44208,97.4,111.2,45.7,22.6,22.4,15.8,79.34,0.085,84.8,5,3840,1920
2525,0.5397,3947.0,3495.0,3974.0,3522.0,27.0,27.0,27.0,1.447,1.447,1.447,638576.360834,3863524.857405,140.7,146.5,59.1,33.7,36.4,22.8,93.15,0.0253,115.4,5,3840,1920
2526,0.5393,3864.0,2583.0,3897.0,2615.0,33.0,32.0,32.5,1.768,1.715,1.742,638572.073605,3863573.594186,129.5,140.1,50.5,28.9,32.2,15.0,100.13,0.0482,106.7,5,3840,1920
2527,0.5393,5520.0,3579.0,5564.0,3613.0,44.0,34.0,39.0,2.358,1.822,2.09,638661.113994,3863520.168599,123.5,134.0,49.2,32.9,34.6,18.8,95.41,0.0509,102.2,5,3840,1920
2528,0.5391,4080.0,2496.0,4109.0,2523.0,29.0,27.0,28.0,1.554,1.447,1.5,638583.541943,3863578.390164,135.9,145.3,51.7,29.1,28.6,19.9,102.87,0.0406,111.0,5,3840,1920
2529,0.539,5770.0,3606.0,5796.0,3630.0,26.0,24.0,25.0,1.393,1.286,1.34,638674.029272,3863518.9897,123.3,135.1,48.3,27.3,26.8,19.4,98.61,0.0561,102.2,5,3840,1920
2530,0.5382,4369.0,3732.0,4401.0,3763.0,32.0,31.0,31.5,1.715,1.661,1.688,638599.109944,3863512.050268,138.9,140.5,58.6,25.2,26.1,21.3,83.51,0.0072,112.7,5,3840,1920
2531,0.5381,4229.0,2696.0,4260.0,2727.0,31.0,31.0,31.0,1.661,1.661,1.661,638591.580498,3863567.565723,118.8,126.4,54.1,30.3,31.4,22.7,79.85,0.0395,99.7,5,3840,1920
2532,0.538,5089.0,2171.0,5113.0,2198.0,24.0,27.0,25.5,1.286,1.447,1.367,638637.480644,3863595.805727,116.8,124.6,49.2,26.3,27.0,19.2,83.16,0.0404,96.8,5,3840,1920
2533,0.5379,5362.0,3527.0,5388.0,3550.0,26.0,23.0,24.5,1.393,1.233,1.313,638652.164403,3863523.249814,109.1,129.0,38.8,41.4,37.6,24.1,110.1,0.0999,92.3,5,3840,1920
2534,0.5358,4076.0,3727.0,4114.0,3759.0,38.0,32.0,35.0,2.036,1.715,1.876,638583.568738,3863512.291407,129.4,140.6,52.0,26.7,25.3,18.4,99.89,0.0517,107.4,5,3840,1920
2535,0.5357,5667.0,3237.0,5708.0,3275.0,41.0,38.0,39.5,2.197,2.036,2.117,638668.911392,3863538.387957,118.2,134.2,53.7,28.8,27.8,18.1,96.59,0.0806,102.0,5,3840,1920
2536,0.5347,4028.0,2008.0,4064.0,2043.0,36.0,35.0,35.5,1.929,1.876,1.902,638580.94281,3863604.325956,130.1,133.1,55.7,28.6,30.0,19.0,80.29,0.0142,106.3,5,3840,1920
2537,0.5341,5458.0,3076.0,5491.0,3109.0,33.0,33.0,33.0,1.768,1.768,1.768,638657.496645,3863547.149325,131.9,144.6,63.6,29.7,26.7,20.6,93.67,0.0596,113.3,5,3840,1920
2538,0.5335,3985.0,2751.0,4012.0,2779.0,27.0,28.0,27.5,1.447,1.5,1.474,638578.397268,3863564.698853,107.2,118.3,45.9,32.9,32.1,17.3,83.5,0.0616,90.5,5,3840,1920
2539,0.533,4967.0,2223.0,5003.0,2260.0,36.0,37.0,36.5,1.929,1.983,1.956,638631.264162,3863592.751305,118.1,129.6,34.7,23.0,21.0,20.4,106.44,0.0542,94.2,5,3840,1920
2540,0.5327,4716.0,2973.0,4743.0,3002.0,27.0,29.0,28.0,1.447,1.554,1.5,638617.571824,3863552.775891,88.6,101.6,34.6,16.1,17.5,13.3,80.04,0.0836,74.9,5,3840,1920
2541,0.5325,4952.0,2991.0,4989.0,3026.0,37.0,35.0,36.0,1.983,1.876,1.929,638630.487101,3863551.650578,118.4,134.2,46.1,20.7,23.5,14.5,104.01,0.0768,99.5,5,3840,1920
2542,0.5319,4414.0,3820.0,4441.0,3848.0,27.0,28.0,27.5,1.447,1.5,1.474,638601.387534,3863507.415049,125.4,133.8,56.3,20.7,20.9,15.3,85.83,0.0412,105.2,5,3840,1920
2543,0.5319,4317.0,1997.0,4350.0,2029.0,33.0,32.0,32.5,1.768,1.715,1.742,638596.35004,3863604.995785,124.2,124.7,57.4,22.4,18.1,19.8,67.84,0.0026,102.1,5,3840,1920
2544,0.5318,4271.0,3657.0,4300.0,3687.0,29.0,30.0,29.5,1.554,1.608,1.581,638593.777702,3863516.096037,123.8,127.1,53.8,23.8,24.2,21.6,76.7,0.0168,101.6,5,3840,1920
2545,0.5312,5849.0,3644.0,5886.0,3682.0,37.0,38.0,37.5,1.983,2.036,2.01,638678.557657,3863516.578314,135.7,147.3,72.1,30.5,32.3,19.8,86.78,0.055,118.4,5,3840,1920
2546,0.5309,4312.0,3112.0,4340.0,3143.0,28.0,31.0,29.5,1.5,1.661,1.581,638595.948112,3863545.273803,128.5,135.1,51.9,22.1,25.5,16.4,89.82,0.0314,105.2,5,3840,1920
2547,0.5308,5084.0,2322.0,5105.0,2344.0,21.0,22.0,21.5,1.125,1.179,1.152,638637.132306,3863587.848155,138.3,132.9,79.8,28.3,33.3,24.4,47.62,-0.0285,117.0,5,3840,1920
2548,0.5296,4768.0,3837.0,4792.0,3859.0,24.0,22.0,23.0,1.286,1.179,1.233,638620.278137,3863506.66484,113.5,121.7,53.5,34.0,31.5,29.1,76.4,0.0451,96.2,5,3840,1920
2549,0.5294,4348.0,3240.0,4389.0,3275.0,41.0,35.0,38.0,2.197,1.876,2.036,638598.225703,3863538.307578,114.8,122.3,50.0,28.0,30.5,17.6,79.71,0.0398,95.7,5,3840,1920
2550,0.5283,4245.0,2380.0,4279.0,2415.0,34.0,35.0,34.5,1.822,1.876,1.849,638592.518329,3863584.391835,120.5,128.9,53.9,30.7,29.1,28.1,83.34,0.0427,101.1,5,3840,1920
2551,0.5281,4821.0,3369.0,4863.0,3406.0,42.0,37.0,39.5,2.251,1.983,2.117,638623.60074,3863531.341353,125.9,132.2,51.9,25.0,25.6,18.6,86.64,0.0306,103.3,5,3840,1920
2552,0.5279,5537.0,3244.0,5559.0,3265.0,22.0,21.0,21.5,1.179,1.125,1.152,638661.435536,3863538.468337,151.7,149.1,83.3,33.6,27.9,24.5,63.2,-0.0121,128.0,5,3840,1920
2553,0.5279,5477.0,3437.0,5519.0,3480.0,42.0,43.0,42.5,2.251,2.304,2.278,638658.756018,3863527.536722,135.5,141.7,71.4,27.7,27.9,24.1,76.51,0.0301,116.2,5,3840,1920
2554,0.5279,4357.0,2659.0,4399.0,2696.0,42.0,37.0,39.5,2.251,1.983,2.117,638598.734811,3863569.387658,123.1,134.8,52.1,32.2,30.4,22.5,94.44,0.0568,103.3,5,3840,1920
2555,0.5278,4529.0,1984.0,4569.0,2024.0,40.0,40.0,40.0,2.144,2.144,2.144,638607.898763,3863605.478062,127.1,128.1,52.8,26.7,26.6,25.7,76.29,0.005,102.7,5,3840,1920
2556,0.5274,4296.0,3286.0,4324.0,3311.0,28.0,25.0,26.5,1.5,1.34,1.42,638595.090666,3863536.110537,157.1,160.8,60.9,19.0,21.4,15.1,103.67,0.0147,126.3,5,3840,1920
2557,0.5269,5827.0,3719.0,5867.0,3761.0,40.0,42.0,41.0,2.144,2.251,2.197,638677.459055,3863512.452166,149.8,151.4,77.9,32.2,30.2,29.5,75.08,0.007,126.4,5,3840,1920
2558,0.5264,5202.0,3244.0,5250.0,3287.0,48.0,43.0,45.5,2.572,2.304,2.438,638644.179439,3863537.878887,103.1,118.9,39.9,29.7,28.1,14.8,94.68,0.0864,87.3,5,3840,1920
2559,0.526,3888.0,2182.0,3925.0,2220.0,37.0,38.0,37.5,1.983,2.036,2.01,638573.466955,3863594.921552,116.6,117.4,55.3,24.3,27.5,19.1,62.89,0.0044,96.5,5,3840,1920
2560,0.526,4558.0,2285.0,4596.0,2321.0,38.0,36.0,37.0,2.036,1.929,1.983,638609.399293,3863589.455745,124.7,128.2,56.7,22.8,20.4,21.2,75.14,0.0181,103.2,5,3840,1920
2561,0.5259,3907.0,2396.0,3940.0,2426.0,33.0,30.0,31.5,1.768,1.608,1.688,638574.377991,3863583.66842,124.5,132.0,46.4,21.0,22.4,16.1,93.04,0.0356,101.0,5,3840,1920
2562,0.5258,4218.0,2656.0,4243.0,2678.0,25.0,22.0,23.5,1.34,1.179,1.259,638590.830232,3863569.950315,120.5,133.8,52.6,23.4,22.9,16.8,94.56,0.066,102.3,5,3840,1920
2563,0.5257,5181.0,2950.0,5201.0,2970.0,20.0,20.0,20.0,1.072,1.072,1.072,638642.303777,3863554.249516,124.9,139.1,50.5,32.0,29.5,20.6,102.88,0.0667,104.8,5,3840,1920
2564,0.5235,4834.0,2433.0,4865.0,2460.0,31.0,27.0,29.0,1.661,1.447,1.554,638624.002667,3863581.766104,120.9,126.0,54.2,21.7,21.2,14.9,76.91,0.0265,100.4,5,3840,1920
2565,0.5233,4215.0,2850.0,4249.0,2882.0,34.0,32.0,33.0,1.822,1.715,1.768,638590.910618,3863559.286632,101.3,115.1,41.2,22.2,22.9,14.4,87.56,0.0783,85.9,5,3840,1920
2566,0.5231,5425.0,3907.0,5451.0,3934.0,26.0,27.0,26.5,1.393,1.447,1.42,638655.540596,3863502.77983,141.8,152.8,72.7,34.1,33.0,28.7,91.19,0.0496,122.4,5,3840,1920
2567,0.5225,5341.0,2675.0,5371.0,2700.0,30.0,25.0,27.5,1.608,1.34,1.474,638651.146186,3863568.851795,89.3,98.9,41.0,17.3,18.9,12.4,67.54,0.0654,76.4,5,3840,1920
2568,0.5225,5629.0,3885.0,5657.0,3909.0,28.0,24.0,26.0,1.5,1.286,1.393,638666.526621,3863504.039109,145.0,155.2,47.1,30.6,28.8,23.8,118.32,0.0405,115.8,5,3840,1920
2569,0.5224,4082.0,1984.0,4109.0,2012.0,27.0,28.0,27.5,1.447,1.5,1.474,638583.595533,3863605.79958,120.8,124.8,53.7,21.8,22.4,16.6,75.09,0.021,99.8,5,3840,1920
2570,0.5223,4314.0,2745.0,4337.0,2768.0,23.0,23.0,23.0,1.233,1.233,1.233,638595.921317,3863565.154337,120.5,123.0,56.2,27.6,31.0,18.4,69.28,0.0132,99.9,5,3840,1920
2571,0.5218,4292.0,3559.0,4321.0,3588.0,29.0,29.0,29.0,1.554,1.554,1.554,638594.9031,3863521.374292,118.0,122.5,48.7,23.8,22.0,19.6,78.36,0.0235,96.4,5,3840,1920
2572,0.5213,4265.0,3512.0,4297.0,3544.0,32.0,32.0,32.0,1.715,1.715,1.715,638593.536546,3863523.812471,114.5,120.6,47.5,24.1,25.1,15.9,79.19,0.0323,94.2,5,3840,1920
2573,0.5202,5580.0,3043.0,5624.0,3076.0,44.0,33.0,38.5,2.358,1.768,2.063,638664.329416,3863548.917674,118.5,132.9,49.4,27.8,26.0,18.6,98.0,0.0716,100.3,5,3840,1920
2574,0.52,5285.0,3792.0,5336.0,3841.0,51.0,49.0,50.0,2.733,2.626,2.679,638648.707825,3863508.35281,141.3,149.5,66.7,33.8,34.2,20.0,91.01,0.0367,119.1,5,3840,1920
2575,0.5195,4878.0,2008.0,4911.0,2038.0,33.0,30.0,31.5,1.768,1.608,1.688,638626.414234,3863604.459922,112.2,118.3,50.9,19.6,24.8,16.0,73.41,0.0335,93.8,5,3840,1920
2576,0.5194,5377.0,3664.0,5404.0,3689.0,27.0,25.0,26.0,1.447,1.34,1.393,638652.995054,3863515.854899,116.4,131.0,55.5,24.8,24.1,17.2,90.1,0.0763,101.0,5,3840,1920
2577,0.5191,5669.0,3539.0,5704.0,3569.0,35.0,30.0,32.5,1.876,1.608,1.742,638668.857802,3863522.419226,115.8,131.0,44.6,31.6,30.3,18.9,101.53,0.0751,97.1,5,3840,1920
2578,0.5189,5017.0,2353.0,5057.0,2389.0,40.0,36.0,38.0,2.144,1.929,2.036,638634.050861,3863585.811873,117.2,129.9,38.6,25.7,26.3,16.5,103.96,0.0609,95.2,5,3840,1920
2579,0.5187,5356.0,3481.0,5386.0,3505.0,30.0,24.0,27.0,1.608,1.286,1.447,638651.950042,3863525.687993,113.0,134.2,51.0,37.8,34.4,22.9,104.3,0.1078,99.4,5,3840,1920
2580,0.5183,4690.0,2237.0,4716.0,2263.0,26.0,26.0,26.0,1.393,1.393,1.393,638616.151679,3863592.295821,122.4,126.1,54.9,17.7,17.7,18.9,74.95,0.0194,101.1,5,3840,1920
2581,0.5178,4809.0,2387.0,4849.0,2416.0,40.0,29.0,34.5,2.144,1.554,1.849,638622.904065,3863584.17749,131.4,138.5,54.9,24.9,25.8,23.5,90.73,0.0331,108.3,5,3840,1920
2582,0.5177,4704.0,3928.0,4728.0,3951.0,24.0,23.0,23.5,1.286,1.233,1.259,638616.848354,3863501.76169,110.4,127.5,53.2,36.0,36.6,22.7,91.52,0.0927,97.0,5,3840,1920
2583,0.517,4040.0,2402.0,4076.0,2433.0,36.0,31.0,33.5,1.929,1.661,1.795,638581.585895,3863583.320108,87.8,101.0,34.9,21.5,22.3,13.3,79.25,0.0859,74.5,5,3840,1920
2584,0.5169,5761.0,3463.0,5801.0,3504.0,40.0,41.0,40.5,2.144,2.197,2.17,638673.922091,3863526.197063,120.8,127.9,50.8,29.9,28.6,20.7,84.19,0.036,99.8,5,3840,1920
2585,0.5167,4036.0,3507.0,4066.0,3537.0,30.0,30.0,30.0,1.608,1.608,1.608,638581.210762,3863524.133989,126.3,128.4,58.4,32.9,31.6,21.4,72.17,0.011,104.4,5,3840,1920
2586,0.5167,4160.0,3733.0,4183.0,3754.0,23.0,21.0,22.0,1.233,1.125,1.179,638587.668401,3863512.264613,130.5,138.6,58.3,32.8,33.7,20.2,88.49,0.0385,109.1,5,3840,1920
2587,0.5166,3861.0,2788.0,3891.0,2817.0,30.0,29.0,29.5,1.608,1.554,1.581,638571.832449,3863562.689365,128.7,135.8,50.3,26.2,28.3,18.1,92.56,0.0332,104.9,5,3840,1920
2588,0.5165,5335.0,3092.0,5373.0,3128.0,38.0,36.0,37.0,2.036,1.929,1.983,638651.039006,3863546.211564,117.6,133.6,59.9,34.8,33.5,23.6,89.72,0.0838,103.7,5,3840,1920
2589,0.5165,4675.0,3090.0,4694.0,3110.0,19.0,20.0,19.5,1.018,1.072,1.045,638615.160257,3863546.747427,126.1,134.2,50.8,22.1,23.4,13.4,91.54,0.0389,103.7,5,3840,1920
2590,0.5164,4218.0,3690.0,4242.0,3713.0,24.0,23.0,23.5,1.286,1.233,1.259,638590.803437,3863514.51524,133.8,139.2,64.2,29.6,28.7,22.4,80.38,0.0256,112.4,5,3840,1920
2591,0.5153,4656.0,3468.0,4688.0,3495.0,32.0,27.0,29.5,1.715,1.447,1.581,638614.490378,3863526.304236,112.5,124.1,52.6,28.9,25.7,25.1,82.98,0.0628,96.4,5,3840,1920
2592,0.5149,5379.0,3026.0,5406.0,3051.0,27.0,25.0,26.0,1.447,1.34,1.393,638653.102235,3863550.042987,103.2,122.7,45.1,33.0,29.9,20.0,97.07,0.1078,90.3,5,3840,1920
2593,0.5148,4115.0,3365.0,4144.0,3391.0,29.0,26.0,27.5,1.554,1.393,1.474,638585.417606,3863531.850423,144.1,148.7,60.4,28.5,28.7,23.4,92.98,0.0199,117.8,5,3840,1920
2594,0.5144,4699.0,2295.0,4737.0,2318.0,38.0,23.0,30.5,2.036,1.233,1.634,638616.955535,3863589.268193,155.9,154.2,68.9,23.0,22.3,25.3,83.49,-0.0072,126.4,5,3840,1920
2595,0.5141,4082.0,2869.0,4124.0,2907.0,42.0,38.0,40.0,2.251,2.036,2.144,638583.997461,3863558.107732,117.7,132.9,52.6,27.1,31.1,15.9,95.5,0.0767,101.0,5,3840,1920
2596,0.5139,4066.0,3552.0,4096.0,3580.0,30.0,28.0,29.0,1.608,1.5,1.554,638582.818473,3863521.77619,119.2,124.7,55.9,23.2,22.6,21.7,74.31,0.0292,99.9,5,3840,1920
2597,0.5126,5456.0,2691.0,5481.0,2714.0,25.0,23.0,24.0,1.34,1.233,1.286,638657.175102,3863568.048,98.2,110.0,37.8,16.9,17.2,13.5,83.94,0.0691,82.0,5,3840,1920
2598,0.511,5045.0,2864.0,5072.0,2892.0,27.0,28.0,27.5,1.447,1.5,1.474,638635.203053,3863558.643596,88.5,105.5,34.3,18.8,18.9,11.0,88.11,0.1064,76.1,5,3840,1920
2599,0.511,4326.0,2048.0,4360.0,2079.0,34.0,31.0,32.5,1.822,1.661,1.742,638596.859148,3863602.289675,116.7,118.9,48.6,18.0,18.3,16.6,72.57,0.0117,94.7,5,3840,1920
2600,0.5095,4293.0,2502.0,4334.0,2539.0,41.0,37.0,39.0,2.197,1.983,2.09,638595.278233,3863577.800715,119.9,130.2,52.1,31.8,30.8,22.6,88.38,0.0518,100.7,5,3840,1920
2601,0.5086,3992.0,3421.0,4024.0,3449.0,32.0,28.0,30.0,1.715,1.5,1.608,638578.906377,3863528.796001,122.3,132.4,56.4,28.0,29.2,19.8,86.05,0.0507,103.7,5,3840,1920
2602,0.5079,4271.0,3826.0,4308.0,3857.0,37.0,31.0,34.0,1.983,1.661,1.822,638593.992064,3863507.013151,127.5,133.8,49.6,30.5,31.5,18.3,90.41,0.0295,103.6,5,3840,1920
2603,0.5077,5267.0,3056.0,5295.0,3080.0,28.0,24.0,26.0,1.5,1.286,1.393,638647.126909,3863548.46219,110.5,127.8,48.3,31.0,30.1,19.7,96.8,0.0911,95.5,5,3840,1920
2604,0.5076,5190.0,3690.0,5238.0,3737.0,48.0,47.0,47.5,2.572,2.519,2.545,638643.536355,3863513.872204,124.4,141.0,58.7,35.2,33.8,21.8,98.75,0.0799,108.0,5,3840,1920
2605,0.5076,4503.0,2323.0,4539.0,2357.0,36.0,34.0,35.0,1.929,1.822,1.876,638606.398233,3863587.47305,89.9,102.4,31.8,23.0,23.1,15.3,83.05,0.0777,74.7,5,3840,1920
2606,0.5074,5242.0,3187.0,5289.0,3223.0,47.0,36.0,41.5,2.519,1.929,2.224,638646.296259,3863541.120861,122.4,133.3,53.1,29.8,29.0,20.3,91.16,0.0538,103.0,5,3840,1920
2607,0.5073,4385.0,3477.0,4415.0,3506.0,30.0,29.0,29.5,1.608,1.554,1.581,638599.913799,3863525.768373,83.8,91.9,39.2,16.8,20.0,14.9,60.69,0.0589,71.6,5,3840,1920
2608,0.5073,4351.0,3399.0,4382.0,3426.0,31.0,27.0,29.0,1.661,1.447,1.554,638598.118522,3863530.001694,117.6,131.2,46.9,20.2,21.5,16.9,97.9,0.0673,98.6,5,3840,1920
2609,0.507,4046.0,3820.0,4075.0,3848.0,29.0,28.0,28.5,1.554,1.5,1.527,638581.719871,3863507.415049,109.7,120.5,44.4,23.5,22.8,17.5,86.91,0.0579,91.5,5,3840,1920
2610,0.507,4863.0,2485.0,4886.0,2509.0,23.0,24.0,23.5,1.233,1.286,1.259,638625.342426,3863579.059994,97.3,104.3,46.2,10.4,16.7,9.9,65.17,0.0453,82.6,5,3840,1920
2611,0.506,5387.0,3070.0,5422.0,3104.0,35.0,34.0,34.5,1.876,1.822,1.849,638653.745319,3863547.44405,94.9,112.6,50.1,25.6,26.6,16.7,80.26,0.1128,85.9,5,3840,1920
2612,0.506,4862.0,3168.0,4902.0,3205.0,40.0,37.0,38.5,2.144,1.983,2.063,638625.744354,3863542.112208,125.4,137.1,49.1,32.2,32.5,18.7,99.59,0.0546,103.9,5,3840,1920
2613,0.506,5566.0,3314.0,5601.0,3345.0,35.0,31.0,33.0,1.876,1.661,1.768,638663.337994,3863534.449361,117.3,128.3,51.4,34.1,34.7,18.1,87.86,0.0566,99.0,5,3840,1920
2614,0.506,4782.0,2461.0,4806.0,2487.0,24.0,26.0,25.0,1.286,1.393,1.34,638621.028402,3863580.29248,111.4,121.3,50.8,16.5,18.0,15.7,80.34,0.0541,94.5,5,3840,1920
2615,0.5054,5225.0,3800.0,5263.0,3831.0,38.0,31.0,34.5,2.036,1.661,1.849,638645.144066,3863508.406396,129.5,142.8,54.3,37.5,36.2,20.1,101.72,0.0609,108.9,5,3840,1920
2616,0.5053,4340.0,3363.0,4361.0,3384.0,21.0,21.0,21.0,1.125,1.125,1.125,638597.261076,3863532.091561,114.2,126.0,47.5,26.1,27.3,16.6,90.24,0.061,95.9,5,3840,1920
2617,0.5051,4469.0,3129.0,4504.0,3163.0,35.0,34.0,34.5,1.876,1.822,1.849,638604.549365,3863544.282455,118.2,123.8,52.6,33.5,30.8,32.2,76.77,0.0294,98.2,5,3840,1920
2618,0.5048,4126.0,3201.0,4153.0,3229.0,27.0,28.0,27.5,1.447,1.5,1.474,638585.953509,3863540.584997,125.0,129.1,50.6,24.6,24.9,20.6,82.51,0.0202,101.6,5,3840,1920
2619,0.5046,4071.0,2265.0,4102.0,2292.0,31.0,27.0,29.0,1.661,1.447,1.554,638583.11322,3863590.76861,120.7,124.7,59.1,27.3,27.4,27.6,69.62,0.0216,101.5,5,3840,1920
2620,0.5045,4899.0,3211.0,4927.0,3235.0,28.0,24.0,26.0,1.5,1.286,1.393,638627.405655,3863540.156307,122.0,135.7,45.4,34.0,31.7,19.5,103.9,0.0643,101.0,5,3840,1920
2621,0.5045,5126.0,2437.0,5168.0,2472.0,42.0,35.0,38.5,2.251,1.876,2.063,638639.945801,3863581.337414,136.7,136.0,52.9,27.7,34.2,17.2,82.36,-0.0032,108.6,5,3840,1920
2622,0.5041,5110.0,3188.0,5140.0,3217.0,30.0,29.0,29.5,1.608,1.554,1.581,638638.766813,3863541.254827,115.4,125.8,57.1,33.5,35.3,22.5,79.08,0.0564,99.4,5,3840,1920
2623,0.5039,5324.0,3036.0,5352.0,3065.0,28.0,29.0,28.5,1.5,1.554,1.527,638650.18156,3863549.399951,101.9,123.9,44.7,30.3,28.9,18.4,101.22,0.1214,90.2,5,3840,1920
2624,0.5039,4043.0,2080.0,4068.0,2103.0,25.0,23.0,24.0,1.34,1.233,1.286,638581.451919,3863600.789257,119.6,126.5,56.9,23.8,25.6,15.9,76.44,0.0364,101.0,5,3840,1920
2625,0.5026,5050.0,2577.0,5091.0,2612.0,41.0,35.0,38.0,2.197,1.876,2.036,638635.846138,3863573.835325,142.3,142.5,53.2,30.1,32.8,16.3,89.37,0.0005,112.7,5,3840,1920
2626,0.5011,4615.0,3031.0,4643.0,3056.0,28.0,25.0,26.5,1.5,1.34,1.42,638612.185992,3863549.775056,91.4,106.7,35.3,18.6,19.5,10.2,86.67,0.0939,77.8,5,3840,1920
2627,0.5007,4817.0,2201.0,4854.0,2240.0,37.0,39.0,38.0,1.983,2.09,2.036,638623.252402,3863593.876618,119.2,123.2,56.8,21.2,21.7,19.2,70.47,0.0218,99.7,5,3840,1920
2628,0.5004,4404.0,2252.0,4442.0,2285.0,38.0,33.0,35.5,2.036,1.768,1.902,638601.146377,3863591.304474,98.6,113.8,32.7,19.8,20.6,15.0,96.23,0.0844,81.7,5,3840,1920
2629,0.4999,5113.0,2556.0,5158.0,2593.0,45.0,37.0,41.0,2.411,1.983,2.197,638639.329511,3863574.907052,143.6,141.3,69.0,23.8,25.4,20.9,69.94,-0.0108,118.0,5,3840,1920
2630,0.4995,5352.0,2124.0,5393.0,2159.0,41.0,35.0,38.0,2.197,1.876,2.036,638652.030427,3863598.10994,106.5,114.0,41.8,23.0,22.3,18.5,79.56,0.0415,87.4,5,3840,1920
2631,0.4994,5023.0,2040.0,5063.0,2074.0,40.0,34.0,37.0,2.144,1.822,1.983,638634.372403,3863602.637986,113.1,120.3,43.4,23.3,28.2,16.1,84.02,0.0377,92.3,5,3840,1920
2632,0.499,5421.0,2317.0,5459.0,2353.0,38.0,36.0,37.0,2.036,1.929,1.983,638655.647777,3863587.740982,102.7,109.5,42.1,18.9,24.2,13.2,74.24,0.0398,84.8,5,3840,1920
2633,0.4979,4284.0,3692.0,4323.0,3731.0,39.0,39.0,39.0,2.09,2.09,2.09,638594.742329,3863513.979376,116.7,125.0,55.0,27.6,27.2,20.7,78.36,0.0446,98.9,5,3840,1920
2634,0.4971,5622.0,2951.0,5659.0,2988.0,37.0,37.0,37.0,1.983,1.983,1.983,638666.392645,3863553.740445,119.4,129.8,52.0,31.3,27.4,19.6,88.13,0.0526,100.4,5,3840,1920
2635,0.497,4591.0,3849.0,4626.0,3881.0,35.0,32.0,33.5,1.876,1.715,1.795,638611.08739,3863505.753872,97.0,113.7,43.6,24.8,25.3,16.4,86.81,0.1002,84.8,5,3840,1920
2636,0.4968,5162.0,2359.0,5197.0,2391.0,35.0,32.0,33.5,1.876,1.715,1.795,638641.687487,3863585.597528,101.4,110.6,46.5,20.0,19.4,14.1,73.24,0.0557,86.2,5,3840,1920
2637,0.4964,4093.0,2037.0,4120.0,2061.0,27.0,24.0,25.5,1.447,1.286,1.367,638584.185027,3863603.066677,116.4,120.0,55.8,22.4,23.4,18.5,67.94,0.0203,97.4,5,3840,1920
2638,0.4963,4324.0,3912.0,4347.0,3935.0,23.0,23.0,23.0,1.233,1.233,1.233,638596.457221,3863502.619071,103.8,114.3,45.5,27.6,26.1,16.3,79.29,0.0608,87.9,5,3840,1920
2639,0.4963,4186.0,2606.0,4227.0,2643.0,41.0,37.0,39.0,2.197,1.983,2.09,638589.544064,3863572.227735,114.6,126.1,45.5,29.8,29.9,19.6,92.14,0.0592,95.4,5,3840,1920
2640,0.4953,4730.0,3870.0,4767.0,3904.0,37.0,34.0,35.5,1.983,1.822,1.902,638618.590041,3863504.574973,104.5,119.9,52.9,32.2,33.2,20.5,82.25,0.0895,92.4,5,3840,1920
2641,0.4951,4309.0,3160.0,4345.0,3195.0,36.0,35.0,35.5,1.929,1.876,1.902,638596.001703,3863542.594485,127.9,136.3,46.3,26.6,26.0,23.4,98.46,0.0387,103.5,5,3840,1920
2642,0.495,5143.0,1977.0,5177.0,2010.0,34.0,33.0,33.5,1.822,1.768,1.795,638640.642475,3863606.040719,140.3,140.8,55.7,21.3,23.8,16.0,85.65,0.0022,112.3,5,3840,1920
2643,0.4941,4289.0,3870.0,4321.0,3901.0,32.0,31.0,31.5,1.715,1.661,1.688,638594.822715,3863504.655352,137.4,140.6,60.5,23.7,27.3,17.5,83.37,0.0147,112.8,5,3840,1920
2644,0.4939,4236.0,2733.0,4268.0,2764.0,32.0,31.0,31.5,1.715,1.661,1.688,638591.982425,3863565.583028,134.9,142.7,57.9,29.2,31.4,18.1,92.63,0.0356,111.8,5,3840,1920
2645,0.4938,3964.0,3092.0,3992.0,3116.0,28.0,24.0,26.0,1.5,1.286,1.393,638577.298666,3863546.533082,117.3,132.8,35.9,26.9,25.4,16.6,112.45,0.0724,95.4,5,3840,1920
2646,0.4937,5217.0,2769.0,5242.0,2792.0,25.0,23.0,24.0,1.34,1.233,1.286,638644.367006,3863563.868265,95.1,108.4,33.7,21.3,23.0,13.6,87.94,0.0781,79.1,5,3840,1920
2647,0.4935,4998.0,3772.0,5024.0,3795.0,26.0,23.0,24.5,1.393,1.233,1.313,638632.657511,3863510.12116,86.3,100.8,43.5,20.9,20.6,14.8,71.92,0.1015,76.9,5,3840,1920
2648,0.4931,4215.0,3388.0,4225.0,3409.0,10.0,21.0,15.5,0.536,1.125,0.831,638590.267534,3863530.751903,132.8,134.3,58.1,18.7,26.0,12.7,77.71,0.0074,108.4,5,3840,1920
2649,0.493,4234.0,3914.0,4265.0,3945.0,31.0,31.0,31.0,1.661,1.661,1.661,638591.848449,3863502.297553,125.2,124.6,66.3,21.5,25.1,18.6,57.77,-0.0031,105.4,5,3840,1920
2650,0.4928,5266.0,3262.0,5315.0,3311.0,49.0,49.0,49.0,2.626,2.626,2.626,638647.636018,3863536.753574,123.2,139.1,60.0,37.4,38.3,20.4,95.08,0.0787,107.4,5,3840,1920
2651,0.4919,5350.0,3613.0,5390.0,3649.0,40.0,36.0,38.0,2.144,1.929,2.036,638651.896452,3863518.293077,97.7,115.8,45.8,31.1,30.0,16.8,88.13,0.1082,86.4,5,3840,1920
2652,0.4917,5018.0,2172.0,5042.0,2196.0,24.0,24.0,24.0,1.286,1.286,1.286,638633.675728,3863595.83252,121.8,131.0,37.8,26.2,29.8,16.2,102.55,0.0431,96.9,5,3840,1920
2653,0.4906,4418.0,2089.0,4449.0,2118.0,31.0,29.0,30.0,1.661,1.554,1.608,638601.709076,3863600.146221,112.2,120.0,40.2,23.4,27.7,14.6,87.52,0.0405,90.8,5,3840,1920
2654,0.4897,5790.0,3936.0,5816.0,3960.0,26.0,24.0,25.0,1.393,1.286,1.34,638675.101079,3863501.306206,127.8,140.1,59.6,29.3,27.9,23.0,92.76,0.0589,109.2,5,3840,1920
2655,0.4895,4189.0,3387.0,4222.0,3415.0,33.0,28.0,30.5,1.768,1.5,1.634,638589.490473,3863530.617937,122.7,128.4,55.2,24.6,27.1,15.1,78.82,0.0289,102.1,5,3840,1920
2656,0.4892,4070.0,2826.0,4111.0,2859.0,41.0,33.0,37.0,2.197,1.768,1.983,638583.327582,3863560.545911,122.4,134.6,59.8,28.3,29.4,20.2,86.85,0.0616,105.6,5,3840,1920
2657,0.4887,3840.0,2344.0,3860.0,2373.0,20.0,29.0,24.5,1.072,1.554,1.313,638570.439099,3863586.481703,148.7,155.2,61.0,21.3,25.1,15.4,100.64,0.0268,121.6,5,3840,1920
2658,0.4882,3864.0,2264.0,3898.0,2299.0,34.0,35.0,34.5,1.822,1.876,1.849,638572.1004,3863590.607851,115.1,115.1,59.5,21.9,24.8,17.3,55.54,-0.0002,96.6,5,3840,1920
2659,0.4874,3852.0,2420.0,3889.0,2455.0,37.0,35.0,36.0,1.983,1.876,1.929,638571.537702,3863582.248381,135.4,140.9,63.7,22.6,25.0,23.5,82.8,0.026,113.3,5,3840,1920
2660,0.4867,5340.0,2733.0,5365.0,2753.0,25.0,20.0,22.5,1.34,1.072,1.206,638650.95862,3863565.877753,133.5,142.9,40.0,22.0,21.7,14.1,112.23,0.0396,105.5,5,3840,1920
2661,0.4859,3937.0,2837.0,3986.0,2876.0,49.0,39.0,44.0,2.626,2.09,2.358,638576.414425,3863559.795702,122.6,129.5,47.2,26.4,27.1,16.6,89.32,0.0339,99.8,5,3840,1920
2662,0.4854,5197.0,2296.0,5240.0,2329.0,43.0,33.0,38.0,2.304,1.768,2.036,638643.777512,3863588.946675,107.8,111.9,49.6,21.8,24.5,19.5,66.41,0.0241,89.8,5,3840,1920
2663,0.4853,5515.0,2784.0,5558.0,2815.0,43.0,31.0,37.0,2.304,1.661,1.983,638660.819247,3863562.850124,128.9,141.0,47.4,26.1,23.6,18.7,105.68,0.0544,105.8,5,3840,1920
2664,0.4851,4873.0,2450.0,4898.0,2478.0,25.0,28.0,26.5,1.34,1.5,1.42,638625.93192,3863580.828343,172.2,165.5,159.4,37.2,38.7,38.6,-0.61,-0.0375,165.7,5,3840,1920
2665,0.4851,5182.0,2405.0,5221.0,2440.0,39.0,35.0,37.0,2.09,1.876,1.983,638642.866475,3863583.052177,92.8,103.0,35.7,21.9,24.2,13.7,77.51,0.0635,77.2,5,3840,1920
2666,0.4849,4628.0,2606.0,4653.0,2630.0,25.0,24.0,24.5,1.34,1.286,1.313,638612.802281,3863572.576046,105.5,117.3,44.7,18.8,22.4,11.9,84.39,0.066,89.2,5,3840,1920
2667,0.4849,4791.0,2341.0,4819.0,2368.0,28.0,27.0,27.5,1.5,1.447,1.474,638621.617896,3863586.696048,132.5,139.7,59.8,24.6,25.0,24.9,87.03,0.0337,110.7,5,3840,1920
2668,0.4843,4454.0,3905.0,4487.0,3938.0,33.0,33.0,33.0,1.768,1.768,1.768,638603.69192,3863502.726244,135.4,142.4,63.9,23.1,22.6,19.7,85.5,0.0325,113.9,5,3840,1920
2669,0.484,5185.0,3033.0,5217.0,3065.0,32.0,32.0,32.0,1.715,1.715,1.715,638642.83968,3863549.480331,124.3,135.4,45.8,31.3,31.7,17.3,100.71,0.0519,101.9,5,3840,1920
2670,0.484,4554.0,3526.0,4585.0,3555.0,31.0,29.0,30.0,1.661,1.554,1.608,638608.997366,3863523.142642,88.8,101.2,44.8,22.3,24.2,16.7,68.76,0.0857,78.3,5,3840,1920
2671,0.4839,4869.0,3151.0,4898.0,3169.0,29.0,18.0,23.5,1.554,0.965,1.259,638625.82474,3863543.532246,111.0,122.4,55.7,18.6,21.2,15.9,77.96,0.0637,96.4,5,3840,1920
2672,0.4821,4083.0,2151.0,4121.0,2186.0,38.0,35.0,36.5,2.036,1.876,1.956,638583.943871,3863596.663108,120.6,124.3,57.1,26.2,28.6,23.4,71.0,0.0201,100.7,5,3840,1920
2673,0.4821,5254.0,2877.0,5279.0,2901.0,25.0,24.0,24.5,1.34,1.286,1.313,638646.349849,3863558.054146,78.7,95.4,33.6,22.0,23.7,14.5,78.51,0.119,69.3,5,3840,1920
2674,0.4821,4946.0,2009.0,4977.0,2040.0,31.0,31.0,31.0,1.661,1.661,1.661,638630.004788,3863604.379542,108.1,121.6,41.4,23.5,23.9,15.4,93.74,0.0719,90.4,5,3840,1920
2675,0.4819,5434.0,3673.0,5459.0,3696.0,25.0,23.0,24.0,1.34,1.233,1.286,638655.996114,3863515.426208,115.7,128.2,51.1,24.6,24.4,16.6,89.67,0.065,98.3,5,3840,1920
2676,0.4804,5786.0,3132.0,5816.0,3157.0,30.0,25.0,27.5,1.608,1.34,1.474,638674.993898,3863544.362835,118.3,133.6,48.0,27.4,26.8,17.7,100.91,0.075,99.9,5,3840,1920
2677,0.4804,4315.0,2780.0,4351.0,2811.0,36.0,31.0,33.5,1.929,1.661,1.795,638596.323245,3863563.064469,126.6,133.1,58.0,27.8,28.9,17.6,81.52,0.0322,105.9,5,3840,1920
2678,0.4799,4765.0,2994.0,4795.0,3024.0,30.0,30.0,30.0,1.608,1.608,1.608,638620.278137,3863551.623785,101.3,113.5,38.0,20.1,21.3,12.3,87.74,0.0693,84.3,5,3840,1920
2679,0.4794,5157.0,3117.0,5188.0,3144.0,31.0,27.0,29.0,1.661,1.447,1.554,638641.312355,3863545.113044,119.7,130.9,58.2,25.7,24.8,18.6,83.89,0.058,102.9,5,3840,1920
2680,0.4792,4182.0,3776.0,4207.0,3797.0,25.0,21.0,23.0,1.34,1.125,1.233,638588.900979,3863509.960401,130.7,137.5,60.3,31.3,32.0,20.4,84.03,0.0327,109.5,5,3840,1920
2681,0.4791,4194.0,3645.0,4218.0,3669.0,24.0,24.0,24.0,1.286,1.286,1.286,638589.517269,3863516.899832,137.2,142.6,63.8,23.3,23.8,19.6,84.3,0.0251,114.5,5,3840,1920
2682,0.4785,4487.0,3366.0,4513.0,3392.0,26.0,26.0,26.0,1.393,1.393,1.393,638605.272835,3863531.796837,138.9,144.1,53.1,35.1,36.9,20.4,96.21,0.0226,112.0,5,3840,1920
2683,0.4783,5268.0,3404.0,5288.0,3424.0,20.0,20.0,20.0,1.072,1.072,1.072,638646.966138,3863529.921314,114.7,129.1,45.0,38.9,35.9,23.0,98.54,0.0724,96.3,5,3840,1920
2684,0.4781,5600.0,3845.0,5630.0,3870.0,30.0,25.0,27.5,1.608,1.34,1.474,638665.026091,3863506.15577,121.6,132.6,53.9,26.1,26.6,20.1,89.57,0.0547,102.7,5,3840,1920
2685,0.4775,4104.0,2389.0,4143.0,2427.0,39.0,38.0,38.5,2.09,2.036,2.063,638585.096064,3863583.829179,129.9,133.9,60.1,25.7,26.1,21.9,77.85,0.0199,108.0,5,3840,1920
2686,0.4774,4032.0,3348.0,4057.0,3372.0,25.0,24.0,24.5,1.34,1.286,1.313,638580.862425,3863532.814977,103.1,118.8,37.7,27.4,26.0,16.8,96.76,0.085,86.5,5,3840,1920
2687,0.4774,5260.0,2096.0,5303.0,2137.0,43.0,41.0,42.0,2.304,2.197,2.251,638647.153704,3863599.449598,95.0,105.7,39.9,20.8,24.4,12.9,76.53,0.0668,80.2,5,3840,1920
2688,0.4768,4570.0,3813.0,4602.0,3843.0,32.0,30.0,31.0,1.715,1.608,1.661,638609.881607,3863507.736567,100.0,109.8,45.9,22.5,25.6,15.8,73.67,0.0596,85.2,5,3840,1920
2689,0.4764,5767.0,3854.0,5793.0,3878.0,26.0,24.0,25.0,1.393,1.286,1.34,638673.868501,3863505.700286,125.3,132.7,50.8,29.1,29.7,20.3,89.22,0.0354,102.9,5,3840,1920
2690,0.4762,3950.0,3622.0,3974.0,3647.0,24.0,25.0,24.5,1.286,1.34,1.313,638576.44122,3863518.105525,96.4,109.8,45.0,16.2,17.6,13.8,78.16,0.0832,83.7,5,3840,1920
2691,0.4758,4599.0,1976.0,4634.0,2011.0,35.0,35.0,35.0,1.876,1.876,1.876,638611.516113,3863606.040719,128.4,123.4,56.0,23.2,27.7,17.3,62.43,-0.0253,102.6,5,3840,1920
2692,0.4755,4200.0,2807.0,4224.0,2830.0,24.0,23.0,23.5,1.286,1.233,1.259,638589.838811,3863561.831984,94.3,105.3,48.3,19.8,22.1,11.7,67.98,0.0726,82.6,5,3840,1920
2693,0.4755,5409.0,2273.0,5440.0,2301.0,31.0,28.0,29.5,1.661,1.5,1.581,638654.817126,3863590.313126,90.9,103.5,31.3,17.9,19.1,10.6,84.77,0.0771,75.2,5,3840,1920
2694,0.4753,4356.0,3870.0,4393.0,3902.0,37.0,32.0,34.5,1.983,1.715,1.849,638598.547245,3863504.628559,144.0,149.2,62.6,35.3,37.3,22.5,91.79,0.0225,118.6,5,3840,1920
2695,0.475,4986.0,2930.0,5030.0,2961.0,44.0,31.0,37.5,2.358,1.661,2.01,638632.49674,3863555.026518,116.6,127.0,51.9,26.1,24.7,23.9,85.45,0.0542,98.5,5,3840,1920
2696,0.4746,3877.0,2627.0,3902.0,2652.0,25.0,25.0,25.0,1.34,1.34,1.34,638572.555919,3863571.423939,109.9,116.7,41.6,29.2,29.5,16.4,81.87,0.0365,89.4,5,3840,1920
2697,0.4745,4538.0,3649.0,4579.0,3685.0,41.0,36.0,38.5,2.197,1.929,2.063,638608.407872,3863516.363969,103.1,113.9,43.1,24.8,26.3,14.9,81.52,0.062,86.7,5,3840,1920
2698,0.4745,3999.0,2265.0,4022.0,2286.0,23.0,21.0,22.0,1.233,1.125,1.179,638579.040352,3863590.929369,135.5,145.0,59.6,30.9,29.5,21.0,94.93,0.0432,113.3,5,3840,1920
2699,0.4744,5096.0,2512.0,5135.0,2549.0,39.0,37.0,38.0,2.09,1.983,2.036,638638.257704,3863577.264851,119.9,120.0,45.8,22.9,25.0,16.6,74.32,0.0006,95.2,5,3840,1920
2700,0.4744,5217.0,3609.0,5251.0,3649.0,34.0,40.0,37.0,1.822,2.144,1.983,638644.608162,3863518.40025,145.4,148.6,83.1,35.1,33.7,34.4,68.62,0.015,125.7,5,3840,1920
2701,0.4742,5684.0,2503.0,5706.0,2524.0,22.0,21.0,21.5,1.179,1.125,1.152,638669.31332,3863578.175819,119.1,128.3,47.9,22.2,18.8,20.7,89.68,0.0465,98.4,5,3840,1920
2702,0.474,4424.0,3409.0,4456.0,3437.0,32.0,28.0,30.0,1.715,1.5,1.608,638602.057414,3863529.439037,105.3,114.0,45.3,22.3,26.6,15.9,77.59,0.0505,88.2,5,3840,1920
2703,0.4739,5712.0,3491.0,5736.0,3516.0,24.0,25.0,24.5,1.286,1.34,1.313,638670.86744,3863525.125336,102.7,115.2,44.8,23.6,24.5,16.4,82.98,0.0725,87.6,5,3840,1920
2704,0.4734,4041.0,2217.0,4080.0,2254.0,39.0,37.0,38.0,2.09,1.983,2.036,638581.719871,3863593.072823,122.6,129.7,64.9,34.2,33.9,30.6,71.88,0.0378,105.7,5,3840,1920
2705,0.4734,5648.0,3808.0,5686.0,3842.0,38.0,34.0,36.0,2.036,1.822,1.929,638667.812789,3863507.897326,113.4,122.1,44.2,26.8,28.6,19.9,86.61,0.0454,93.2,5,3840,1920
2706,0.4727,4231.0,2904.0,4258.0,2929.0,27.0,25.0,26.0,1.447,1.34,1.393,638591.580498,3863556.580522,102.8,110.3,41.9,28.7,30.1,15.0,75.99,0.0439,85.0,5,3840,1920
2707,0.472,4782.0,3430.0,4808.0,3454.0,26.0,24.0,25.0,1.393,1.286,1.34,638621.081993,3863528.420897,106.3,117.5,47.4,24.9,21.4,19.4,81.23,0.0631,90.4,5,3840,1920
2708,0.4719,5305.0,3528.0,5345.0,3561.0,40.0,33.0,36.5,2.144,1.768,1.956,638649.484885,3863522.928296,108.5,126.6,38.4,28.8,28.7,18.0,106.26,0.0919,91.1,5,3840,1920
2709,0.471,4898.0,2241.0,4926.0,2266.0,28.0,25.0,26.5,1.5,1.34,1.42,638627.352065,3863592.108269,115.5,126.0,42.9,21.3,21.6,17.4,93.57,0.0529,94.8,5,3840,1920
2710,0.4703,4902.0,3731.0,4927.0,3756.0,25.0,25.0,25.0,1.34,1.34,1.34,638627.486041,3863512.264613,110.3,123.2,41.7,27.8,28.5,17.2,94.4,0.0673,91.7,5,3840,1920
2711,0.4694,5819.0,2802.0,5847.0,2828.0,28.0,26.0,27.0,1.5,1.393,1.447,638676.70879,3863562.019536,133.5,140.1,49.9,33.3,30.8,17.8,96.72,0.0292,107.8,5,3840,1920
2712,0.4693,5108.0,2259.0,5150.0,2300.0,42.0,41.0,41.5,2.251,2.197,2.224,638638.981174,3863590.715024,135.4,132.8,61.6,23.2,25.5,19.3,68.64,-0.0124,109.9,5,3840,1920
2713,0.4691,5343.0,2951.0,5378.0,2985.0,35.0,34.0,34.5,1.876,1.822,1.849,638651.387343,3863553.820825,121.5,129.6,47.8,30.4,32.3,19.6,89.81,0.0397,99.6,5,3840,1920
2714,0.469,5052.0,2295.0,5085.0,2320.0,33.0,25.0,29.0,1.768,1.34,1.554,638635.738957,3863589.214606,124.2,132.9,41.9,23.6,24.4,16.3,99.56,0.0402,99.7,5,3840,1920
2715,0.4689,4317.0,3740.0,4343.0,3767.0,26.0,27.0,26.5,1.393,1.447,1.42,638596.162474,3863511.72875,134.5,141.1,56.1,29.4,27.3,28.0,91.63,0.0302,110.6,5,3840,1920
2716,0.4688,4015.0,2140.0,4048.0,2170.0,33.0,30.0,31.5,1.768,1.608,1.688,638580.16575,3863597.386524,116.8,123.8,46.5,24.0,24.8,18.2,84.25,0.0361,95.7,5,3840,1920
2717,0.4686,5531.0,2953.0,5588.0,3003.0,57.0,50.0,53.5,3.055,2.679,2.867,638662.051825,3863553.284961,113.0,128.7,47.4,34.5,34.1,21.0,96.97,0.0809,96.4,5,3840,1920
2718,0.4684,5459.0,2208.0,5499.0,2244.0,40.0,36.0,38.0,2.144,1.929,2.036,638657.737801,3863593.581894,128.9,136.3,53.3,25.4,25.3,18.8,90.36,0.0346,106.2,5,3840,1920
2719,0.4682,4172.0,2367.0,4205.0,2399.0,33.0,32.0,32.5,1.768,1.715,1.742,638588.579437,3863585.168837,121.9,124.5,56.9,26.9,26.1,22.0,70.36,0.0142,101.1,5,3840,1920
2720,0.4681,4307.0,3464.0,4334.0,3490.0,27.0,26.0,26.5,1.447,1.393,1.42,638595.653365,3863526.545375,117.7,126.0,51.8,24.3,26.1,16.0,82.4,0.043,98.5,5,3840,1920
2721,0.4676,4010.0,3777.0,4052.0,3812.0,42.0,35.0,38.5,2.251,1.876,2.063,638580.138955,3863509.53171,122.9,137.5,49.0,29.2,28.6,16.6,103.01,0.0688,103.1,5,3840,1920
2722,0.4675,4088.0,2695.0,4129.0,2732.0,41.0,37.0,39.0,2.197,1.983,2.09,638584.292208,3863567.45855,112.7,131.0,55.2,29.3,28.6,19.5,94.01,0.0969,99.6,5,3840,1920
2723,0.4673,4487.0,2087.0,4527.0,2121.0,40.0,34.0,37.0,2.144,1.822,1.983,638605.647968,3863600.119428,133.8,138.4,44.5,23.4,25.5,18.2,98.43,0.0199,105.5,5,3840,1920
2724,0.4672,4126.0,2440.0,4151.0,2463.0,25.0,23.0,24.0,1.34,1.233,1.286,638585.899919,3863581.498173,134.2,136.0,49.0,24.4,28.0,16.1,88.74,0.0081,106.4,5,3840,1920
2725,0.4672,3960.0,2928.0,3986.0,2953.0,26.0,25.0,25.5,1.393,1.34,1.367,638577.030714,3863555.294449,100.4,114.6,43.5,21.7,24.1,14.4,85.34,0.0829,86.1,5,3840,1920
2726,0.4668,4924.0,3612.0,4956.0,3641.0,32.0,29.0,30.5,1.715,1.554,1.634,638628.852595,3863518.534216,110.5,121.5,51.7,26.9,25.9,19.9,80.92,0.0615,94.6,5,3840,1920
2727,0.4659,3949.0,2527.0,3984.0,2556.0,35.0,29.0,32.0,1.876,1.554,1.715,638576.682377,3863576.675401,114.7,118.1,56.9,22.0,26.6,15.0,64.64,0.0193,96.6,5,3840,1920
2728,0.4658,5772.0,2975.0,5794.0,2995.0,22.0,20.0,21.0,1.179,1.072,1.125,638674.029272,3863552.909857,157.7,156.3,77.8,30.1,33.1,22.3,77.0,-0.0061,130.6,5,3840,1920
2729,0.4657,4025.0,2699.0,4056.0,2726.0,31.0,27.0,29.0,1.661,1.447,1.554,638580.648063,3863567.512136,122.2,136.4,54.8,25.5,26.5,17.1,95.86,0.07,104.5,5,3840,1920
2730,0.4657,4010.0,3465.0,4042.0,3494.0,32.0,29.0,30.5,1.715,1.554,1.634,638579.871003,3863526.411409,138.7,147.1,64.6,25.8,26.9,18.0,90.78,0.0377,116.8,5,3840,1920
2731,0.4654,4345.0,2089.0,4377.0,2119.0,32.0,30.0,31.0,1.715,1.608,1.661,638597.823775,3863600.119428,99.5,106.2,39.6,22.3,22.2,14.2,73.25,0.0401,81.8,5,3840,1920
2732,0.4647,4934.0,2330.0,4969.0,2365.0,35.0,35.0,35.0,1.876,1.876,1.876,638629.468884,3863587.071153,130.4,130.4,57.1,25.5,26.4,25.3,73.36,0.0002,105.9,5,3840,1920
2733,0.4642,3840.0,2509.0,3850.0,2538.0,10.0,29.0,19.5,0.536,1.554,1.045,638570.171147,3863577.639956,137.4,147.4,64.7,20.0,21.8,19.3,92.69,0.0453,116.5,5,3840,1920
2734,0.464,4649.0,1920.0,4680.0,1930.0,31.0,10.0,20.5,1.661,0.536,1.099,638614.08845,3863609.711384,106.0,110.2,46.7,15.8,18.1,22.2,67.63,0.0245,87.6,5,3840,1920
2735,0.4639,4260.0,3958.0,4290.0,3967.0,30.0,9.0,19.5,1.608,0.482,1.045,638593.215004,3863500.529204,119.4,122.8,47.9,24.8,25.9,20.4,78.26,0.0174,96.7,5,3840,1920
2736,0.4636,5710.0,3325.0,5740.0,3355.0,30.0,30.0,30.0,1.608,1.608,1.608,638670.921031,3863533.886704,96.6,112.6,40.5,21.7,22.5,14.9,88.1,0.0949,83.2,5,3840,1920
2737,0.4635,5028.0,2211.0,5055.0,2237.0,27.0,26.0,26.5,1.447,1.393,1.42,638634.292017,3863593.689066,124.7,134.5,48.5,23.0,25.3,16.7,95.79,0.0465,102.6,5,3840,1920
2738,0.4631,3945.0,2302.0,3982.0,2339.0,37.0,37.0,37.0,1.983,1.983,1.983,638576.521605,3863588.517984,107.0,110.3,47.3,24.5,30.0,15.1,66.14,0.0189,88.2,5,3840,1920
2739,0.4631,5823.0,3855.0,5854.0,3883.0,31.0,28.0,29.5,1.661,1.5,1.581,638677.003537,3863505.539527,126.6,135.2,61.7,25.3,26.7,20.5,82.06,0.0429,107.8,5,3840,1920
2740,0.463,5295.0,2001.0,5330.0,2034.0,35.0,33.0,34.0,1.876,1.768,1.822,638648.815006,3863604.754647,114.7,119.3,49.9,24.3,29.0,14.1,73.86,0.0246,94.7,5,3840,1920
2741,0.4618,4814.0,3037.0,4865.0,3077.0,51.0,40.0,45.5,2.733,2.144,2.438,638623.466764,3863549.05164,100.8,117.5,37.3,26.2,27.7,14.5,96.77,0.0919,85.2,5,3840,1920
2742,0.4616,4747.0,3675.0,4789.0,3716.0,42.0,41.0,41.5,2.251,2.197,2.224,638619.635053,3863514.836758,131.0,138.8,60.4,29.0,29.2,22.8,86.27,0.0373,110.1,5,3840,1920
2743,0.4615,3854.0,2190.0,3874.0,2210.0,20.0,20.0,20.0,1.072,1.072,1.072,638571.189364,3863594.975139,139.2,125.2,119.5,32.3,34.0,34.9,-8.22,-0.0961,128.0,5,3840,1920
2744,0.4614,4403.0,3743.0,4426.0,3769.0,23.0,26.0,24.5,1.233,1.393,1.313,638600.690859,3863511.594784,204.2,197.1,177.5,20.1,22.6,28.2,12.62,-0.0314,192.9,5,3840,1920
2745,0.4608,4243.0,2556.0,4269.0,2582.0,26.0,26.0,26.0,1.393,1.393,1.393,638592.196787,3863575.201777,122.0,127.9,50.8,30.4,26.3,24.5,83.05,0.0299,100.2,5,3840,1920
2746,0.4608,4138.0,3411.0,4164.0,3435.0,26.0,24.0,25.0,1.393,1.286,1.34,638586.569799,3863529.439037,124.6,134.3,53.9,22.7,21.9,19.6,90.07,0.0473,104.3,5,3840,1920
2747,0.4602,3873.0,2144.0,3903.0,2171.0,30.0,27.0,28.5,1.608,1.447,1.527,638572.475533,3863597.252558,122.8,130.7,53.9,23.6,25.0,16.6,84.64,0.0396,102.5,5,3840,1920
2748,0.4601,4742.0,3018.0,4768.0,3044.0,26.0,26.0,26.0,1.393,1.393,1.393,638618.938378,3863550.444885,117.3,130.3,42.6,21.0,21.8,14.0,100.67,0.0634,96.7,5,3840,1920
2749,0.4596,4196.0,1955.0,4220.0,1980.0,24.0,25.0,24.5,1.286,1.34,1.313,638589.624449,3863607.433964,123.3,129.6,49.2,19.6,20.7,14.4,86.68,0.0307,100.7,5,3840,1920
2750,0.4591,3921.0,2753.0,3957.0,2786.0,36.0,33.0,34.5,1.929,1.768,1.849,638575.208642,3863564.457714,119.4,125.7,55.4,23.8,29.4,18.1,76.68,0.0332,100.2,5,3840,1920
2751,0.4588,5034.0,3677.0,5075.0,3715.0,41.0,38.0,39.5,2.197,2.036,2.117,638634.988692,3863514.809965,104.6,114.4,46.2,28.2,29.0,16.9,78.06,0.0568,88.4,5,3840,1920
2752,0.4585,5062.0,2132.0,5095.0,2161.0,33.0,29.0,31.0,1.768,1.554,1.661,638636.274861,3863597.842008,125.5,134.1,52.0,26.4,26.9,18.9,90.7,0.0416,103.9,5,3840,1920
2753,0.4584,3872.0,3327.0,3899.0,3351.0,27.0,24.0,25.5,1.447,1.286,1.367,638572.341557,3863533.94029,102.4,113.5,35.0,24.9,25.2,16.8,89.58,0.0613,83.7,5,3840,1920
2754,0.4581,4450.0,3449.0,4477.0,3474.0,27.0,25.0,26.0,1.447,1.34,1.393,638603.316787,3863527.375963,99.5,114.0,33.6,25.4,25.1,15.7,94.78,0.0802,82.4,5,3840,1920
2755,0.4579,3912.0,3541.0,3944.0,3569.0,32.0,28.0,30.0,1.715,1.5,1.608,638574.619148,3863522.36564,111.9,124.3,43.6,26.6,26.8,15.1,93.18,0.0646,93.2,5,3840,1920
2756,0.4575,4708.0,3224.0,4741.0,3256.0,33.0,32.0,32.5,1.768,1.715,1.742,638617.303872,3863539.245339,120.1,128.6,46.1,24.0,23.3,15.9,91.03,0.042,98.2,5,3840,1920
2757,0.4575,4688.0,3886.0,4714.0,3911.0,26.0,25.0,25.5,1.393,1.34,1.367,638616.044498,3863503.95873,90.9,107.3,38.6,25.7,27.7,16.3,85.17,0.1029,78.9,5,3840,1920
2758,0.4565,4613.0,3640.0,4663.0,3688.0,50.0,48.0,49.0,2.679,2.572,2.626,638612.668306,3863516.524728,133.7,140.9,58.0,27.3,26.6,22.1,90.07,0.0332,110.9,5,3840,1920
2759,0.4556,5745.0,3816.0,5768.0,3836.0,23.0,20.0,21.5,1.233,1.072,1.152,638672.609127,3863507.84374,153.4,155.2,69.7,22.6,24.4,16.2,87.33,0.0077,126.1,5,3840,1920
2760,0.4553,5764.0,3096.0,5792.0,3121.0,28.0,25.0,26.5,1.5,1.34,1.42,638673.76132,3863546.291943,90.8,103.8,42.8,20.4,19.4,15.8,73.92,0.0854,79.1,5,3840,1920
2761,0.4549,4100.0,2541.0,4132.0,2573.0,32.0,32.0,32.0,1.715,1.715,1.715,638584.694136,3863575.844813,119.6,121.6,60.9,27.8,29.2,21.2,62.61,0.0108,100.7,5,3840,1920
2762,0.4532,4147.0,3318.0,4180.0,3349.0,33.0,31.0,32.0,1.768,1.661,1.715,638587.239678,3863534.235015,126.0,134.8,41.5,30.3,30.5,20.7,101.97,0.0399,100.8,5,3840,1920
2763,0.453,4797.0,2613.0,4820.0,2634.0,23.0,21.0,22.0,1.233,1.125,1.179,638621.805463,3863572.281321,87.4,96.2,41.0,11.4,15.7,7.6,63.98,0.0614,74.9,5,3840,1920
2764,0.4525,4262.0,3790.0,4289.0,3813.0,27.0,23.0,25.0,1.447,1.233,1.34,638593.241799,3863509.156605,107.1,115.3,48.2,27.0,26.1,22.7,75.26,0.0469,90.2,5,3840,1920
2765,0.452,4586.0,2150.0,4620.0,2182.0,34.0,32.0,33.0,1.822,1.715,1.768,638610.792643,3863596.797074,123.5,129.3,52.5,25.9,28.6,20.5,82.58,0.029,101.8,5,3840,1920
2766,0.452,4419.0,3212.0,4449.0,3242.0,30.0,30.0,30.0,1.608,1.608,1.608,638601.735871,3863539.941961,137.4,142.1,47.1,32.4,32.5,20.5,99.81,0.0205,108.9,5,3840,1920
2767,0.4513,5373.0,2002.0,5403.0,2028.0,30.0,26.0,28.0,1.608,1.393,1.5,638652.861078,3863604.888613,117.2,125.0,46.6,21.3,21.6,14.9,86.22,0.0398,96.2,5,3840,1920
2768,0.4503,3981.0,2965.0,4014.0,2994.0,33.0,29.0,31.0,1.768,1.554,1.661,638578.343678,3863553.204582,115.6,125.0,54.6,25.9,29.3,16.3,79.7,0.0503,98.4,5,3840,1920
2769,0.4498,5658.0,3667.0,5690.0,3697.0,32.0,30.0,31.0,1.715,1.608,1.661,638668.187922,3863515.560174,119.6,131.1,55.1,26.6,28.6,17.5,87.59,0.059,101.9,5,3840,1920
2770,0.4498,5576.0,3674.0,5608.0,3701.0,32.0,27.0,29.5,1.715,1.447,1.581,638663.793512,3863515.265449,107.0,118.3,41.9,31.2,30.5,20.2,87.76,0.0616,89.1,5,3840,1920
2771,0.4495,4991.0,3420.0,5018.0,3446.0,27.0,26.0,26.5,1.447,1.393,1.42,638632.309174,3863528.903174,140.1,148.1,69.1,22.7,22.9,15.8,86.93,0.0362,119.1,5,3840,1920
2772,0.4492,4474.0,2011.0,4508.0,2041.0,34.0,30.0,32.0,1.822,1.608,1.715,638604.790522,3863604.299163,110.5,119.2,38.8,20.8,20.6,15.3,89.03,0.0455,89.5,5,3840,1920
2773,0.4479,4097.0,2347.0,4131.0,2380.0,34.0,33.0,33.5,1.822,1.768,1.795,638584.586955,3863586.213771,112.3,119.4,56.4,29.4,29.0,25.0,70.01,0.04,96.0,5,3840,1920
2774,0.4477,5601.0,3721.0,5632.0,3747.0,31.0,26.0,28.5,1.661,1.393,1.527,638665.106476,3863512.773684,111.2,119.8,45.6,30.7,28.7,22.2,82.72,0.0463,92.2,5,3840,1920
2775,0.4476,4247.0,2043.0,4280.0,2069.0,33.0,26.0,29.5,1.768,1.393,1.581,638592.598714,3863602.691572,150.5,149.4,64.9,21.8,22.1,18.9,83.32,-0.0048,121.6,5,3840,1920
2776,0.4475,5455.0,3231.0,5465.0,3268.0,10.0,37.0,23.5,0.536,1.983,1.259,638656.719584,3863538.736268,68.2,79.8,40.6,16.2,22.0,10.4,50.72,0.1075,62.8,5,3840,1920
2777,0.4474,4393.0,3628.0,4417.0,3652.0,24.0,24.0,24.0,1.286,1.286,1.286,638600.181751,3863517.8108,92.7,97.2,43.8,18.3,21.5,11.2,57.92,0.0309,77.9,5,3840,1920
2778,0.4471,4477.0,2233.0,4517.0,2272.0,40.0,39.0,39.5,2.144,2.09,2.117,638605.112064,3863592.161855,107.5,111.9,48.5,17.8,20.5,15.1,67.83,0.0258,89.3,5,3840,1920
2779,0.4471,5696.0,3281.0,5722.0,3306.0,26.0,25.0,25.5,1.393,1.34,1.367,638670.063585,3863536.378469,103.6,116.4,43.9,27.1,25.4,17.8,85.29,0.0727,88.0,5,3840,1920
2780,0.4463,4993.0,2463.0,5016.0,2485.0,23.0,22.0,22.5,1.233,1.179,1.206,638632.309174,3863580.29248,118.5,126.9,42.5,20.5,21.9,11.4,92.76,0.0414,96.0,5,3840,1920
2781,0.4461,4137.0,2480.0,4171.0,2510.0,34.0,30.0,32.0,1.822,1.608,1.715,638586.73057,3863579.167166,112.9,124.3,54.1,26.6,24.8,27.5,81.44,0.0619,97.1,5,3840,1920
2782,0.4457,4121.0,2738.0,4156.0,2771.0,35.0,33.0,34.0,1.876,1.768,1.822,638585.899919,3863565.26151,125.3,136.8,51.1,25.0,26.8,16.2,97.07,0.0543,104.4,5,3840,1920
2783,0.4457,4893.0,3015.0,4921.0,3045.0,28.0,30.0,29.0,1.5,1.608,1.554,638627.084113,3863550.498471,117.3,131.6,43.9,24.5,23.1,17.5,102.04,0.0698,97.6,5,3840,1920
2784,0.4455,5691.0,3587.0,5716.0,3612.0,25.0,25.0,25.0,1.34,1.34,1.34,638669.768838,3863519.981047,130.7,144.2,51.2,29.8,28.4,20.0,106.57,0.0604,108.7,5,3840,1920
2785,0.445,4239.0,2348.0,4263.0,2372.0,24.0,24.0,24.0,1.286,1.286,1.286,638591.928835,3863586.401323,126.8,133.5,61.3,31.7,28.7,32.4,78.94,0.0337,107.2,5,3840,1920
2786,0.4442,3960.0,2210.0,4005.0,2249.0,45.0,39.0,42.0,2.411,2.09,2.251,638577.539822,3863593.394341,119.4,128.8,56.7,28.0,29.5,19.6,81.47,0.0489,101.7,5,3840,1920
2787,0.4434,5199.0,3079.0,5225.0,3103.0,26.0,24.0,25.0,1.393,1.286,1.34,638643.429174,3863547.229704,80.5,91.4,45.4,13.4,13.9,13.3,56.92,0.0864,72.4,5,3840,1920
2788,0.4432,3946.0,3906.0,3972.0,3919.0,26.0,13.0,19.5,1.393,0.697,1.045,638576.280449,3863503.208521,78.2,94.7,27.6,22.1,21.4,9.7,83.57,0.1134,66.8,5,3840,1920
2789,0.4432,4283.0,2824.0,4311.0,2854.0,28.0,30.0,29.0,1.5,1.608,1.554,638594.393992,3863560.733463,108.1,120.4,38.9,27.6,28.5,16.2,93.72,0.0648,89.1,5,3840,1920
2790,0.4429,4775.0,2295.0,4804.0,2321.0,29.0,26.0,27.5,1.554,1.393,1.474,638620.787246,3863589.187813,119.0,124.3,48.8,22.7,21.9,20.2,80.7,0.0269,97.4,5,3840,1920
2791,0.4424,4620.0,3766.0,4655.0,3796.0,35.0,30.0,32.5,1.876,1.608,1.742,638612.64151,3863510.255125,125.6,137.6,48.8,35.4,36.0,20.4,100.72,0.0558,104.0,5,3840,1920
2792,0.4423,4552.0,2072.0,4583.0,2100.0,31.0,28.0,29.5,1.661,1.5,1.581,638608.890185,3863601.083982,117.6,127.3,51.4,28.0,25.3,24.3,85.63,0.0502,98.8,5,3840,1920
2793,0.4421,3996.0,2068.0,4026.0,2101.0,30.0,33.0,31.5,1.608,1.768,1.688,638579.067148,3863601.164362,198.0,192.4,188.2,31.1,32.1,31.2,-1.36,-0.0277,192.9,5,3840,1920
2794,0.4421,5641.0,3161.0,5681.0,3198.0,40.0,37.0,38.5,2.144,1.983,2.063,638667.491247,3863542.487313,113.8,130.1,54.1,32.2,31.9,18.3,92.35,0.0859,99.3,5,3840,1920
2795,0.442,5515.0,3365.0,5560.0,3399.0,45.0,34.0,39.5,2.411,1.822,2.117,638660.872837,3863531.636078,114.8,131.3,46.8,37.1,35.7,20.9,101.0,0.0827,97.6,5,3840,1920
2796,0.4419,3923.0,2440.0,3947.0,2465.0,24.0,25.0,24.5,1.286,1.34,1.313,638574.99428,3863581.444586,88.5,101.4,37.2,21.2,19.2,17.1,77.08,0.0846,75.7,5,3840,1920
2797,0.4419,5515.0,3194.0,5542.0,3215.0,27.0,21.0,24.0,1.447,1.125,1.286,638660.390524,3863541.147654,106.6,115.8,60.6,32.2,32.8,22.4,64.48,0.0571,94.4,5,3840,1920
2798,0.4417,5328.0,3691.0,5350.0,3712.0,22.0,21.0,21.5,1.179,1.125,1.152,638650.23515,3863514.51524,157.6,147.9,88.9,45.9,32.2,36.1,49.25,-0.0449,131.5,5,3840,1920
2799,0.4414,4036.0,2934.0,4070.0,2966.0,34.0,32.0,33.0,1.822,1.715,1.768,638581.317943,3863554.785379,103.0,108.2,49.6,19.5,18.9,19.0,63.74,0.0321,86.9,5,3840,1920
2800,0.4414,4744.0,2525.0,4774.0,2557.0,30.0,32.0,31.0,1.608,1.715,1.661,638619.15274,3863576.702195,139.2,139.7,63.2,25.7,27.7,22.1,77.02,0.0023,114.1,5,3840,1920
2801,0.4411,5062.0,2914.0,5086.0,2937.0,24.0,23.0,23.5,1.286,1.233,1.259,638636.033704,3863556.098244,117.5,133.6,37.4,24.9,23.6,15.2,112.3,0.0752,96.2,5,3840,1920
2802,0.441,5865.0,3796.0,5888.0,3825.0,23.0,29.0,26.0,1.233,1.554,1.393,638679.039971,3863508.674328,127.9,138.2,49.5,27.5,27.1,17.4,99.07,0.0477,105.2,5,3840,1920
2803,0.4409,3974.0,3388.0,4002.0,3414.0,28.0,26.0,27.0,1.5,1.393,1.447,638577.834569,3863530.617937,137.9,148.4,45.6,27.7,29.0,18.4,113.29,0.0436,110.6,5,3840,1920
2804,0.4407,4383.0,2178.0,4405.0,2199.0,22.0,21.0,21.5,1.179,1.125,1.152,638599.592257,3863595.591382,117.5,124.1,44.1,20.9,21.7,13.2,86.63,0.0334,95.3,5,3840,1920
2805,0.4406,4080.0,2655.0,4111.0,2681.0,31.0,26.0,28.5,1.661,1.393,1.527,638583.595533,3863569.896729,104.9,120.4,43.2,24.4,23.6,15.5,92.59,0.0849,89.5,5,3840,1920
2806,0.4403,4643.0,3059.0,4666.0,3082.0,23.0,23.0,23.0,1.233,1.233,1.233,638613.552547,3863548.328224,107.7,126.9,47.1,30.3,29.5,15.7,98.92,0.1023,93.9,5,3840,1920
2807,0.4393,5168.0,2782.0,5194.0,2806.0,26.0,24.0,25.0,1.393,1.286,1.34,638641.767873,3863563.144849,99.6,115.8,39.6,20.7,22.3,14.9,92.34,0.0921,85.0,5,3840,1920
2808,0.4391,5155.0,3009.0,5174.0,3029.0,19.0,20.0,19.5,1.018,1.072,1.045,638640.883632,3863551.087921,118.5,133.6,44.0,26.7,27.3,16.0,104.72,0.0727,98.7,5,3840,1920
2809,0.4387,5095.0,2363.0,5125.0,2391.0,30.0,28.0,29.0,1.608,1.5,1.554,638637.962957,3863585.490355,108.1,112.6,37.4,26.8,27.3,15.3,79.72,0.0247,86.1,5,3840,1920
2810,0.4386,5113.0,2295.0,5147.0,2306.0,34.0,11.0,22.5,1.822,0.589,1.206,638639.034764,3863589.589711,138.5,134.7,70.5,26.4,33.2,17.2,60.51,-0.0184,114.6,5,3840,1920
2811,0.4379,4216.0,3864.0,4249.0,3893.0,33.0,29.0,31.0,1.768,1.554,1.661,638590.937413,3863505.030457,135.5,143.8,60.2,29.8,28.9,21.1,91.85,0.0379,113.1,5,3840,1920
2812,0.4375,4266.0,3381.0,4296.0,3405.0,30.0,24.0,27.0,1.608,1.286,1.447,638593.536546,3863531.046628,100.6,113.1,34.8,21.8,21.9,15.2,90.87,0.0699,82.9,5,3840,1920
2813,0.4374,5162.0,2839.0,5185.0,2859.0,23.0,20.0,21.5,1.233,1.072,1.152,638641.365945,3863560.1976,116.1,135.9,43.5,23.0,22.2,14.5,112.09,0.0947,98.5,5,3840,1920
2814,0.4372,5580.0,3002.0,5608.0,3028.0,28.0,26.0,27.0,1.5,1.393,1.447,638663.900693,3863551.302267,103.6,122.4,38.2,23.3,23.0,16.4,103.05,0.1004,88.1,5,3840,1920
2815,0.4369,5593.0,3093.0,5629.0,3124.0,36.0,31.0,33.5,1.929,1.661,1.795,638664.811729,3863546.291943,116.9,129.5,57.5,25.1,24.7,17.6,84.6,0.0668,101.3,5,3840,1920
2816,0.4368,4568.0,2620.0,4593.0,2643.0,25.0,23.0,24.0,1.34,1.233,1.286,638609.58686,3863571.85263,95.2,108.6,39.3,15.4,16.5,14.8,82.8,0.0815,81.0,5,3840,1920
2817,0.4365,5327.0,2241.0,5353.0,2268.0,26.0,27.0,26.5,1.393,1.447,1.42,638650.288741,3863592.054683,100.7,104.0,39.3,17.4,20.0,12.9,68.05,0.0198,81.3,5,3840,1920
2818,0.436,5578.0,3180.0,5615.0,3216.0,37.0,36.0,36.5,1.983,1.929,1.956,638664.034669,3863541.495965,105.3,122.7,43.2,33.2,32.3,18.9,96.98,0.0944,90.4,5,3840,1920
2819,0.4357,3900.0,2052.0,3931.0,2082.0,31.0,30.0,30.5,1.661,1.608,1.634,638573.949268,3863602.102123,115.3,120.3,56.3,28.5,28.7,19.2,69.0,0.0278,97.3,5,3840,1920
2820,0.4356,3875.0,2836.0,3902.0,2865.0,27.0,29.0,28.0,1.447,1.554,1.5,638572.502328,3863560.11722,118.0,129.3,46.7,28.0,29.2,18.0,94.0,0.0565,98.0,5,3840,1920
2821,0.4354,4413.0,3367.0,4437.0,3390.0,24.0,23.0,23.5,1.286,1.233,1.259,638601.253558,3863531.82363,119.0,128.1,50.8,27.3,27.5,20.9,86.48,0.0464,99.3,5,3840,1920
2822,0.4353,4030.0,2187.0,4062.0,2218.0,32.0,31.0,31.5,1.715,1.661,1.688,638580.94281,3863594.841173,98.2,108.7,44.5,24.3,24.8,15.7,74.81,0.065,83.8,5,3840,1920
2823,0.4349,4540.0,3483.0,4566.0,3510.0,26.0,27.0,26.5,1.393,1.447,1.42,638608.113125,3863525.500441,127.8,137.3,49.6,26.3,25.1,18.3,97.1,0.0439,104.9,5,3840,1920
2824,0.4348,4622.0,3123.0,4650.0,3147.0,28.0,24.0,26.0,1.5,1.286,1.393,638612.561125,3863544.871905,119.1,134.5,46.7,28.9,28.1,17.7,103.24,0.0744,100.1,5,3840,1920
2825,0.4348,5066.0,2817.0,5095.0,2848.0,29.0,31.0,30.0,1.554,1.661,1.608,638636.382041,3863561.081775,127.5,113.8,100.9,22.5,21.2,20.1,-0.79,-0.0976,114.1,5,3840,1920
2826,0.4348,3905.0,3404.0,3951.0,3440.0,46.0,36.0,41.0,2.465,1.929,2.197,638574.619148,3863529.492624,128.0,135.3,52.3,27.8,28.5,19.2,90.25,0.0343,105.2,5,3840,1920
2827,0.4346,4965.0,3146.0,4990.0,3175.0,25.0,29.0,27.0,1.34,1.554,1.447,638630.862234,3863543.505453,112.8,123.8,48.2,27.4,27.2,21.9,86.56,0.0583,95.0,5,3840,1920
2828,0.4344,4127.0,2623.0,4162.0,2657.0,35.0,34.0,34.5,1.876,1.822,1.849,638586.221461,3863571.397146,103.4,116.3,45.2,25.4,25.8,19.7,84.12,0.0743,88.3,5,3840,1920
2829,0.4343,4374.0,3288.0,4402.0,3314.0,28.0,26.0,27.0,1.5,1.393,1.447,638599.270715,3863535.976572,115.2,124.7,43.7,28.9,26.9,18.4,90.46,0.0483,94.5,5,3840,1920
2830,0.4337,4762.0,2686.0,4789.0,2713.0,27.0,27.0,27.0,1.447,1.447,1.447,638620.036981,3863568.208759,109.0,119.4,34.9,23.5,23.5,15.8,94.89,0.0538,87.7,5,3840,1920
2831,0.4328,5361.0,2481.0,5396.0,2517.0,35.0,36.0,35.5,1.876,1.929,1.902,638652.35197,3863578.952821,116.5,119.6,41.6,25.6,24.0,19.5,81.2,0.0163,92.6,5,3840,1920
2832,0.4327,4502.0,3253.0,4525.0,3274.0,23.0,21.0,22.0,1.233,1.125,1.179,638605.996305,3863537.98606,135.7,144.0,53.4,34.7,33.8,21.3,98.99,0.0367,111.0,5,3840,1920
2833,0.4327,4146.0,3567.0,4183.0,3605.0,37.0,38.0,37.5,1.983,2.036,2.01,638587.293268,3863520.704463,116.7,122.3,55.7,29.7,30.6,23.0,72.27,0.0307,98.2,5,3840,1920
2834,0.4327,3951.0,2659.0,3979.0,2684.0,28.0,25.0,26.5,1.5,1.34,1.42,638576.601991,3863569.709176,107.8,123.5,42.9,30.7,32.5,20.1,96.33,0.0833,91.4,5,3840,1920
2835,0.4325,5323.0,3393.0,5365.0,3431.0,42.0,38.0,40.0,2.251,2.036,2.144,638650.503102,3863530.028487,112.4,130.4,47.8,35.1,33.6,19.9,100.67,0.0924,96.9,5,3840,1920
2836,0.432,4127.0,3839.0,4166.0,3870.0,39.0,31.0,35.0,2.09,1.661,1.876,638586.328642,3863506.316529,120.4,132.3,52.1,29.5,30.2,22.0,92.22,0.0598,101.6,5,3840,1920
2837,0.4318,5428.0,2459.0,5458.0,2489.0,30.0,30.0,30.0,1.608,1.608,1.608,638655.808548,3863580.29248,110.7,120.8,45.4,20.0,20.0,13.0,85.53,0.0543,92.3,5,3840,1920
2838,0.4317,4137.0,2131.0,4169.0,2161.0,32.0,30.0,31.0,1.715,1.608,1.661,638586.676979,3863597.868801,110.6,116.8,44.9,25.2,22.9,19.2,78.05,0.0338,90.8,5,3840,1920
2839,0.4311,4905.0,2420.0,4926.0,2440.0,21.0,20.0,20.5,1.125,1.072,1.099,638627.539631,3863582.650279,118.7,125.8,40.1,21.1,23.0,12.8,92.82,0.0349,94.9,5,3840,1920
2840,0.4302,5766.0,2760.0,5787.0,2779.0,21.0,19.0,20.0,1.125,1.018,1.072,638673.680934,3863564.457714,125.5,126.7,57.7,19.3,22.6,13.0,70.31,0.0065,103.3,5,3840,1920
2841,0.4299,5734.0,3945.0,5757.0,3967.0,23.0,22.0,22.5,1.233,1.179,1.206,638672.019633,3863500.877515,127.7,137.6,55.3,22.9,23.5,15.8,92.24,0.0473,106.9,5,3840,1920
2842,0.4295,4629.0,2450.0,4664.0,2484.0,35.0,34.0,34.5,1.876,1.822,1.849,638613.123824,3863580.667584,126.8,132.0,54.7,19.0,20.3,19.6,82.43,0.0254,104.5,5,3840,1920
2843,0.4295,5636.0,2872.0,5662.0,2896.0,26.0,24.0,25.0,1.393,1.286,1.34,638666.848163,3863558.322078,124.4,135.5,39.7,21.0,21.0,13.0,106.97,0.0506,99.9,5,3840,1920
2844,0.4293,5424.0,3635.0,5452.0,3660.0,28.0,25.0,26.5,1.5,1.34,1.42,638655.540596,3863517.408903,101.7,118.2,46.0,30.9,31.8,19.0,88.72,0.0947,88.6,5,3840,1920
2845,0.4292,4264.0,2424.0,4294.0,2452.0,30.0,28.0,29.0,1.608,1.5,1.554,638593.429365,3863582.221588,93.6,98.5,45.6,28.8,28.8,21.9,57.69,0.0329,79.2,5,3840,1920
2846,0.4291,4183.0,2416.0,4220.0,2449.0,37.0,33.0,35.0,1.983,1.768,1.876,638589.276112,3863582.516313,124.7,132.4,63.4,27.4,25.5,32.9,76.74,0.0398,106.8,5,3840,1920
2847,0.4289,5373.0,2716.0,5403.0,2742.0,30.0,26.0,28.0,1.608,1.393,1.5,638652.861078,3863566.627962,118.2,127.3,47.5,24.2,23.5,16.1,88.91,0.046,97.6,5,3840,1920
2848,0.4282,5457.0,1964.0,5483.0,1988.0,26.0,24.0,25.0,1.393,1.286,1.34,638657.255488,3863606.97848,113.3,122.5,47.3,18.9,19.5,16.4,84.4,0.0488,94.3,5,3840,1920
2849,0.428,3863.0,3731.0,3888.0,3755.0,25.0,24.0,24.5,1.34,1.286,1.313,638571.805653,3863512.291407,93.9,101.2,38.9,26.8,26.4,14.5,69.57,0.0468,78.0,5,3840,1920
2850,0.4279,4628.0,2063.0,4659.0,2091.0,31.0,28.0,29.5,1.661,1.5,1.581,638612.963053,3863601.566259,128.0,126.0,59.4,24.1,24.7,22.2,64.6,-0.0104,104.4,5,3840,1920
2851,0.4276,4612.0,3612.0,4637.0,3636.0,25.0,24.0,24.5,1.34,1.286,1.313,638611.944836,3863518.668182,114.1,126.5,46.7,23.0,24.4,16.3,92.26,0.0641,95.8,5,3840,1920
2852,0.4276,5194.0,2998.0,5218.0,3021.0,24.0,23.0,23.5,1.286,1.233,1.259,638643.107632,3863551.596991,133.1,148.3,50.9,34.9,30.6,19.2,112.52,0.0658,110.8,5,3840,1920
2853,0.4272,5273.0,3440.0,5297.0,3462.0,24.0,22.0,23.0,1.286,1.179,1.233,638647.341271,3863527.93862,111.9,128.4,53.9,32.3,33.4,19.6,90.96,0.0882,98.1,5,3840,1920
2854,0.4264,5693.0,3756.0,5722.0,3784.0,29.0,28.0,28.5,1.554,1.5,1.527,638669.983199,3863510.844575,132.3,137.1,62.5,28.4,30.3,22.7,79.33,0.0232,110.6,5,3840,1920
2855,0.4264,3869.0,3873.0,3890.0,3893.0,21.0,20.0,20.5,1.125,1.072,1.099,638572.020015,3863504.789318,148.5,149.2,68.7,29.7,26.2,36.7,81.1,0.0028,122.1,5,3840,1920
2856,0.4261,4801.0,2137.0,4826.0,2162.0,25.0,25.0,25.0,1.34,1.34,1.34,638622.073414,3863597.681249,136.6,133.5,63.9,23.3,23.8,17.8,66.47,-0.0151,111.3,5,3840,1920
2857,0.4258,5286.0,2917.0,5317.0,2943.0,31.0,26.0,28.5,1.661,1.393,1.527,638648.225512,3863555.857106,82.4,99.6,37.6,29.6,28.4,16.9,79.2,0.1192,73.2,5,3840,1920
2858,0.4258,4621.0,3164.0,4667.0,3200.0,46.0,36.0,41.0,2.465,1.929,2.197,638612.989848,3863542.353347,118.6,129.3,51.5,30.5,30.9,18.0,88.55,0.0544,99.8,5,3840,1920
2859,0.4254,4598.0,3273.0,4635.0,3296.0,37.0,23.0,30.0,1.983,1.233,1.608,638611.516113,3863536.860746,131.6,139.7,54.5,28.1,28.3,19.6,93.23,0.0371,108.6,5,3840,1920
2860,0.4242,5007.0,3597.0,5035.0,3622.0,28.0,25.0,26.5,1.5,1.34,1.42,638633.193415,3863519.445184,92.1,104.0,45.3,29.2,29.9,18.6,70.51,0.0784,80.5,5,3840,1920
2861,0.4241,5544.0,3438.0,5596.0,3484.0,52.0,46.0,49.0,2.787,2.465,2.626,638662.614524,3863527.402756,132.0,144.4,52.0,34.6,35.2,19.8,104.92,0.0555,109.4,5,3840,1920
2862,0.4241,5776.0,3895.0,5804.0,3923.0,28.0,28.0,28.0,1.5,1.5,1.5,638674.404404,3863503.396073,115.3,119.3,50.2,26.2,25.7,22.5,73.07,0.0217,94.9,5,3840,1920
2863,0.4241,4346.0,3548.0,4381.0,3582.0,35.0,34.0,34.5,1.876,1.822,1.849,638597.957751,3863521.829776,109.3,116.0,44.2,27.9,28.4,21.6,78.51,0.0371,89.8,5,3840,1920
2864,0.4236,4217.0,3305.0,4252.0,3337.0,35.0,32.0,33.5,1.876,1.715,1.795,638591.044594,3863534.904845,146.4,140.0,67.1,25.7,29.1,18.6,66.47,-0.0291,117.8,5,3840,1920
2865,0.4236,3840.0,3393.0,3858.0,3416.0,18.0,23.0,20.5,0.965,1.233,1.099,638570.385509,3863530.430385,123.8,130.9,39.3,26.8,28.1,16.3,98.77,0.0331,98.0,5,3840,1920
2866,0.4224,5714.0,3656.0,5752.0,3694.0,38.0,38.0,38.0,2.036,2.036,2.036,638671.349753,3863515.935278,138.2,147.6,61.5,32.6,31.6,21.1,95.65,0.0423,115.8,5,3840,1920
2867,0.4221,4537.0,3934.0,4575.0,3964.0,38.0,30.0,34.0,2.036,1.608,1.822,638608.273896,3863501.252619,124.8,133.2,56.4,32.5,34.8,19.9,85.15,0.0417,104.8,5,3840,1920
2868,0.4221,4883.0,3357.0,4922.0,3393.0,39.0,36.0,37.5,2.09,1.929,2.01,638626.842957,3863532.011182,117.2,127.2,50.9,33.1,32.8,19.2,86.44,0.0521,98.4,5,3840,1920
2869,0.4218,5153.0,3617.0,5180.0,3643.0,27.0,26.0,26.5,1.447,1.393,1.42,638640.990813,3863518.346664,127.8,142.7,56.2,39.0,33.9,25.2,101.34,0.0693,108.9,5,3840,1920
2870,0.4216,4993.0,2830.0,5015.0,2851.0,22.0,21.0,21.5,1.179,1.125,1.152,638632.282379,3863560.653084,105.9,117.2,42.1,17.6,19.6,12.6,86.28,0.0623,88.4,5,3840,1920
2871,0.4216,5294.0,3132.0,5336.0,3172.0,42.0,40.0,41.0,2.251,2.144,2.197,638648.948982,3863543.960937,132.4,144.7,67.7,25.8,25.0,21.9,89.29,0.0585,114.9,5,3840,1920
2872,0.4216,5352.0,3905.0,5378.0,3919.0,26.0,14.0,20.0,1.393,0.75,1.072,638651.6285,3863503.235314,125.3,138.2,62.6,34.2,31.5,23.2,88.44,0.0639,108.7,5,3840,1920
2873,0.4209,4485.0,2825.0,4512.0,2850.0,27.0,25.0,26.0,1.447,1.34,1.393,638605.19245,3863560.813843,139.2,142.0,62.1,22.1,23.2,15.7,82.61,0.0127,114.4,5,3840,1920
2874,0.4209,4291.0,3247.0,4318.0,3275.0,27.0,28.0,27.5,1.447,1.5,1.474,638594.795919,3863538.120025,135.1,139.8,53.2,20.9,19.8,16.2,91.12,0.0208,109.4,5,3840,1920
2875,0.4208,5275.0,2300.0,5305.0,2326.0,30.0,26.0,28.0,1.608,1.393,1.5,638647.609222,3863588.919881,120.1,133.6,39.5,24.8,24.4,16.4,107.45,0.0626,97.7,5,3840,1920
2876,0.4203,4922.0,2460.0,4948.0,2485.0,26.0,25.0,25.5,1.393,1.34,1.367,638628.584643,3863580.372859,107.4,110.9,37.7,15.1,19.0,9.5,76.56,0.019,85.3,5,3840,1920
2877,0.42,5644.0,3131.0,5667.0,3150.0,23.0,19.0,21.0,1.233,1.018,1.125,638667.1965,3863544.57718,110.8,128.5,44.5,27.0,25.2,14.2,101.71,0.091,94.6,5,3840,1920
2878,0.4197,5213.0,3907.0,5244.0,3919.0,31.0,12.0,21.5,1.661,0.643,1.152,638644.313415,3863503.181728,93.7,112.5,33.9,27.4,26.4,17.4,97.35,0.1092,80.0,5,3840,1920
2879,0.4197,4060.0,3687.0,4090.0,3716.0,30.0,29.0,29.5,1.608,1.554,1.581,638582.496931,3863514.51524,111.4,124.1,52.3,30.0,30.6,21.4,84.57,0.0694,96.0,5,3840,1920
2880,0.4196,5203.0,2446.0,5240.0,2480.0,37.0,34.0,35.5,1.983,1.822,1.902,638643.938283,3863580.88193,101.5,109.1,43.9,28.5,28.6,16.8,72.86,0.0458,84.9,5,3840,1920
2881,0.4189,5409.0,3114.0,5450.0,3150.0,41.0,36.0,38.5,2.197,1.929,2.063,638655.085078,3863545.032664,97.0,114.1,44.9,31.6,31.4,19.7,86.31,0.1031,85.4,5,3840,1920
2882,0.4188,4086.0,2094.0,4112.0,2121.0,26.0,27.0,26.5,1.393,1.447,1.42,638583.7831,3863599.931876,112.1,119.1,46.4,23.8,22.6,17.4,79.78,0.0382,92.5,5,3840,1920
2883,0.4184,5728.0,3782.0,5756.0,3809.0,28.0,27.0,27.5,1.5,1.447,1.474,638671.832067,3863509.478123,136.6,139.1,61.0,27.6,30.1,21.3,80.61,0.0115,112.2,5,3840,1920
2884,0.4183,5754.0,3570.0,5776.0,3592.0,22.0,22.0,22.0,1.179,1.179,1.179,638673.064645,3863520.972395,113.0,112.7,61.7,34.6,33.0,24.9,50.68,-0.002,95.8,5,3840,1920
2885,0.4173,4808.0,1982.0,4834.0,2009.0,26.0,27.0,26.5,1.393,1.447,1.42,638622.475342,3863605.933546,125.1,134.3,43.4,19.6,21.3,13.9,100.04,0.0425,100.9,5,3840,1920
2886,0.4172,5445.0,2170.0,5473.0,2198.0,28.0,28.0,28.0,1.5,1.5,1.5,638656.665994,3863595.83252,90.1,106.9,38.0,23.3,22.3,16.9,85.56,0.1051,78.3,5,3840,1920
2887,0.4172,5292.0,3090.0,5314.0,3110.0,22.0,20.0,21.0,1.179,1.072,1.125,638648.305897,3863546.747427,112.4,124.0,46.4,29.8,30.3,18.0,89.18,0.0609,94.3,5,3840,1920
2888,0.4172,4654.0,3018.0,4674.0,3038.0,20.0,20.0,20.0,1.072,1.072,1.072,638614.061655,3863550.605644,185.8,179.2,160.7,33.4,34.5,37.0,11.9,-0.0323,175.2,5,3840,1920
2889,0.417,4772.0,2907.0,4796.0,2929.0,24.0,22.0,23.0,1.286,1.179,1.233,638620.492499,3863556.500142,98.7,112.9,41.4,21.9,22.9,14.9,85.64,0.0833,84.4,5,3840,1920
2890,0.417,5736.0,3219.0,5790.0,3268.0,54.0,49.0,51.5,2.894,2.626,2.76,638672.957464,3863539.057786,114.8,127.5,52.3,30.1,27.4,16.6,87.83,0.0667,98.2,5,3840,1920
2891,0.4167,5225.0,2344.0,5256.0,2373.0,31.0,29.0,30.0,1.661,1.554,1.608,638644.9565,3863586.481703,89.2,91.7,42.1,19.8,21.0,14.8,52.03,0.0175,74.3,5,3840,1920
2892,0.4163,4472.0,3489.0,4509.0,3515.0,37.0,26.0,31.5,1.983,1.393,1.688,638604.763727,3863525.205716,118.6,129.4,43.5,26.3,28.7,18.5,96.56,0.0525,97.2,5,3840,1920
2893,0.4163,4996.0,2990.0,5022.0,3016.0,26.0,26.0,26.0,1.393,1.393,1.393,638632.55033,3863551.945303,122.5,139.5,49.6,25.4,26.7,14.4,106.87,0.0801,103.9,5,3840,1920
2894,0.4159,4547.0,3149.0,4585.0,3185.0,38.0,36.0,37.0,2.036,1.929,1.983,638608.809799,3863543.157142,134.0,136.7,51.1,25.7,24.2,20.1,88.28,0.0123,107.2,5,3840,1920
2895,0.4151,4075.0,3428.0,4096.0,3447.0,21.0,19.0,20.0,1.125,1.018,1.072,638583.05963,3863528.662035,123.8,131.8,51.6,24.5,24.0,16.2,88.09,0.0389,102.4,5,3840,1920
2896,0.4149,3843.0,3423.0,3881.0,3462.0,38.0,39.0,38.5,2.036,2.09,2.063,638571.082184,3863528.394104,110.6,118.3,47.9,27.0,28.0,19.7,78.06,0.0424,92.3,5,3840,1920
2897,0.4143,4591.0,2516.0,4618.0,2539.0,27.0,23.0,25.0,1.447,1.233,1.34,638610.873028,3863577.42561,106.1,109.1,44.6,23.4,26.3,16.0,67.48,0.0177,86.6,5,3840,1920
2898,0.4143,3882.0,3670.0,3907.0,3692.0,25.0,22.0,23.5,1.34,1.179,1.259,638572.82387,3863515.61376,141.2,153.8,58.2,27.6,26.1,19.6,108.17,0.0532,117.7,5,3840,1920
2899,0.4135,5388.0,3613.0,5396.0,3641.0,8.0,28.0,18.0,0.429,1.5,0.965,638653.07544,3863518.507423,89.2,106.3,44.4,29.0,32.8,16.1,79.04,0.1136,80.0,5,3840,1920
2900,0.4132,3840.0,2789.0,3850.0,2818.0,10.0,29.0,19.5,0.536,1.554,1.045,638570.171147,3863562.635779,167.5,164.1,161.0,35.0,36.9,36.4,-0.27,-0.0199,164.2,5,3840,1920
2901,0.4129,3893.0,3818.0,3930.0,3850.0,37.0,32.0,34.5,1.983,1.715,1.849,638573.734907,3863507.415049,116.4,118.1,49.2,29.0,28.1,20.8,70.51,0.0089,94.6,5,3840,1920
2902,0.4126,4250.0,2774.0,4284.0,2808.0,34.0,34.0,34.0,1.822,1.822,1.822,638592.786281,3863563.305608,89.8,99.9,45.6,25.0,26.7,16.9,64.34,0.0699,78.4,5,3840,1920
2903,0.4119,4940.0,2179.0,4982.0,2213.0,42.0,34.0,38.0,2.251,1.822,2.036,638629.977993,3863595.189484,101.7,118.1,39.4,23.7,24.0,25.1,95.15,0.0911,86.4,5,3840,1920
2904,0.4119,3886.0,2877.0,3915.0,2905.0,29.0,28.0,28.5,1.554,1.5,1.527,638573.145413,3863557.946973,118.1,120.5,52.0,19.8,24.1,14.5,70.98,0.0132,96.9,5,3840,1920
2905,0.4116,5448.0,3712.0,5485.0,3745.0,37.0,33.0,35.0,1.983,1.768,1.876,638657.067922,3863513.068409,115.6,129.1,48.0,36.0,36.7,19.5,94.64,0.0689,97.6,5,3840,1920
2906,0.4114,3971.0,3534.0,3998.0,3545.0,27.0,11.0,19.0,1.447,0.589,1.018,638577.647003,3863523.196228,74.6,83.6,33.1,13.8,15.2,9.4,59.57,0.0722,63.8,5,3840,1920
2907,0.4105,4022.0,3609.0,4046.0,3632.0,24.0,23.0,23.5,1.286,1.233,1.259,638580.299726,3863518.855734,102.5,113.0,51.5,25.5,25.1,20.4,72.0,0.0642,89.0,5,3840,1920
2908,0.4103,5412.0,2087.0,5436.0,2112.0,24.0,25.0,24.5,1.286,1.34,1.313,638654.790331,3863600.360566,127.1,131.1,55.5,27.6,24.0,25.3,79.6,0.0196,104.5,5,3840,1920
2909,0.4101,5801.0,3682.0,5838.0,3717.0,37.0,35.0,36.0,1.983,1.876,1.929,638675.98532,3863514.622413,118.6,127.9,53.6,26.4,26.3,16.8,83.56,0.0483,100.0,5,3840,1920
2910,0.4101,4863.0,2150.0,4893.0,2181.0,30.0,31.0,30.5,1.608,1.661,1.634,638625.529993,3863596.823868,116.6,126.6,50.7,16.9,20.7,15.1,85.83,0.0519,98.0,5,3840,1920
2911,0.4099,4819.0,3515.0,4846.0,3538.0,27.0,23.0,25.0,1.447,1.233,1.34,638623.091631,3863523.89285,116.6,122.9,46.1,25.1,24.8,14.6,83.12,0.0328,95.2,5,3840,1920
2912,0.4095,5741.0,2712.0,5770.0,2739.0,29.0,27.0,28.0,1.554,1.447,1.5,638672.555537,3863566.815514,103.0,114.4,41.2,20.4,21.2,14.1,84.57,0.0645,86.2,5,3840,1920
2913,0.4094,4292.0,2467.0,4317.0,2493.0,25.0,26.0,25.5,1.34,1.393,1.367,638594.795919,3863579.970962,117.2,129.8,57.8,31.6,28.4,30.8,84.47,0.0663,101.6,5,3840,1920
2914,0.4093,4342.0,2827.0,4368.0,2851.0,26.0,24.0,25.0,1.393,1.286,1.34,638597.502233,3863560.733463,107.1,116.6,47.1,25.6,24.3,19.7,79.08,0.054,90.3,5,3840,1920
2915,0.4088,5686.0,3437.0,5725.0,3474.0,39.0,37.0,38.0,2.09,1.983,2.036,638669.876018,3863527.697481,85.8,101.3,42.3,25.0,27.2,15.2,74.49,0.1069,76.5,5,3840,1920
2916,0.4087,4763.0,2410.0,4788.0,2420.0,25.0,10.0,17.5,1.34,0.536,0.938,638620.036981,3863583.454074,115.3,111.5,69.1,22.0,24.7,23.4,38.58,-0.0242,98.7,5,3840,1920
2917,0.4083,5857.0,3045.0,5887.0,3057.0,30.0,12.0,21.0,1.608,0.643,1.125,638678.798814,3863549.373158,147.2,149.5,68.0,20.2,21.5,22.1,83.8,0.01,121.6,5,3840,1920
2918,0.4082,5563.0,3141.0,5593.0,3163.0,30.0,22.0,26.0,1.608,1.179,1.393,638663.043247,3863543.960937,109.0,123.6,47.3,31.6,29.8,20.9,90.82,0.0787,93.3,5,3840,1920
2919,0.4079,4997.0,1948.0,5022.0,1975.0,25.0,27.0,26.0,1.34,1.447,1.393,638632.577126,3863607.755482,109.8,114.7,57.8,18.7,23.7,14.2,61.84,0.0294,94.1,5,3840,1920
2920,0.4076,4728.0,1942.0,4768.0,1977.0,40.0,35.0,37.5,2.144,1.876,2.01,638618.563246,3863607.862655,106.5,117.5,42.5,20.0,24.1,13.1,85.93,0.0605,88.8,5,3840,1920
2921,0.4073,4804.0,3160.0,4835.0,3170.0,31.0,10.0,20.5,1.661,0.536,1.099,638622.394957,3863543.264315,84.2,94.6,44.5,16.7,16.4,11.5,60.39,0.0769,74.4,5,3840,1920
2922,0.4071,5114.0,2107.0,5158.0,2149.0,44.0,42.0,43.0,2.358,2.251,2.304,638639.356307,3863598.833356,129.6,137.8,53.8,26.1,27.9,21.9,92.13,0.0382,107.1,5,3840,1920
2923,0.4071,4158.0,2522.0,4187.0,2551.0,29.0,29.0,29.0,1.554,1.554,1.554,638587.721991,3863576.943333,80.5,96.2,37.5,18.4,18.5,14.0,74.41,0.1126,71.4,5,3840,1920
2924,0.4069,3886.0,2352.0,3926.0,2388.0,40.0,36.0,38.0,2.144,1.929,2.036,638573.44016,3863585.86546,133.2,138.5,56.8,27.7,34.0,18.3,86.96,0.0247,109.5,5,3840,1920
2925,0.4058,5477.0,2753.0,5513.0,2791.0,36.0,38.0,37.0,1.929,2.036,1.983,638658.595247,3863564.323749,80.5,96.6,32.1,26.7,26.2,12.4,80.61,0.1113,69.7,5,3840,1920
2926,0.4058,3907.0,2714.0,3934.0,2739.0,27.0,25.0,26.0,1.447,1.34,1.393,638574.21722,3863566.761927,120.0,122.6,58.2,28.1,29.8,19.0,66.89,0.0138,100.3,5,3840,1920
2927,0.4057,4674.0,3515.0,4704.0,3543.0,30.0,28.0,29.0,1.608,1.5,1.554,638615.401414,3863523.758885,120.5,126.6,54.0,24.8,24.0,22.1,78.66,0.0314,100.4,5,3840,1920
2928,0.4049,4335.0,2247.0,4362.0,2275.0,27.0,28.0,27.5,1.447,1.5,1.474,638597.153895,3863591.706371,117.8,123.6,46.5,16.3,19.0,11.7,82.81,0.0297,96.0,5,3840,1920
2929,0.4048,4443.0,2339.0,4476.0,2369.0,33.0,30.0,31.5,1.768,1.608,1.688,638603.102426,3863586.722841,108.4,112.3,48.0,17.6,21.1,13.0,68.13,0.0222,89.5,5,3840,1920
2930,0.4044,4496.0,2462.0,4539.0,2502.0,43.0,40.0,41.5,2.304,2.144,2.224,638606.210667,3863579.863789,126.2,132.6,54.9,22.5,25.3,16.5,84.03,0.0313,104.6,5,3840,1920
2931,0.4031,3840.0,3788.0,3851.0,3816.0,11.0,28.0,19.5,0.589,1.5,1.045,638570.197943,3863509.129812,127.0,126.9,54.3,21.1,24.6,18.0,72.63,-0.0,102.7,5,3840,1920
2932,0.4029,4551.0,2569.0,4577.0,2597.0,26.0,28.0,27.0,1.393,1.5,1.447,638608.702619,3863574.451568,123.1,132.6,49.4,23.4,23.9,16.3,92.73,0.0462,101.7,5,3840,1920
2933,0.4029,3916.0,3706.0,3943.0,3730.0,27.0,24.0,25.5,1.447,1.286,1.367,638574.699533,3863513.631065,101.4,120.5,41.8,24.9,24.3,15.2,97.98,0.1066,87.9,5,3840,1920
2934,0.4028,3934.0,3584.0,3961.0,3607.0,27.0,23.0,25.0,1.447,1.233,1.34,638575.66416,3863520.195393,121.6,134.9,45.0,25.0,24.9,16.3,103.14,0.0629,100.5,5,3840,1920
2935,0.4026,3840.0,2641.0,3851.0,2667.0,11.0,26.0,18.5,0.589,1.393,0.991,638570.197943,3863570.646937,123.0,125.4,63.4,23.4,25.8,20.5,64.43,0.0132,103.9,5,3840,1920
2936,0.4017,4411.0,2327.0,4438.0,2353.0,27.0,26.0,26.5,1.447,1.393,1.42,638601.226763,3863587.47305,111.3,121.2,41.7,26.1,25.6,14.6,89.41,0.052,91.4,5,3840,1920
2937,0.4008,4384.0,3912.0,4402.0,3931.0,18.0,19.0,18.5,0.965,1.018,0.991,638599.538667,3863502.726244,113.6,127.3,52.3,30.3,27.7,31.6,88.71,0.0724,97.7,5,3840,1920
2938,0.4003,5290.0,2419.0,5319.0,2449.0,29.0,30.0,29.5,1.554,1.608,1.581,638648.386283,3863582.435934,105.2,97.9,97.9,23.6,24.7,25.3,-7.21,-0.0689,100.3,5,3840,1920
2939,0.4002,4935.0,2136.0,4962.0,2160.0,27.0,24.0,25.5,1.447,1.286,1.367,638629.308113,3863597.761629,114.5,122.8,45.0,24.7,28.7,16.3,85.98,0.0428,94.1,5,3840,1920
2940,0.4002,5654.0,3918.0,5680.0,3941.0,26.0,23.0,24.5,1.393,1.233,1.313,638667.812789,3863502.297553,129.1,131.5,51.2,33.2,29.6,19.7,82.54,0.011,103.9,5,3840,1920
2941,0.4002,4131.0,2091.0,4155.0,2115.0,24.0,24.0,24.0,1.286,1.286,1.286,638586.141076,3863600.173014,121.5,130.1,59.4,27.6,26.9,21.7,79.19,0.0444,103.7,5,3840,1920
2942,0.6442,1710.0,4298.0,1736.0,4322.0,26.0,24.0,25.0,1.393,1.286,1.34,638456.452396,3863481.907948,122.7,133.6,47.9,25.7,25.2,17.7,96.61,0.0522,101.4,6,0,3840
2943,0.6204,1922.0,4134.0,1951.0,4166.0,29.0,32.0,30.5,1.554,1.715,1.634,638467.893939,3863490.481764,125.9,132.7,52.0,24.6,26.9,17.9,87.41,0.0326,103.5,6,0,3840
2944,0.6131,1851.0,5032.0,1884.0,5062.0,33.0,30.0,31.5,1.768,1.608,1.688,638464.196204,3863442.414811,128.1,136.1,45.0,30.2,31.8,18.2,99.19,0.0367,103.1,6,0,3840
2945,0.6095,1458.0,4557.0,1487.0,4585.0,29.0,28.0,28.5,1.554,1.5,1.527,638443.02801,3863467.921912,123.4,127.5,53.2,29.9,27.9,21.5,78.33,0.0205,101.4,6,0,3840
2946,0.5873,1843.0,5643.0,1867.0,5665.0,24.0,22.0,23.0,1.286,1.179,1.233,638463.526324,3863409.887899,156.4,163.0,46.9,34.3,32.3,19.6,122.65,0.0242,122.1,6,0,3840
2947,0.585,1350.0,4297.0,1379.0,4322.0,29.0,25.0,27.0,1.554,1.34,1.447,638437.240251,3863481.934741,128.8,135.6,49.8,30.1,30.7,24.8,92.62,0.0317,104.7,6,0,3840
2948,0.5843,1507.0,4670.0,1543.0,4705.0,36.0,35.0,35.5,1.929,1.876,1.902,638445.841504,3863461.679103,113.8,123.1,47.7,33.5,32.0,23.2,84.78,0.0491,94.9,6,0,3840
2949,0.5726,1903.0,5004.0,1942.0,5038.0,39.0,34.0,36.5,2.09,1.822,1.956,638467.143674,3863443.808056,138.1,147.7,52.6,34.8,34.8,18.2,104.67,0.0412,112.8,6,0,3840
2950,0.5719,1933.0,5175.0,1974.0,5210.0,41.0,35.0,38.0,2.197,1.876,2.036,638468.804975,3863434.617998,113.9,124.6,42.3,33.1,33.2,19.3,92.98,0.0543,93.6,6,0,3840
2951,0.57,1888.0,4266.0,1937.0,4311.0,49.0,45.0,47.0,2.626,2.411,2.519,638466.60777,3863483.060055,111.2,122.1,34.7,34.1,33.3,21.8,98.21,0.0549,89.3,6,0,3840
2952,0.5687,1918.0,5585.0,1946.0,5610.0,28.0,25.0,26.5,1.5,1.34,1.42,638467.652782,3863412.915528,117.2,128.2,37.3,26.5,26.9,17.2,101.95,0.053,94.2,6,0,3840
2953,0.5675,2000.0,4505.0,2042.0,4544.0,42.0,39.0,40.5,2.251,2.09,2.17,638472.422324,3863470.413677,135.3,142.4,63.9,37.0,39.6,21.7,85.65,0.0333,113.9,6,0,3840
2954,0.5666,1417.0,3864.0,1448.0,3894.0,31.0,30.0,30.5,1.661,1.608,1.634,638440.884396,3863505.003663,154.1,156.6,56.8,29.4,28.8,20.9,102.33,0.0099,122.5,6,0,3840
2955,0.566,1542.0,5131.0,1568.0,5156.0,26.0,25.0,25.5,1.393,1.34,1.367,638447.449215,3863437.243729,146.5,150.1,47.1,34.7,34.0,19.7,106.5,0.0142,114.6,6,0,3840
2956,0.564,1860.0,5526.0,1894.0,5559.0,34.0,33.0,33.5,1.822,1.768,1.795,638464.705312,3863415.862777,110.7,119.6,41.6,32.4,34.4,19.1,86.85,0.047,90.6,6,0,3840
2957,0.5637,1987.0,5357.0,2010.0,5380.0,23.0,23.0,23.0,1.233,1.233,1.233,638471.216541,3863425.186801,154.1,153.7,67.2,31.1,30.7,24.1,86.1,-0.0017,125.0,6,0,3840
2958,0.5616,1777.0,5510.0,1804.0,5534.0,27.0,24.0,25.5,1.447,1.286,1.367,638460.069746,3863416.961297,140.7,149.4,41.9,26.3,27.2,15.2,116.12,0.0349,110.6,6,0,3840
2959,0.5572,1817.0,4835.0,1849.0,4867.0,32.0,32.0,32.0,1.715,1.715,1.715,638462.347336,3863452.917735,136.2,144.0,54.2,25.3,23.7,19.6,97.54,0.0344,111.5,6,0,3840
2960,0.5559,1629.0,3939.0,1668.0,3975.0,39.0,36.0,37.5,2.09,1.929,2.01,638452.459914,3863500.823928,133.6,138.4,54.2,32.3,33.8,21.3,89.02,0.0222,108.7,6,0,3840
2961,0.5552,1948.0,4239.0,1992.0,4278.0,44.0,39.0,41.5,2.358,2.09,2.224,638469.689216,3863484.667645,119.6,131.8,44.1,34.5,34.4,22.1,99.8,0.0586,98.5,6,0,3840
2962,0.5524,1841.0,5602.0,1872.0,5628.0,31.0,26.0,28.5,1.661,1.393,1.527,638463.60671,3863411.977767,138.9,144.2,51.8,29.1,29.2,22.8,97.74,0.0231,111.6,6,0,3840
2963,0.5517,1569.0,4485.0,1600.0,4512.0,31.0,27.0,29.0,1.661,1.447,1.554,638449.030131,3863471.806922,134.8,136.4,51.9,31.9,28.4,22.8,86.07,0.0071,107.7,6,0,3840
2964,0.5505,1741.0,5009.0,1765.0,5030.0,24.0,21.0,22.5,1.286,1.125,1.206,638458.060107,3863443.888436,129.8,137.6,53.4,29.4,28.9,21.0,91.87,0.0362,106.9,6,0,3840
2965,0.5417,1883.0,5081.0,1922.0,5116.0,39.0,35.0,37.0,2.09,1.876,1.983,638466.071866,3863439.655114,126.7,129.1,52.8,26.9,29.0,19.4,78.65,0.0117,102.9,6,0,3840
2966,0.541,1782.0,4889.0,1826.0,4930.0,44.0,41.0,42.5,2.358,2.197,2.278,638460.793216,3863449.782934,140.5,144.7,64.1,25.2,26.2,18.1,84.78,0.0189,116.5,6,0,3840
2967,0.5398,1460.0,4601.0,1491.0,4627.0,31.0,26.0,28.5,1.661,1.393,1.527,638443.188781,3863465.617699,114.2,121.1,36.5,30.9,29.8,17.7,91.4,0.0344,90.6,6,0,3840
2968,0.5361,1953.0,5220.0,1997.0,5259.0,44.0,39.0,41.5,2.358,2.09,2.224,638469.957168,3863432.09944,123.6,128.4,48.0,24.2,23.7,16.2,85.19,0.0235,100.0,6,0,3840
2969,0.5349,1563.0,4679.0,1599.0,4713.0,36.0,34.0,35.0,1.929,1.822,1.876,638448.842565,3863461.223619,133.0,134.4,54.1,31.9,33.1,21.0,81.74,0.0065,107.2,6,0,3840
2970,0.532,1739.0,4703.0,1772.0,4731.0,33.0,28.0,30.5,1.768,1.5,1.634,638458.194083,3863460.098305,127.2,131.4,48.1,30.5,35.0,16.6,87.59,0.0203,102.2,6,0,3840
2971,0.532,1195.0,4103.0,1228.0,4137.0,33.0,34.0,33.5,1.768,1.822,1.795,638429.040925,3863492.089354,123.3,127.2,50.9,25.4,27.8,17.8,80.31,0.0198,100.5,6,0,3840
2972,0.532,1066.0,3868.0,1094.0,3891.0,28.0,23.0,25.5,1.5,1.233,1.367,638421.993792,3863504.97687,141.6,146.6,54.8,31.2,31.1,20.5,96.74,0.0212,114.3,6,0,3840
2973,0.5292,1504.0,4798.0,1534.0,4826.0,30.0,28.0,29.0,1.608,1.5,1.554,638445.519962,3863455.007603,115.1,127.8,34.8,28.5,27.8,16.2,105.61,0.0608,92.6,6,0,3840
2974,0.5271,1772.0,4335.0,1814.0,4373.0,42.0,38.0,40.0,2.251,2.036,2.144,638460.203722,3863479.550149,126.9,135.8,51.2,31.6,32.3,21.7,93.53,0.0422,104.6,6,0,3840
2975,0.5261,1805.0,4232.0,1854.0,4268.0,49.0,36.0,42.5,2.626,1.929,2.278,638462.15977,3863485.123129,116.3,125.9,35.6,29.2,31.2,16.5,99.87,0.0465,92.6,6,0,3840
2976,0.5251,1853.0,5167.0,1885.0,5202.0,32.0,35.0,33.5,1.715,1.876,1.795,638464.276589,3863435.046689,140.1,139.7,51.3,33.3,31.0,26.3,88.0,-0.0017,110.3,6,0,3840
2977,0.5239,1453.0,4245.0,1480.0,4271.0,27.0,26.0,26.5,1.447,1.393,1.42,638442.706468,3863484.694438,133.7,139.4,47.5,30.4,31.0,22.9,97.54,0.0252,106.9,6,0,3840
2978,0.5209,1909.0,5492.0,1932.0,5513.0,23.0,21.0,22.0,1.233,1.125,1.179,638467.036493,3863418.006231,142.0,151.6,59.7,34.5,33.0,24.4,101.5,0.0412,117.8,6,0,3840
2979,0.5191,1170.0,3885.0,1191.0,3905.0,21.0,20.0,20.5,1.125,1.072,1.099,638427.379624,3863504.146282,133.8,145.5,51.2,35.6,33.3,22.2,106.08,0.0513,110.2,6,0,3840
2980,0.5176,1179.0,3923.0,1201.0,3943.0,22.0,20.0,21.0,1.179,1.072,1.125,638427.888732,3863502.110001,141.3,146.1,44.8,34.5,33.9,20.8,106.06,0.0198,110.7,6,0,3840
2981,0.5171,1759.0,4740.0,1801.0,4775.0,42.0,35.0,38.5,2.251,1.876,2.063,638459.507047,3863457.928058,135.0,138.6,60.8,29.8,30.6,20.3,81.31,0.0167,111.5,6,0,3840
2982,0.517,1079.0,3910.0,1103.0,3932.0,24.0,22.0,23.0,1.286,1.179,1.233,638422.583286,3863502.753037,122.4,133.3,45.7,29.7,29.1,17.6,98.44,0.0518,100.5,6,0,3840
2983,0.5167,1621.0,4451.0,1646.0,4475.0,25.0,24.0,24.5,1.34,1.286,1.313,638451.656059,3863473.709237,125.7,136.0,50.6,22.6,23.1,18.7,95.7,0.0486,104.1,6,0,3840
2984,0.5152,1987.0,4317.0,2033.0,4357.0,46.0,40.0,43.0,2.465,2.144,2.304,638471.83283,3863480.461117,130.3,140.5,58.9,33.1,33.2,21.7,91.78,0.0482,109.9,6,0,3840
2985,0.5117,1888.0,5454.0,1916.0,5480.0,28.0,26.0,27.0,1.5,1.393,1.447,638466.045071,3863419.908546,124.5,130.4,47.5,31.0,29.3,23.0,88.85,0.0286,100.8,6,0,3840
2986,0.5108,1962.0,5090.0,1992.0,5116.0,30.0,26.0,28.0,1.608,1.393,1.5,638470.064348,3863439.413976,142.2,144.8,52.9,29.5,27.9,19.0,94.54,0.0111,113.3,6,0,3840
2987,0.5085,1995.0,5034.0,2020.0,5057.0,25.0,23.0,24.0,1.34,1.233,1.286,638471.698855,3863442.495191,123.9,133.1,40.7,30.3,34.2,16.6,101.69,0.0426,99.2,6,0,3840
2988,0.5076,1126.0,3870.0,1150.0,3891.0,24.0,21.0,22.5,1.286,1.125,1.206,638425.102034,3863504.923284,125.3,133.1,44.5,30.7,31.9,18.7,96.49,0.0366,100.9,6,0,3840
2989,0.5068,1773.0,5593.0,1795.0,5613.0,22.0,20.0,21.0,1.179,1.072,1.125,638459.721408,3863412.620803,146.7,150.9,55.2,30.0,31.1,22.1,100.05,0.0177,117.6,6,0,3840
2990,0.5059,1249.0,4434.0,1271.0,4454.0,22.0,20.0,21.0,1.179,1.072,1.125,638431.640058,3863474.727378,108.8,118.8,40.1,34.7,33.3,17.9,88.69,0.0533,89.3,6,0,3840
2991,0.5051,1133.0,3939.0,1155.0,3958.0,22.0,19.0,20.5,1.179,1.018,1.099,638425.423576,3863501.279412,145.5,154.5,39.7,26.4,25.6,16.4,123.73,0.0345,113.2,6,0,3840
2992,0.5045,1361.0,4656.0,1388.0,4679.0,27.0,23.0,25.0,1.447,1.233,1.34,638437.776155,3863462.75083,108.3,118.2,42.5,23.9,26.8,16.1,85.72,0.0542,89.6,6,0,3840
2993,0.5036,1882.0,5565.0,1903.0,5586.0,21.0,21.0,21.0,1.125,1.125,1.125,638465.535963,3863414.094427,129.2,139.9,51.8,32.7,34.0,20.7,98.76,0.0492,107.0,6,0,3840
2994,0.5025,1994.0,5525.0,2021.0,5549.0,27.0,24.0,25.5,1.447,1.286,1.367,638471.698855,3863416.157502,152.9,156.0,63.9,36.5,37.2,23.4,95.31,0.013,124.3,6,0,3840
2995,0.5005,1824.0,4468.0,1864.0,4504.0,40.0,36.0,38.0,2.144,1.929,2.036,638462.93683,3863472.476751,120.7,131.2,42.2,26.9,28.3,17.3,99.64,0.0504,98.0,6,0,3840
2996,0.4977,1879.0,4208.0,1900.0,4229.0,21.0,21.0,21.0,1.125,1.125,1.125,638465.375192,3863486.811099,101.2,116.6,36.4,23.2,22.6,14.7,95.65,0.085,84.7,6,0,3840
2997,0.4968,1776.0,4832.0,1796.0,4853.0,20.0,21.0,20.5,1.072,1.125,1.099,638459.828589,3863453.373219,185.8,179.1,167.7,32.8,33.5,32.2,4.78,-0.0337,177.6,6,0,3840
2998,0.4967,1944.0,3862.0,1966.0,3883.0,22.0,21.0,21.5,1.179,1.125,1.152,638468.88536,3863505.351975,129.3,136.4,45.7,21.5,21.4,13.7,97.8,0.0324,103.8,6,0,3840
2999,0.4952,1988.0,3841.0,2012.0,3866.0,24.0,25.0,24.5,1.286,1.34,1.313,638471.296927,3863506.370115,142.3,145.1,53.8,25.9,26.2,16.2,94.13,0.0121,113.8,6,0,3840
3000,0.495,1816.0,4948.0,1842.0,4972.0,26.0,24.0,25.0,1.393,1.286,1.34,638462.132975,3863447.076823,135.0,144.0,48.5,27.4,26.9,18.7,104.53,0.0392,109.2,6,0,3840
3001,0.4944,1252.0,4145.0,1275.0,4167.0,23.0,22.0,22.5,1.233,1.179,1.206,638431.827624,3863490.160246,126.9,135.4,41.2,26.1,25.4,17.0,102.66,0.0384,101.2,6,0,3840
3002,0.494,1802.0,5066.0,1826.0,5088.0,24.0,22.0,23.0,1.286,1.179,1.233,638461.329119,3863440.807221,153.5,157.3,54.7,28.5,27.8,20.4,106.46,0.0149,121.8,6,0,3840
3003,0.4931,1878.0,5707.0,1899.0,5727.0,21.0,20.0,20.5,1.125,1.072,1.099,638465.321601,3863406.511959,161.5,166.6,75.3,31.7,28.9,30.1,96.34,0.0199,134.4,6,0,3840
3004,0.4911,1632.0,5274.0,1656.0,5297.0,24.0,23.0,23.5,1.286,1.233,1.259,638452.218757,3863429.634468,122.5,131.1,48.2,33.4,27.0,29.3,91.57,0.042,100.6,6,0,3840
3005,0.4865,1913.0,4192.0,1940.0,4218.0,27.0,26.0,26.5,1.447,1.393,1.42,638467.358035,3863487.534515,88.6,102.6,30.9,25.2,25.8,14.0,85.62,0.0868,74.0,6,0,3840
3006,0.4861,1525.0,5089.0,1556.0,5116.0,31.0,27.0,29.0,1.661,1.447,1.554,638446.672155,3863439.440769,120.1,127.5,38.8,31.2,32.3,21.5,96.18,0.0355,95.5,6,0,3840
3007,0.485,1578.0,4955.0,1606.0,4980.0,28.0,25.0,26.5,1.5,1.34,1.42,638449.432059,3863446.674926,129.2,140.7,47.7,28.6,26.4,17.9,104.61,0.052,105.8,6,0,3840
3008,0.4842,1920.0,4491.0,1959.0,4533.0,39.0,42.0,40.5,2.09,2.251,2.17,638468.05471,3863471.083506,116.2,129.6,45.7,29.9,29.4,20.7,97.4,0.0672,97.2,6,0,3840
3009,0.4836,1375.0,3949.0,1404.0,3977.0,29.0,28.0,28.5,1.554,1.5,1.527,638438.58001,3863500.50241,144.2,145.6,55.8,31.0,29.6,24.1,91.21,0.0061,115.2,6,0,3840
3010,0.4829,1809.0,5303.0,1831.0,5325.0,22.0,22.0,22.0,1.179,1.179,1.179,638461.650661,3863428.107257,137.7,140.5,54.7,30.4,29.4,25.0,88.53,0.0125,111.0,6,0,3840
3011,0.4807,1974.0,4710.0,2013.0,4747.0,39.0,37.0,38.0,2.09,1.983,2.036,638470.948589,3863459.482062,130.0,142.6,49.1,29.4,29.5,20.7,106.04,0.0563,107.2,6,0,3840
3012,0.4776,1662.0,3840.0,1689.0,3863.0,27.0,23.0,25.0,1.447,1.233,1.34,638453.906854,3863506.477288,145.1,151.9,59.1,27.6,24.2,22.0,99.58,0.0284,118.7,6,0,3840
3013,0.4763,1713.0,4001.0,1740.0,4026.0,27.0,25.0,26.0,1.447,1.34,1.393,638456.639962,3863497.7963,121.1,132.8,43.8,26.7,26.4,18.0,100.68,0.0557,99.2,6,0,3840
3014,0.4738,1956.0,5616.0,1977.0,5636.0,21.0,20.0,20.5,1.125,1.072,1.099,638469.50165,3863411.388317,125.7,133.5,43.0,34.7,32.5,21.5,98.27,0.0361,100.7,6,0,3840
3015,0.4727,1364.0,3893.0,1388.0,3916.0,24.0,23.0,23.5,1.286,1.233,1.259,638437.85654,3863503.637212,157.4,154.3,60.3,32.2,34.9,22.1,90.97,-0.0122,124.0,6,0,3840
3016,0.47,2015.0,4677.0,2040.0,4701.0,25.0,24.0,24.5,1.34,1.286,1.313,638472.770662,3863461.598723,123.8,134.1,46.3,36.3,38.1,19.0,98.12,0.0486,101.4,6,0,3840
3017,0.4697,1599.0,5105.0,1628.0,5129.0,29.0,24.0,26.5,1.554,1.286,1.42,638450.584251,3863438.663767,126.6,134.9,46.8,29.3,28.1,20.2,96.46,0.0388,102.8,6,0,3840
3018,0.469,1778.0,5132.0,1808.0,5164.0,30.0,32.0,31.0,1.608,1.715,1.661,638460.203722,3863437.00259,139.7,140.1,59.8,35.9,37.8,25.1,80.72,0.002,113.2,6,0,3840
3019,0.4666,1022.0,3962.0,1049.0,3986.0,27.0,24.0,25.5,1.447,1.286,1.367,638419.609021,3863499.912961,114.1,123.2,49.2,29.8,33.7,17.8,83.06,0.0483,95.5,6,0,3840
3020,0.4661,1157.0,3842.0,1181.0,3865.0,24.0,23.0,23.5,1.286,1.233,1.259,638426.763335,3863506.370115,137.5,143.2,55.2,34.9,31.5,26.5,93.61,0.025,112.0,6,0,3840
3021,0.4638,1332.0,4481.0,1365.0,4516.0,33.0,35.0,34.0,1.768,1.876,1.822,638436.382805,3863471.806922,115.6,124.9,39.4,28.6,28.1,20.4,94.88,0.0463,93.3,6,0,3840
3022,0.4612,933.0,3861.0,958.0,3885.0,25.0,24.0,24.5,1.34,1.286,1.313,638414.785889,3863505.325182,146.1,147.7,57.2,28.3,28.2,20.7,92.21,0.0069,117.0,6,0,3840
3023,0.4611,1489.0,4076.0,1513.0,4100.0,24.0,24.0,24.0,1.286,1.286,1.286,638444.555335,3863493.804117,125.1,134.9,49.1,22.1,21.0,13.4,95.52,0.0464,103.0,6,0,3840
3024,0.461,1412.0,4019.0,1433.0,4039.0,21.0,20.0,20.5,1.125,1.072,1.099,638440.348492,3863496.965712,141.6,147.1,56.6,37.7,36.9,20.9,95.9,0.0234,115.1,6,0,3840
3025,0.46,1912.0,4638.0,1939.0,4664.0,27.0,26.0,26.5,1.447,1.393,1.42,638467.304445,3863463.635004,102.4,117.9,41.2,30.3,28.7,22.0,92.17,0.0862,87.2,6,0,3840
3026,0.4595,1588.0,4532.0,1616.0,4557.0,28.0,25.0,26.5,1.5,1.34,1.42,638449.967962,3863469.34195,126.5,135.2,46.5,27.2,27.7,19.0,97.42,0.0405,102.7,6,0,3840
3027,0.4571,1739.0,5343.0,1759.0,5363.0,20.0,20.0,20.0,1.072,1.072,1.072,638457.845746,3863426.017389,133.8,139.7,57.8,33.5,33.9,22.0,87.78,0.0274,110.4,6,0,3840
3028,0.4548,1505.0,3983.0,1542.0,4017.0,37.0,34.0,35.5,1.983,1.822,1.902,638445.761119,3863498.519716,117.0,124.6,38.6,29.4,29.9,17.9,93.59,0.0374,93.4,6,0,3840
3029,0.4546,1541.0,4756.0,1581.0,4788.0,40.0,32.0,36.0,2.144,1.715,1.929,638447.770757,3863457.151056,121.1,128.1,41.4,28.4,28.4,18.8,93.57,0.0334,96.9,6,0,3840
3030,0.4539,1135.0,4090.0,1162.0,4117.0,27.0,27.0,27.0,1.447,1.447,1.447,638425.664732,3863492.973529,124.4,134.0,44.1,26.9,28.5,15.3,99.5,0.0446,100.8,6,0,3840
3031,0.4538,1961.0,4434.0,1997.0,4470.0,36.0,36.0,36.0,1.929,1.929,1.929,638470.171529,3863474.298687,132.9,141.0,56.2,35.4,38.6,21.5,92.86,0.0372,110.1,6,0,3840
3032,0.4515,1745.0,4278.0,1767.0,4297.0,22.0,19.0,20.5,1.179,1.018,1.099,638458.220878,3863483.113641,114.6,121.3,36.5,21.0,22.1,17.6,91.57,0.0337,90.8,6,0,3840
3033,0.4515,1113.0,4281.0,1144.0,4313.0,31.0,32.0,31.5,1.661,1.715,1.688,638424.592925,3863482.604571,141.2,148.2,54.2,34.9,32.8,25.7,101.08,0.03,114.5,6,0,3840
3034,0.451,1290.0,4256.0,1311.0,4275.0,21.0,19.0,20.0,1.125,1.018,1.072,638433.810468,3863484.292541,145.5,154.4,55.4,31.9,29.7,21.5,107.79,0.0361,118.4,6,0,3840
3035,0.4501,1326.0,4382.0,1351.0,4404.0,25.0,22.0,23.5,1.34,1.179,1.259,638435.846901,3863477.460282,140.3,138.8,60.4,32.7,37.8,21.0,76.95,-0.0068,113.2,6,0,3840
3036,0.4493,1821.0,4286.0,1861.0,4325.0,40.0,39.0,39.5,2.144,2.09,2.117,638462.776059,3863482.149087,101.4,112.7,40.7,27.7,29.1,18.1,83.26,0.0653,84.9,6,0,3840
3037,0.4478,1318.0,4126.0,1342.0,4145.0,24.0,19.0,21.5,1.286,1.018,1.152,638435.391383,3863491.258766,147.4,154.3,62.7,26.5,26.4,23.1,98.58,0.0292,121.5,6,0,3840
3038,0.4473,1904.0,5632.0,1939.0,5665.0,35.0,33.0,34.0,1.876,1.768,1.822,638467.090083,3863410.182624,145.9,147.4,62.5,34.1,32.0,29.7,86.4,0.0066,118.6,6,0,3840
3039,0.4468,1717.0,4937.0,1743.0,4963.0,26.0,26.0,26.0,1.393,1.393,1.393,638456.827529,3863447.612687,135.5,143.9,48.5,24.4,23.6,17.0,103.92,0.0366,109.3,6,0,3840
3040,0.4466,1452.0,4690.0,1479.0,4711.0,27.0,21.0,24.0,1.447,1.125,1.286,638442.652878,3863460.98248,119.2,130.1,44.2,30.0,29.3,20.5,96.73,0.0531,97.8,6,0,3840
3041,0.4449,1526.0,4837.0,1565.0,4873.0,39.0,36.0,37.5,2.09,1.929,2.01,638446.940107,3863452.70339,136.8,142.9,55.8,36.0,33.0,30.0,93.24,0.0275,111.8,6,0,3840
3042,0.4445,1592.0,5196.0,1613.0,5217.0,21.0,21.0,21.0,1.125,1.125,1.125,638449.994757,3863433.867789,136.7,143.4,53.2,31.1,31.8,23.7,96.88,0.0294,111.1,6,0,3840
3043,0.4435,1530.0,3856.0,1566.0,3904.0,36.0,48.0,42.0,1.929,2.572,2.251,638447.074083,3863504.950077,132.7,142.4,43.8,34.1,33.9,21.0,108.3,0.042,106.3,6,0,3840
3044,0.443,1832.0,5458.0,1853.0,5479.0,21.0,21.0,21.0,1.125,1.125,1.125,638462.856445,3863419.828166,127.6,135.1,49.0,35.8,36.5,24.0,93.45,0.0348,103.9,6,0,3840
3045,0.4428,1858.0,4163.0,1880.0,4186.0,22.0,23.0,22.5,1.179,1.233,1.206,638464.276589,3863489.168898,92.6,104.0,35.4,20.2,23.1,14.0,79.98,0.0709,77.3,6,0,3840
3046,0.4426,1095.0,3980.0,1115.0,3999.0,20.0,19.0,19.5,1.072,1.018,1.045,638423.333552,3863499.082372,124.2,131.6,47.5,30.7,32.5,20.3,91.4,0.0352,101.1,6,0,3840
3047,0.4424,1729.0,4044.0,1754.0,4066.0,25.0,22.0,23.5,1.34,1.179,1.259,638457.443818,3863495.572467,120.6,126.1,42.1,22.1,25.4,17.2,89.46,0.0266,96.3,6,0,3840
3048,0.4414,1736.0,5235.0,1761.0,5260.0,25.0,25.0,25.0,1.34,1.34,1.34,638457.81895,3863431.670749,117.8,126.0,45.6,32.9,32.1,25.0,88.6,0.0414,96.4,6,0,3840
3049,0.4408,1561.0,4646.0,1585.0,4669.0,24.0,23.0,23.5,1.286,1.233,1.259,638448.413842,3863463.286693,111.2,120.5,43.3,30.3,28.4,20.5,86.4,0.0492,91.7,6,0,3840
3050,0.4398,1840.0,5726.0,1861.0,5747.0,21.0,21.0,21.0,1.125,1.125,1.125,638463.285168,3863405.467026,110.9,122.5,33.9,26.2,25.7,14.1,100.14,0.0581,89.1,6,0,3840
3051,0.4398,1583.0,4795.0,1609.0,4820.0,26.0,25.0,25.5,1.393,1.34,1.367,638449.64642,3863455.248741,130.2,135.2,46.8,27.2,25.3,22.8,93.47,0.0228,104.1,6,0,3840
3052,0.4393,1663.0,5078.0,1692.0,5107.0,29.0,29.0,29.0,1.554,1.554,1.554,638454.014035,3863439.976633,126.4,134.1,48.1,31.2,33.1,20.4,93.66,0.0362,102.8,6,0,3840
3053,0.4376,1844.0,5253.0,1867.0,5276.0,23.0,23.0,23.0,1.233,1.233,1.233,638463.553119,3863430.759781,123.7,129.1,52.5,37.8,33.4,29.2,82.02,0.0269,101.8,6,0,3840
3054,0.4357,1331.0,4584.0,1360.0,4611.0,29.0,27.0,28.0,1.554,1.447,1.5,638436.222034,3863466.501874,129.1,136.8,49.0,20.4,21.8,17.2,95.49,0.0357,105.0,6,0,3840
3055,0.4355,1609.0,3866.0,1636.0,3891.0,27.0,25.0,26.0,1.447,1.34,1.393,638451.066565,3863505.030457,114.2,126.2,42.9,29.6,31.3,19.1,95.34,0.0606,94.5,6,0,3840
3056,0.4346,1829.0,5570.0,1848.0,5589.0,19.0,19.0,19.0,1.018,1.018,1.018,638462.642083,3863413.880082,120.0,129.1,40.7,31.8,32.0,20.8,97.49,0.0434,96.6,6,0,3840
3057,0.4333,1944.0,4668.0,1982.0,4706.0,38.0,38.0,38.0,2.036,2.036,2.036,638469.314083,3863461.705896,90.9,101.2,40.0,20.7,23.3,13.4,71.44,0.0674,77.4,6,0,3840
3058,0.4329,1885.0,4707.0,1906.0,4729.0,21.0,22.0,21.5,1.125,1.179,1.152,638465.696734,3863460.044719,84.7,93.0,33.3,14.5,17.1,13.0,67.93,0.0574,70.3,6,0,3840
3059,0.4319,1399.0,4621.0,1435.0,4656.0,36.0,35.0,35.5,1.929,1.876,1.902,638440.053745,3863464.304834,121.5,129.2,40.2,28.5,28.0,19.1,96.78,0.0368,97.0,6,0,3840
3060,0.431,1886.0,4948.0,1924.0,4985.0,38.0,37.0,37.5,2.036,1.983,2.01,638466.205842,3863446.728512,135.9,145.0,55.8,33.0,30.2,27.1,98.46,0.0407,112.2,6,0,3840
3061,0.431,1113.0,3840.0,1132.0,3857.0,19.0,17.0,18.0,1.018,0.911,0.965,638424.271383,3863506.638047,117.3,126.1,42.5,26.4,27.4,15.6,92.37,0.0438,95.3,6,0,3840
3062,0.4305,1636.0,5055.0,1657.0,5075.0,21.0,20.0,20.5,1.125,1.072,1.099,638452.352733,3863441.450257,120.3,131.4,39.3,23.0,21.9,16.8,103.23,0.0525,97.0,6,0,3840
3063,0.4303,1674.0,4417.0,1699.0,4442.0,25.0,25.0,25.0,1.34,1.34,1.34,638454.496348,3863475.50438,103.5,112.7,38.2,22.6,20.9,15.6,83.69,0.0517,84.8,6,0,3840
3064,0.4299,1874.0,4813.0,1895.0,4833.0,21.0,20.0,20.5,1.125,1.072,1.099,638465.10724,3863454.418153,123.7,134.5,44.2,30.7,29.1,17.4,101.18,0.0506,100.8,6,0,3840
3065,0.4297,1937.0,4566.0,1977.0,4606.0,40.0,40.0,40.0,2.144,2.144,2.144,638468.992541,3863467.118117,104.5,119.5,38.0,27.2,27.3,18.0,96.46,0.0805,87.4,6,0,3840
3066,0.4294,1654.0,3991.0,1672.0,4009.0,18.0,18.0,18.0,0.965,0.965,0.965,638453.236974,3863498.519716,123.1,139.0,43.4,29.8,31.0,17.3,111.53,0.0727,101.8,6,0,3840
3067,0.4294,1448.0,3952.0,1473.0,3976.0,25.0,24.0,24.5,1.34,1.286,1.313,638442.384926,3863500.448824,133.8,133.5,53.4,32.7,29.1,22.6,79.8,-0.0013,106.9,6,0,3840
3068,0.4276,1561.0,5173.0,1582.0,5194.0,21.0,21.0,21.0,1.125,1.125,1.125,638448.333456,3863435.100275,128.5,131.5,50.0,27.0,27.8,25.1,84.5,0.0142,103.3,6,0,3840
3069,0.4259,1998.0,5403.0,2018.0,5420.0,20.0,17.0,18.5,1.072,0.911,0.991,638471.72565,3863422.882588,155.1,153.7,61.8,33.2,37.4,16.1,90.57,-0.0056,123.5,6,0,3840
3070,0.4253,1521.0,4721.0,1550.0,4746.0,29.0,25.0,27.0,1.554,1.34,1.447,638446.404203,3863459.214131,102.9,111.7,34.4,24.9,25.9,15.8,86.1,0.049,83.0,6,0,3840
3071,0.4235,1653.0,4024.0,1690.0,4062.0,37.0,38.0,37.5,1.983,2.036,2.01,638453.692492,3863496.215503,123.6,129.9,46.8,26.9,29.6,16.3,89.5,0.0307,100.1,6,0,3840
3072,0.4228,1858.0,4512.0,1890.0,4540.0,32.0,28.0,30.0,1.715,1.5,1.608,638464.544541,3863470.333298,128.6,142.0,49.4,35.9,34.1,22.3,106.07,0.0608,106.7,6,0,3840
3073,0.4226,1454.0,4310.0,1476.0,4330.0,22.0,20.0,21.0,1.179,1.072,1.125,638442.626082,3863481.372085,146.8,151.5,60.4,31.3,27.1,28.4,95.69,0.0196,119.6,6,0,3840
3074,0.4217,1700.0,3965.0,1723.0,3985.0,23.0,20.0,21.5,1.233,1.072,1.152,638455.836107,3863499.859374,139.0,146.4,48.4,27.4,27.3,18.1,105.37,0.0312,111.3,6,0,3840
3075,0.4193,1434.0,3907.0,1464.0,3937.0,30.0,30.0,30.0,1.608,1.608,1.608,638441.768637,3863502.699451,119.9,118.3,50.6,23.3,25.8,19.8,66.19,-0.0084,96.3,6,0,3840
3076,0.4189,1802.0,3865.0,1824.0,3886.0,22.0,21.0,21.5,1.179,1.125,1.152,638461.275529,3863505.191216,133.0,137.1,56.1,30.1,29.6,23.7,85.24,0.0195,108.7,6,0,3840
3077,0.4183,1472.0,4873.0,1496.0,4897.0,24.0,24.0,24.0,1.286,1.286,1.286,638443.644299,3863451.095799,113.8,124.5,37.3,25.3,25.2,14.8,97.88,0.0533,91.8,6,0,3840
3078,0.4178,1906.0,5370.0,1926.0,5391.0,20.0,21.0,20.5,1.072,1.125,1.099,638466.795336,3863424.543765,132.0,134.9,58.0,30.8,29.5,24.0,79.77,0.0138,108.3,6,0,3840
3079,0.4176,1431.0,4481.0,1455.0,4501.0,24.0,20.0,22.0,1.286,1.072,1.179,638441.447094,3863472.20882,130.3,140.3,45.7,28.1,25.4,22.0,104.74,0.0448,105.4,6,0,3840
3080,0.4174,1963.0,5657.0,1983.0,5675.0,20.0,18.0,19.0,1.072,0.965,1.018,638469.849987,3863409.244863,141.1,145.2,54.8,36.2,36.2,24.7,94.47,0.0178,113.7,6,0,3840
3081,0.4174,1995.0,3892.0,2029.0,3921.0,34.0,29.0,31.5,1.822,1.554,1.688,638471.940011,3863503.530039,87.6,94.2,34.8,17.0,18.9,12.1,65.94,0.0444,72.2,6,0,3840
3082,0.4153,1609.0,4355.0,1630.0,4374.0,21.0,19.0,20.0,1.125,1.018,1.072,638450.905794,3863478.987492,131.7,141.7,40.9,26.0,25.2,17.0,110.81,0.0431,104.8,6,0,3840
3083,0.4131,1275.0,4602.0,1300.0,4629.0,25.0,27.0,26.0,1.34,1.447,1.393,638433.113793,3863465.53732,107.6,116.0,36.9,32.7,30.9,17.1,87.49,0.0449,86.8,6,0,3840
3084,0.4113,1756.0,5282.0,1786.0,5309.0,30.0,27.0,28.5,1.608,1.447,1.527,638459.024734,3863429.098604,131.3,135.6,53.9,30.7,29.4,25.2,86.07,0.0203,107.0,6,0,3840
3085,0.4113,1799.0,4389.0,1832.0,4419.0,33.0,30.0,31.5,1.768,1.608,1.688,638461.409505,3863476.870832,141.6,153.6,49.3,32.5,30.3,22.7,116.36,0.0488,114.9,6,0,3840
3086,0.4111,1756.0,5474.0,1784.0,5499.0,28.0,25.0,26.5,1.5,1.34,1.42,638458.971143,3863418.863612,93.6,107.9,32.0,25.2,25.0,16.5,90.14,0.0842,77.8,6,0,3840
3087,0.4076,1578.0,4162.0,1597.0,4180.0,19.0,18.0,18.5,1.018,0.965,0.991,638449.190902,3863489.35645,124.1,126.7,54.3,29.3,28.1,22.0,74.96,0.0132,101.7,6,0,3840
3088,0.4072,1458.0,4833.0,1481.0,4853.0,23.0,20.0,21.5,1.233,1.072,1.152,638442.867239,3863453.346426,119.4,128.1,36.2,26.5,26.0,16.9,100.67,0.0414,94.6,6,0,3840
3089,0.404,1654.0,4385.0,1682.0,4408.0,28.0,23.0,25.5,1.5,1.233,1.367,638453.504926,3863477.272729,117.2,127.7,42.5,23.4,24.2,17.0,95.8,0.0521,95.8,6,0,3840
3090,0.4038,1825.0,4722.0,1863.0,4760.0,38.0,38.0,38.0,2.036,2.036,2.036,638462.93683,3863458.812233,114.8,119.3,53.0,25.6,27.0,20.8,70.73,0.0245,95.7,6,0,3840
3091,0.4003,1769.0,4651.0,1807.0,4689.0,38.0,38.0,38.0,2.036,2.036,2.036,638459.93577,3863462.616864,107.9,112.6,47.0,27.3,27.1,18.0,70.31,0.0271,89.1,6,0,3840
3092,0.4001,1695.0,3920.0,1720.0,3946.0,25.0,26.0,25.5,1.34,1.393,1.367,638455.621746,3863502.110001,148.6,153.0,54.6,30.3,30.6,24.6,102.7,0.0176,118.7,6,0,3840
3093,0.8089,3186.0,5782.0,3230.0,5821.0,44.0,39.0,41.5,2.358,2.09,2.224,638536.034086,3863401.983913,136.6,142.0,56.5,25.9,29.9,18.4,90.76,0.0239,111.7,7,1920,3840
3094,0.7834,2491.0,5446.0,2534.0,5484.0,43.0,38.0,40.5,2.304,2.036,2.17,638498.761988,3863420.015719,142.3,151.3,56.9,36.4,32.3,30.7,103.5,0.0383,116.8,7,1920,3840
3095,0.724,2997.0,3915.0,3037.0,3951.0,40.0,36.0,38.0,2.144,1.929,2.036,638525.798326,3863502.110001,151.7,151.8,55.1,31.1,27.9,27.2,96.94,0.0007,119.5,7,1920,3840
3096,0.7233,3157.0,5703.0,3189.0,5736.0,32.0,33.0,32.5,1.715,1.768,1.742,638534.158423,3863406.377993,138.4,146.9,52.6,30.0,28.6,23.9,102.83,0.0366,112.6,7,1920,3840
3097,0.7042,2038.0,4279.0,2079.0,4319.0,41.0,40.0,40.5,2.197,2.144,2.17,638474.431963,3863482.497398,128.5,131.2,65.3,25.7,30.1,19.0,68.61,0.0139,108.3,7,1920,3840
3098,0.6889,2796.0,5827.0,2826.0,5856.0,30.0,29.0,29.5,1.608,1.554,1.581,638514.758712,3863399.840459,147.3,152.9,56.5,26.3,28.4,19.7,101.92,0.0229,118.9,7,1920,3840
3099,0.6869,3231.0,5728.0,3278.0,5768.0,47.0,40.0,43.5,2.519,2.144,2.331,638538.526038,3863404.850783,119.7,123.0,55.0,28.1,26.2,18.5,71.37,0.0178,99.2,7,1920,3840
3100,0.6855,2783.0,4849.0,2827.0,4891.0,44.0,42.0,43.0,2.358,2.251,2.304,638514.437169,3863451.899595,128.5,132.5,53.7,34.3,36.9,22.1,82.76,0.0193,104.9,7,1920,3840
3101,0.6685,2593.0,5384.0,2637.0,5426.0,44.0,42.0,43.0,2.358,2.251,2.304,638504.255,3863423.230899,133.0,141.2,53.3,29.5,32.7,19.3,96.0,0.0367,109.2,7,1920,3840
3102,0.6644,2261.0,4183.0,2303.0,4217.0,42.0,34.0,38.0,2.251,1.822,2.036,638486.409409,3863487.802446,120.4,129.3,45.0,28.4,30.3,18.7,93.3,0.0437,98.2,7,1920,3840
3103,0.6641,2637.0,5758.0,2675.0,5792.0,38.0,34.0,36.0,2.036,1.822,1.929,638506.452205,3863403.403951,152.9,156.6,66.5,36.4,40.3,20.3,93.76,0.015,125.3,7,1920,3840
3104,0.659,2674.0,5849.0,2709.0,5881.0,35.0,32.0,33.5,1.876,1.715,1.795,638508.354663,3863398.58118,136.6,141.2,58.9,31.8,31.2,25.0,87.0,0.0214,112.2,7,1920,3840
3105,0.6585,2671.0,5040.0,2711.0,5083.0,40.0,43.0,41.5,2.144,2.304,2.224,638508.327868,3863441.637809,123.2,134.4,45.7,29.0,29.3,21.7,99.94,0.053,101.1,7,1920,3840
3106,0.6529,3131.0,5782.0,3157.0,5809.0,26.0,27.0,26.5,1.393,1.447,1.42,638532.604303,3863402.305431,140.8,147.4,56.1,30.5,29.4,19.8,97.95,0.0284,114.8,7,1920,3840
3107,0.6505,3269.0,5134.0,3310.0,5172.0,41.0,38.0,39.5,2.197,2.036,2.117,638540.4017,3863436.734659,142.5,142.5,54.6,33.3,33.5,21.5,88.0,0.0002,113.2,7,1920,3840
3108,0.6496,2516.0,4911.0,2555.0,4944.0,39.0,33.0,36.0,2.09,1.768,1.929,638499.994566,3863448.81838,115.9,126.0,45.4,29.6,29.8,21.6,90.66,0.0514,95.8,7,1920,3840
3109,0.6487,3081.0,4119.0,3125.0,4155.0,44.0,36.0,40.0,2.358,1.929,2.144,638530.407098,3863491.178386,122.3,125.6,54.8,24.6,25.0,18.9,74.1,0.0173,100.9,7,1920,3840
3110,0.643,2544.0,4794.0,2580.0,4830.0,36.0,36.0,36.0,1.929,1.929,1.929,638501.414711,3863455.007603,128.8,137.8,46.8,34.5,34.9,20.8,100.07,0.0412,104.5,7,1920,3840
3111,0.6398,2612.0,4790.0,2654.0,4829.0,42.0,39.0,40.5,2.251,2.09,2.17,638505.219627,3863455.141568,109.9,120.9,44.6,32.4,31.0,23.1,87.21,0.0589,91.8,7,1920,3840
3112,0.6393,3091.0,5230.0,3131.0,5265.0,40.0,35.0,37.5,2.144,1.876,2.01,638530.835821,3863431.670749,130.8,137.3,56.2,33.0,34.7,21.1,87.7,0.0309,108.1,7,1920,3840
3113,0.6381,2761.0,5232.0,2799.0,5268.0,38.0,36.0,37.0,2.036,1.929,1.983,638513.09741,3863431.536783,127.6,129.3,49.9,36.8,36.1,22.2,81.16,0.0082,102.3,7,1920,3840
3114,0.6369,2099.0,5566.0,2127.0,5596.0,28.0,30.0,29.0,1.5,1.608,1.554,638477.352638,3863413.799702,144.8,147.8,58.5,35.2,37.3,20.2,92.23,0.0129,117.0,7,1920,3840
3115,0.6361,2778.0,5777.0,2823.0,5813.0,45.0,36.0,40.5,2.411,1.929,2.17,638514.196013,3863402.332224,133.9,142.8,55.0,32.8,33.1,21.1,96.75,0.0404,110.6,7,1920,3840
3116,0.6359,1989.0,4317.0,2032.0,4357.0,43.0,40.0,41.5,2.304,2.144,2.224,638471.859626,3863480.461117,131.1,141.6,59.0,32.5,32.2,21.5,93.19,0.0492,110.6,7,1920,3840
3117,0.6357,2073.0,4365.0,2116.0,4403.0,43.0,38.0,40.5,2.304,2.036,2.17,638476.361216,3863477.942559,104.8,117.6,46.2,27.3,31.8,15.4,84.23,0.0726,89.5,7,1920,3840
3118,0.6337,3702.0,5150.0,3736.0,5182.0,34.0,32.0,33.0,1.822,1.715,1.768,638563.418762,3863436.038036,132.5,139.7,50.8,29.9,28.7,19.8,96.08,0.0324,107.6,7,1920,3840
3119,0.6334,2551.0,5723.0,2583.0,5751.0,32.0,28.0,30.0,1.715,1.5,1.608,638501.682663,3863405.440232,149.1,154.6,50.0,35.4,32.4,20.4,110.09,0.0219,117.9,7,1920,3840
3120,0.6303,2439.0,5450.0,2470.0,5464.0,31.0,14.0,22.5,1.661,0.75,1.206,638495.653747,3863420.444409,121.7,131.2,55.5,30.5,32.7,17.3,85.16,0.0481,102.8,7,1920,3840
3121,0.6255,2817.0,5717.0,2846.0,5746.0,29.0,29.0,29.0,1.554,1.554,1.554,638515.857314,3863405.734957,138.6,150.4,61.8,36.4,35.3,24.6,100.48,0.0521,116.9,7,1920,3840
3122,0.6213,3846.0,4715.0,3882.0,4753.0,36.0,38.0,37.0,1.929,2.036,1.983,638571.189364,3863459.187338,156.9,143.2,141.7,37.3,41.4,45.0,-12.37,-0.0871,147.3,7,1920,3840
3123,0.6202,2920.0,4364.0,2959.0,4399.0,39.0,35.0,37.0,2.09,1.876,1.983,638521.645073,3863478.076525,131.7,133.7,53.8,29.1,31.1,20.1,81.81,0.0093,106.4,7,1920,3840
3124,0.6201,2823.0,5410.0,2858.0,5442.0,35.0,32.0,33.5,1.876,1.715,1.795,638516.339627,3863422.105586,135.4,140.8,46.4,38.0,37.0,21.0,99.79,0.0233,107.5,7,1920,3840
3125,0.6196,2000.0,4507.0,2041.0,4545.0,41.0,38.0,39.5,2.197,2.036,2.117,638472.395529,3863470.333298,136.6,144.6,63.7,36.4,38.4,21.2,88.9,0.0367,115.0,7,1920,3840
3126,0.6172,2754.0,4179.0,2795.0,4220.0,41.0,41.0,41.0,2.197,2.197,2.197,638512.802663,3863487.82924,120.2,126.4,59.0,30.8,30.0,27.9,73.53,0.0329,101.9,7,1920,3840
3127,0.6171,3609.0,5618.0,3643.0,5651.0,34.0,33.0,33.5,1.822,1.768,1.795,638558.434858,3863410.932833,144.6,148.4,53.7,34.9,33.4,25.0,98.57,0.016,115.6,7,1920,3840
3128,0.6171,2461.0,5313.0,2492.0,5343.0,31.0,30.0,30.5,1.661,1.608,1.634,638496.832735,3863427.357048,128.0,134.1,58.5,28.1,29.4,19.2,81.71,0.0301,106.9,7,1920,3840
3129,0.616,2667.0,5201.0,2701.0,5235.0,34.0,34.0,34.0,1.822,1.822,1.822,638507.952735,3863433.251546,117.1,124.3,49.2,34.6,33.2,23.2,82.2,0.0373,96.9,7,1920,3840
3130,0.6158,2061.0,5138.0,2090.0,5166.0,29.0,28.0,28.5,1.554,1.5,1.527,638475.342999,3863436.788245,160.3,166.3,59.8,30.0,32.1,19.3,112.49,0.0224,128.8,7,1920,3840
3131,0.6139,2713.0,5758.0,2735.0,5779.0,22.0,21.0,21.5,1.179,1.125,1.152,638510.09635,3863403.752263,146.8,155.9,72.1,34.0,35.3,23.2,92.98,0.0397,124.9,7,1920,3840
3132,0.6131,2124.0,4170.0,2166.0,4214.0,42.0,44.0,43.0,2.251,2.358,2.304,638479.06753,3863488.231137,140.5,147.8,54.7,30.8,32.0,17.8,100.45,0.0312,114.3,7,1920,3840
3133,0.613,3235.0,5422.0,3265.0,5451.0,30.0,29.0,29.5,1.608,1.554,1.581,638538.284881,3863421.542929,120.8,131.9,41.9,33.7,34.9,18.0,101.05,0.0525,98.2,7,1920,3840
3134,0.6067,2532.0,5364.0,2572.0,5401.0,40.0,37.0,38.5,2.144,1.983,2.063,638500.878807,3863424.436592,133.0,135.6,59.3,26.6,24.8,19.7,78.93,0.0125,109.3,7,1920,3840
3135,0.6063,2940.0,5849.0,2983.0,5884.0,43.0,35.0,39.0,2.304,1.876,2.09,638522.824061,3863398.500801,124.2,127.5,63.1,28.7,28.4,25.0,67.73,0.0176,104.9,7,1920,3840
3136,0.606,2736.0,5836.0,2765.0,5864.0,29.0,28.0,28.5,1.554,1.5,1.527,638511.516495,3863399.384975,131.8,140.6,54.3,30.6,30.9,19.3,94.97,0.0401,108.9,7,1920,3840
3137,0.6048,2109.0,4092.0,2149.0,4126.0,40.0,34.0,37.0,2.144,1.822,1.983,638478.210084,3863492.678804,97.5,111.6,35.6,26.4,26.2,14.8,90.08,0.0811,81.6,7,1920,3840
3138,0.6042,3160.0,5233.0,3205.0,5274.0,45.0,41.0,43.0,2.411,2.197,2.304,638534.667532,3863431.349231,129.9,135.8,55.3,33.3,34.9,22.3,86.36,0.028,107.0,7,1920,3840
3139,0.6029,2677.0,5378.0,2702.0,5401.0,25.0,23.0,24.0,1.34,1.233,1.286,638508.247482,3863424.061488,133.7,145.8,56.5,34.5,33.2,23.6,101.37,0.0542,112.0,7,1920,3840
3140,0.6019,3766.0,4263.0,3805.0,4296.0,39.0,33.0,36.0,2.09,1.768,1.929,638566.982521,3863483.542332,107.2,117.5,36.9,26.5,29.0,16.3,90.99,0.0549,87.2,7,1920,3840
3141,0.6003,3479.0,3978.0,3516.0,4016.0,37.0,38.0,37.5,1.983,2.036,2.01,638551.548496,3863498.680475,113.7,122.1,47.9,22.3,23.9,15.7,82.63,0.0448,94.6,7,1920,3840
3142,0.5998,2694.0,5500.0,2734.0,5535.0,40.0,35.0,37.5,2.144,1.876,2.01,638509.560446,3863417.202435,137.2,145.8,56.6,29.8,28.6,20.7,97.98,0.0384,113.2,7,1920,3840
3143,0.5978,3814.0,5053.0,3845.0,5084.0,31.0,31.0,31.0,1.661,1.661,1.661,638569.340497,3863441.262705,118.9,122.7,46.7,27.2,26.6,20.0,79.94,0.0198,96.1,7,1920,3840
3144,0.595,2561.0,5455.0,2595.0,5485.0,34.0,30.0,32.0,1.822,1.608,1.715,638502.272157,3863419.747787,155.8,158.9,71.4,33.8,32.6,22.8,90.76,0.0131,128.7,7,1920,3840
3145,0.5935,2606.0,5831.0,2636.0,5858.0,30.0,27.0,28.5,1.608,1.447,1.527,638504.576543,3863399.6797,150.6,159.2,66.7,35.7,36.4,24.2,101.08,0.0352,125.5,7,1920,3840
3146,0.5909,2684.0,5709.0,2724.0,5741.0,40.0,32.0,36.0,2.144,1.715,1.929,638509.024543,3863406.083269,143.3,151.8,51.4,32.0,30.1,18.7,108.95,0.035,115.5,7,1920,3840
3147,0.5907,3835.0,4266.0,3859.0,4290.0,24.0,24.0,24.0,1.286,1.286,1.286,638570.278328,3863483.622711,111.2,122.9,49.0,31.6,30.6,20.8,85.62,0.0633,94.4,7,1920,3840
3148,0.5893,2238.0,4897.0,2271.0,4932.0,33.0,35.0,34.0,1.768,1.876,1.822,638484.935674,3863449.515002,129.7,140.7,55.8,32.2,33.7,18.9,95.83,0.0512,108.7,7,1920,3840
3149,0.5876,3626.0,5699.0,3655.0,5726.0,29.0,27.0,28.0,1.554,1.447,1.5,638559.211918,3863406.753098,124.0,132.6,52.3,27.9,27.0,21.6,88.94,0.0422,102.9,7,1920,3840
3150,0.5866,3144.0,5829.0,3172.0,5856.0,28.0,27.0,27.5,1.5,1.447,1.474,638533.354568,3863399.786873,154.5,159.6,59.2,27.2,26.7,17.0,105.48,0.0198,124.4,7,1920,3840
3151,0.5858,2455.0,5033.0,2496.0,5070.0,41.0,37.0,39.0,2.197,1.983,2.09,638496.779145,3863442.173673,129.0,133.4,56.2,26.3,29.3,18.3,81.57,0.0212,106.2,7,1920,3840
3152,0.584,2188.0,4330.0,2224.0,4364.0,36.0,34.0,35.0,1.929,1.822,1.876,638482.336542,3863479.925254,124.6,134.6,58.3,31.2,35.6,17.2,86.32,0.05,105.8,7,1920,3840
3153,0.5839,3795.0,4998.0,3829.0,5033.0,34.0,35.0,34.5,1.822,1.876,1.849,638568.402665,3863444.102781,136.1,141.0,52.8,31.2,28.5,32.5,93.09,0.0217,110.0,7,1920,3840
3154,0.5832,3595.0,5569.0,3623.0,5596.0,28.0,27.0,27.5,1.5,1.447,1.474,638557.523822,3863413.719323,123.7,132.8,44.7,30.9,29.7,18.2,97.1,0.0429,100.4,7,1920,3840
3155,0.583,3526.0,5731.0,3551.0,5754.0,25.0,23.0,24.0,1.34,1.233,1.286,638553.745701,3863405.145508,112.9,121.8,48.0,33.4,32.5,19.0,82.69,0.0476,94.3,7,1920,3840
3156,0.582,3589.0,3982.0,3621.0,4015.0,32.0,33.0,32.5,1.715,1.768,1.742,638557.30946,3863498.600095,173.6,171.4,160.0,40.0,44.2,46.3,9.14,-0.0121,168.3,7,1920,3840
3157,0.5815,3824.0,5293.0,3867.0,5330.0,43.0,37.0,40.0,2.304,1.983,2.144,638570.197943,3863428.241223,118.9,128.4,45.3,29.6,28.3,20.8,92.54,0.0468,97.5,7,1920,3840
3158,0.5809,2432.0,5395.0,2465.0,5425.0,33.0,30.0,31.5,1.768,1.608,1.688,638495.332205,3863422.962968,132.7,138.9,62.8,36.7,36.7,26.8,82.28,0.0296,111.5,7,1920,3840
3159,0.5802,2343.0,5636.0,2378.0,5669.0,35.0,33.0,34.0,1.876,1.768,1.822,638490.616253,3863409.968279,136.2,142.7,49.0,32.0,30.5,22.1,100.27,0.0283,109.3,7,1920,3840
3160,0.5797,2718.0,4831.0,2751.0,4861.0,33.0,30.0,31.5,1.768,1.608,1.688,638510.659049,3863453.185667,132.1,140.0,52.2,32.2,34.1,20.6,95.75,0.0362,108.1,7,1920,3840
3161,0.5797,3053.0,5590.0,3085.0,5620.0,32.0,30.0,31.0,1.715,1.608,1.661,638528.585025,3863412.51363,128.1,140.1,41.0,36.0,33.1,19.9,111.21,0.0532,103.1,7,1920,3840
3162,0.5792,2325.0,5452.0,2374.0,5491.0,49.0,39.0,44.0,2.626,2.09,2.358,638490.026759,3863419.667407,140.5,148.2,47.1,34.3,33.9,24.0,108.79,0.0316,111.9,7,1920,3840
3163,0.5783,3556.0,5683.0,3586.0,5710.0,30.0,27.0,28.5,1.608,1.447,1.527,638555.487388,3863407.610479,128.1,136.4,57.3,30.1,31.2,21.3,87.39,0.0402,107.3,7,1920,3840
3164,0.5771,2481.0,5144.0,2505.0,5167.0,24.0,23.0,23.5,1.286,1.233,1.259,638497.716976,3863436.600693,116.5,129.1,39.2,31.4,31.3,20.0,102.41,0.0611,94.9,7,1920,3840
3165,0.5767,2756.0,4643.0,2782.0,4669.0,26.0,26.0,26.0,1.393,1.393,1.393,638512.507916,3863463.367073,97.2,108.6,31.4,24.7,25.0,13.1,88.67,0.0655,79.1,7,1920,3840
3166,0.5765,3191.0,4465.0,3232.0,4506.0,41.0,41.0,41.0,2.197,2.197,2.197,638536.221652,3863472.503545,143.6,153.0,68.8,34.3,31.4,37.9,93.61,0.0414,121.8,7,1920,3840
3167,0.5761,2304.0,4124.0,2335.0,4154.0,31.0,30.0,30.5,1.661,1.608,1.634,638488.419048,3863491.071214,114.5,125.9,43.8,29.0,27.5,18.7,93.56,0.0581,94.8,7,1920,3840
3168,0.5749,2177.0,4138.0,2217.0,4172.0,40.0,34.0,37.0,2.144,1.822,1.983,638481.854228,3863490.213832,99.5,109.8,34.4,29.1,29.5,14.9,85.78,0.0592,81.2,7,1920,3840
3169,0.5727,3541.0,4877.0,3570.0,4907.0,29.0,30.0,29.5,1.554,1.608,1.581,638554.656737,3863450.720695,193.0,174.9,153.8,37.4,40.2,40.5,2.87,-0.0849,173.9,7,1920,3840
3170,0.5723,3215.0,5366.0,3258.0,5406.0,43.0,40.0,41.5,2.304,2.144,2.224,638537.561411,3863424.24904,139.3,145.3,59.6,28.8,27.8,19.5,91.68,0.0265,114.7,7,1920,3840
3171,0.572,1920.0,5585.0,1945.0,5609.0,25.0,24.0,24.5,1.34,1.286,1.313,638467.679577,3863412.942321,119.2,130.7,36.7,25.7,25.3,17.0,105.58,0.0541,95.5,7,1920,3840
3172,0.5713,3101.0,5729.0,3140.0,5766.0,39.0,37.0,38.0,2.09,1.983,2.036,638531.344929,3863404.877576,125.8,137.7,54.3,31.3,31.1,19.6,95.31,0.0568,105.9,7,1920,3840
3173,0.5707,1923.0,4136.0,1951.0,4166.0,28.0,30.0,29.0,1.5,1.608,1.554,638467.920734,3863490.428177,127.6,135.0,51.9,24.3,26.3,18.0,90.46,0.035,104.8,7,1920,3840
3174,0.5704,2480.0,5356.0,2508.0,5386.0,28.0,30.0,29.0,1.5,1.608,1.554,638497.770566,3863425.052835,145.9,151.3,69.4,27.6,31.5,19.5,87.38,0.0237,122.2,7,1920,3840
3175,0.5695,3546.0,3911.0,3576.0,3944.0,30.0,33.0,31.5,1.608,1.768,1.688,638554.951484,3863502.404726,166.3,152.7,138.3,38.2,41.8,44.0,0.76,-0.0753,152.4,7,1920,3840
3176,0.5692,3434.0,4546.0,3468.0,4577.0,34.0,31.0,32.5,1.822,1.661,1.742,638549.056544,3863468.430982,117.9,119.1,58.8,26.7,27.1,19.9,61.64,0.0071,98.6,7,1920,3840
3177,0.5685,2994.0,5804.0,3031.0,5838.0,37.0,34.0,35.5,1.983,1.822,1.902,638525.55717,3863400.938979,132.6,142.9,63.3,32.6,30.5,26.3,89.88,0.0485,113.0,7,1920,3840
3178,0.5678,3365.0,4384.0,3408.0,4422.0,43.0,38.0,40.5,2.304,2.036,2.17,638545.599966,3863476.924418,120.9,126.7,54.2,29.9,30.6,21.5,78.21,0.0296,100.6,7,1920,3840
3179,0.5661,3615.0,3953.0,3647.0,3981.0,32.0,28.0,30.0,1.715,1.5,1.608,638558.70281,3863500.288065,133.0,138.2,48.2,23.1,24.5,19.0,95.33,0.0237,106.5,7,1920,3840
3180,0.5659,2174.0,4702.0,2213.0,4737.0,39.0,35.0,37.0,2.09,1.876,1.983,638481.666662,3863459.96434,113.6,128.9,48.9,29.0,28.7,22.4,95.23,0.0787,97.1,7,1920,3840
3181,0.5655,2909.0,5729.0,2942.0,5758.0,33.0,29.0,31.0,1.768,1.554,1.661,638520.894808,3863405.091921,128.5,143.2,47.5,37.3,36.8,26.0,110.36,0.0656,106.4,7,1920,3840
3182,0.5654,2970.0,4314.0,3003.0,4344.0,33.0,30.0,31.5,1.768,1.608,1.688,638524.16382,3863480.889808,147.5,153.1,53.2,36.2,33.8,20.2,105.57,0.0229,118.0,7,1920,3840
3183,0.5654,2472.0,5740.0,2504.0,5769.0,32.0,29.0,30.5,1.715,1.554,1.634,638497.449024,3863404.502471,138.1,148.7,49.5,32.3,30.4,22.6,109.76,0.0446,112.1,7,1920,3840
3184,0.565,2496.0,5401.0,2520.0,5426.0,24.0,25.0,24.5,1.286,1.34,1.313,638498.520831,3863422.775415,146.7,150.8,64.2,26.6,26.4,22.4,90.8,0.0178,120.6,7,1920,3840
3185,0.5635,3027.0,4147.0,3059.0,4182.0,32.0,35.0,33.5,1.715,1.876,1.795,638527.191676,3863489.704762,123.2,123.6,56.6,20.9,20.1,16.8,67.33,0.0019,101.1,7,1920,3840
3186,0.5634,2211.0,4635.0,2247.0,4669.0,36.0,34.0,35.0,1.929,1.822,1.876,638483.56912,3863463.581418,135.6,144.8,48.1,37.8,37.2,22.6,105.99,0.0398,109.5,7,1920,3840
3187,0.5634,1987.0,5360.0,2009.0,5380.0,22.0,20.0,21.0,1.179,1.072,1.125,638471.189746,3863425.106421,158.1,159.7,65.3,29.4,27.1,23.5,96.03,0.0063,127.7,7,1920,3840
3188,0.563,2431.0,4403.0,2467.0,4437.0,36.0,34.0,35.0,1.929,1.822,1.876,638495.359,3863476.01345,121.1,130.7,47.0,28.6,30.8,20.4,93.32,0.0468,99.6,7,1920,3840
3189,0.5619,2558.0,4757.0,2587.0,4789.0,29.0,32.0,30.5,1.554,1.715,1.634,638501.97741,3863457.09747,175.8,172.8,157.7,39.8,39.2,43.5,12.18,-0.0154,168.8,7,1920,3840
3190,0.5601,2566.0,4711.0,2603.0,4744.0,37.0,33.0,35.0,1.983,1.768,1.876,638502.620494,3863459.535649,96.3,101.8,40.9,27.2,27.6,17.5,66.44,0.035,79.7,7,1920,3840
3191,0.5601,3018.0,5686.0,3049.0,5714.0,31.0,28.0,29.5,1.661,1.5,1.581,638526.682567,3863407.422927,132.7,144.9,58.0,31.0,28.7,23.8,98.99,0.0553,111.9,7,1920,3840
3192,0.56,2096.0,4921.0,2120.0,4945.0,24.0,24.0,24.0,1.286,1.286,1.286,638477.084686,3863448.523655,117.0,131.2,44.1,39.6,40.4,23.0,101.35,0.0699,97.4,7,1920,3840
3193,0.5591,2100.0,5262.0,2128.0,5288.0,28.0,26.0,27.0,1.5,1.393,1.447,638477.406228,3863430.197124,144.4,153.7,53.0,28.1,28.2,17.2,110.03,0.0378,117.0,7,1920,3840
3194,0.5577,2428.0,5798.0,2453.0,5822.0,25.0,24.0,24.5,1.34,1.286,1.313,638494.903482,3863401.528429,142.3,149.3,54.1,40.3,41.4,23.1,102.29,0.0296,115.2,7,1920,3840
3195,0.5567,2530.0,5537.0,2563.0,5569.0,33.0,32.0,32.5,1.768,1.715,1.742,638500.58406,3863415.30012,149.9,159.0,57.9,36.2,33.1,24.1,110.22,0.0363,122.2,7,1920,3840
3196,0.5563,2744.0,5534.0,2769.0,5559.0,25.0,25.0,25.0,1.34,1.34,1.34,638511.838037,3863415.648431,122.4,133.6,48.9,29.9,30.4,17.3,95.93,0.054,101.6,7,1920,3840
3197,0.5557,3736.0,5241.0,3776.0,5280.0,40.0,39.0,39.5,2.144,2.09,2.117,638565.401605,3863430.974126,129.7,127.4,58.8,26.5,27.2,21.5,66.38,-0.0112,105.3,7,1920,3840
3198,0.5549,2251.0,5595.0,2277.0,5618.0,26.0,23.0,24.5,1.393,1.233,1.313,638485.444783,3863412.433251,143.5,149.0,55.7,31.9,31.1,19.6,98.7,0.0232,116.1,7,1920,3840
3199,0.5543,2081.0,4059.0,2106.0,4084.0,25.0,25.0,25.0,1.34,1.34,1.34,638476.307626,3863494.688292,98.0,106.7,34.4,22.1,24.7,13.7,81.07,0.0513,79.7,7,1920,3840
3200,0.5542,2442.0,5112.0,2466.0,5137.0,24.0,25.0,24.5,1.286,1.34,1.313,638495.626952,3863438.261869,138.9,152.2,56.7,25.8,27.6,19.2,108.75,0.0566,115.9,7,1920,3840
3201,0.5538,3658.0,5633.0,3693.0,5670.0,35.0,37.0,36.0,1.876,1.983,1.929,638561.087581,3863410.021865,128.2,132.8,60.3,30.6,28.4,24.2,77.09,0.0228,107.1,7,1920,3840
3202,0.5514,2567.0,4347.0,2608.0,4384.0,41.0,37.0,39.0,2.197,1.983,2.09,638502.781265,3863478.933906,114.9,124.7,42.2,33.4,31.9,27.8,92.26,0.0497,93.9,7,1920,3840
3203,0.5512,2720.0,5161.0,2767.0,5198.0,47.0,37.0,42.0,2.519,1.983,2.251,638511.141362,3863435.31462,117.2,124.6,48.8,29.1,30.9,19.7,83.27,0.0385,96.9,7,1920,3840
3204,0.551,2393.0,5720.0,2417.0,5742.0,24.0,22.0,23.0,1.286,1.179,1.233,638493.001024,3863405.761751,135.9,146.0,45.0,37.5,37.7,22.1,111.15,0.0426,109.0,7,1920,3840
3205,0.5506,2460.0,4164.0,2495.0,4197.0,35.0,33.0,34.0,1.876,1.768,1.822,638496.886325,3863488.84738,111.5,122.5,47.1,26.7,29.4,21.1,86.29,0.0585,93.7,7,1920,3840
3206,0.548,3929.0,5149.0,3964.0,5186.0,35.0,37.0,36.0,1.876,1.983,1.929,638575.610569,3863435.957657,128.2,125.1,42.5,28.6,29.5,17.7,79.59,-0.0143,98.6,7,1920,3840
3207,0.5475,2433.0,5188.0,2479.0,5226.0,46.0,38.0,42.0,2.465,2.036,2.251,638495.734133,3863433.840996,148.1,149.7,64.9,35.0,34.6,24.9,86.49,0.0071,120.9,7,1920,3840
3208,0.5471,3169.0,5582.0,3194.0,5607.0,25.0,25.0,25.0,1.34,1.34,1.34,638534.613941,3863413.076287,129.8,145.3,52.5,33.7,31.2,27.1,108.33,0.0697,109.2,7,1920,3840
3209,0.5463,2655.0,5328.0,2693.0,5360.0,38.0,32.0,35.0,2.036,1.715,1.876,638507.416832,3863426.499666,127.3,132.2,56.6,32.2,30.6,23.4,80.37,0.0239,105.4,7,1920,3840
3210,0.546,2376.0,4447.0,2414.0,4486.0,38.0,39.0,38.5,2.036,2.09,2.063,638492.46512,3863473.521685,120.8,128.8,47.7,34.1,35.2,20.4,89.05,0.0394,99.1,7,1920,3840
3211,0.5459,2880.0,5843.0,2908.0,5870.0,28.0,27.0,27.5,1.5,1.447,1.474,638519.206712,3863399.036664,126.4,141.7,48.2,33.7,33.8,18.9,108.74,0.0695,105.4,7,1920,3840
3212,0.5451,2431.0,5356.0,2455.0,5378.0,24.0,22.0,23.0,1.286,1.179,1.233,638495.037458,3863425.26718,125.0,129.4,52.0,32.3,33.7,18.5,81.83,0.022,102.1,7,1920,3840
3213,0.5449,3386.0,5571.0,3413.0,5596.0,27.0,25.0,26.0,1.447,1.34,1.393,638546.29664,3863413.665737,119.3,129.4,52.7,39.5,37.3,25.5,86.79,0.0513,100.5,7,1920,3840
3214,0.5445,2772.0,4795.0,2809.0,4830.0,37.0,35.0,36.0,1.983,1.876,1.929,638513.660109,3863454.980809,105.7,112.3,46.0,28.3,27.9,21.8,72.94,0.0384,88.0,7,1920,3840
3215,0.5442,3211.0,4521.0,3239.0,4546.0,28.0,25.0,26.5,1.5,1.34,1.42,638536.945122,3863469.9314,132.9,143.4,56.8,38.6,35.2,24.5,97.15,0.0478,111.0,7,1920,3840
3216,0.5433,2155.0,5387.0,2191.0,5418.0,36.0,31.0,33.5,1.929,1.661,1.795,638480.56806,3863423.364865,133.6,138.4,54.5,28.2,31.7,18.1,88.66,0.022,108.8,7,1920,3840
3217,0.541,2866.0,5366.0,2901.0,5400.0,35.0,34.0,34.5,1.876,1.822,1.849,638518.644013,3863424.409799,120.3,128.8,60.7,28.5,30.0,24.0,76.74,0.0455,103.3,7,1920,3840
3218,0.5408,3499.0,3899.0,3531.0,3928.0,32.0,29.0,30.5,1.715,1.554,1.634,638552.486327,3863503.154935,130.2,138.1,43.9,28.7,26.3,28.0,102.06,0.0352,104.0,7,1920,3840
3219,0.5407,3645.0,5179.0,3682.0,5213.0,37.0,34.0,35.5,1.983,1.822,1.902,638560.444496,3863434.430446,122.7,126.2,53.5,24.4,24.4,22.5,76.1,0.0177,100.8,7,1920,3840
3220,0.5403,3499.0,4528.0,3538.0,4562.0,39.0,34.0,36.5,2.09,1.822,1.956,638552.673894,3863469.315157,121.5,126.1,48.8,28.3,29.8,19.5,81.79,0.0227,98.8,7,1920,3840
3221,0.54,3816.0,4226.0,3840.0,4248.0,24.0,22.0,23.0,1.286,1.179,1.233,638569.260111,3863485.819752,115.5,124.2,47.4,30.9,29.5,20.3,85.44,0.0452,95.7,7,1920,3840
3222,0.54,3511.0,4954.0,3537.0,4981.0,26.0,27.0,26.5,1.393,1.447,1.42,638552.968641,3863446.674926,175.2,166.4,156.7,35.7,40.0,44.1,0.95,-0.0474,166.1,7,1920,3840
3223,0.5398,3280.0,4339.0,3318.0,4374.0,38.0,35.0,36.5,2.036,1.876,1.956,638540.910809,3863479.416183,126.2,124.8,54.5,25.5,25.5,19.6,68.92,-0.007,101.8,7,1920,3840
3224,0.539,3434.0,4158.0,3464.0,4180.0,30.0,22.0,26.0,1.608,1.179,1.393,638548.949363,3863489.463623,109.0,109.8,41.6,27.2,23.2,18.1,68.97,0.0045,86.8,7,1920,3840
3225,0.539,2571.0,5304.0,2604.0,5338.0,33.0,34.0,33.5,1.768,1.822,1.795,638502.781265,3863427.732152,128.8,135.2,57.2,31.9,31.8,21.3,84.42,0.0311,107.1,7,1920,3840
3226,0.5386,2823.0,5083.0,2844.0,5104.0,21.0,21.0,21.0,1.125,1.125,1.125,638515.964495,3863439.923046,122.6,130.3,40.2,30.9,30.1,16.9,97.71,0.0359,97.7,7,1920,3840
3227,0.5378,2696.0,5274.0,2738.0,5310.0,42.0,36.0,39.0,2.251,1.929,2.09,638509.721217,3863429.286156,128.0,135.1,56.2,32.4,29.7,26.9,85.87,0.0341,106.4,7,1920,3840
3228,0.5376,2735.0,4706.0,2778.0,4744.0,43.0,38.0,40.5,2.304,2.036,2.17,638511.838037,3863459.669615,130.0,136.2,48.3,28.8,26.7,19.3,94.07,0.0283,104.9,7,1920,3840
3229,0.5371,2317.0,3988.0,2346.0,4017.0,29.0,29.0,29.0,1.554,1.554,1.554,638489.062132,3863498.38575,118.5,124.3,54.0,23.3,24.6,20.0,76.23,0.031,98.9,7,1920,3840
3230,0.537,2517.0,5851.0,2566.0,5885.0,49.0,34.0,41.5,2.626,1.822,2.224,638500.316109,3863398.420421,140.0,146.7,65.9,38.6,36.8,28.5,87.4,0.0301,117.5,7,1920,3840
3231,0.5366,3626.0,5300.0,3663.0,5336.0,37.0,36.0,36.5,1.983,1.929,1.956,638559.426279,3863427.892911,116.5,123.5,48.4,30.5,34.4,21.0,82.05,0.0366,96.1,7,1920,3840
3232,0.5365,3388.0,4892.0,3427.0,4924.0,39.0,32.0,35.5,2.09,1.715,1.902,638546.725363,3863449.863313,110.7,124.2,47.7,24.2,24.9,17.7,89.87,0.0717,94.2,7,1920,3840
3233,0.5361,2494.0,5780.0,2522.0,5807.0,28.0,27.0,27.5,1.5,1.447,1.474,638498.520831,3863402.412604,128.2,138.9,50.1,31.2,30.0,21.8,99.51,0.0493,105.7,7,1920,3840
3234,0.5358,3237.0,4205.0,3274.0,4240.0,37.0,35.0,36.0,1.983,1.876,1.929,638538.579628,3863486.596754,118.3,121.5,52.1,29.4,31.7,19.6,72.57,0.0172,97.3,7,1920,3840
3235,0.5358,2200.0,5624.0,2228.0,5650.0,28.0,26.0,27.0,1.5,1.393,1.447,638482.765265,3863410.798867,154.2,153.6,61.4,27.0,28.7,22.3,91.53,-0.0026,123.1,7,1920,3840
3236,0.535,2713.0,5085.0,2743.0,5118.0,30.0,33.0,31.5,1.608,1.768,1.688,638510.310711,3863439.494355,158.8,155.6,144.7,41.3,39.8,41.6,7.56,-0.0192,153.0,7,1920,3840
3237,0.5344,3345.0,5667.0,3389.0,5702.0,44.0,35.0,39.5,2.358,1.876,2.117,638544.554954,3863408.253516,142.2,149.6,55.5,35.5,33.6,22.6,101.62,0.0317,115.8,7,1920,3840
3238,0.5331,2031.0,5468.0,2056.0,5490.0,25.0,22.0,23.5,1.34,1.179,1.259,638473.628108,3863419.26551,151.2,152.2,63.3,31.6,31.4,24.6,89.98,0.0045,122.2,7,1920,3840
3239,0.5326,1949.0,4239.0,1993.0,4279.0,44.0,40.0,42.0,2.358,2.144,2.251,638469.742806,3863484.640852,119.7,131.7,44.5,34.3,34.3,22.4,99.27,0.0582,98.6,7,1920,3840
3240,0.5313,3532.0,5414.0,3562.0,5445.0,30.0,31.0,30.5,1.608,1.661,1.634,638554.201219,3863421.918034,118.3,117.8,43.0,28.1,29.8,16.7,74.33,-0.0024,93.0,7,1920,3840
3241,0.531,2736.0,5664.0,2767.0,5690.0,31.0,26.0,28.5,1.661,1.393,1.527,638511.570085,3863408.655413,128.0,136.1,53.6,30.0,29.6,19.0,90.69,0.0388,105.9,7,1920,3840
3242,0.531,2240.0,5386.0,2268.0,5409.0,28.0,23.0,25.5,1.5,1.233,1.367,638484.908879,3863423.632797,141.7,150.7,56.4,34.5,35.4,22.5,103.35,0.0381,116.3,7,1920,3840
3243,0.5306,3787.0,4314.0,3817.0,4342.0,30.0,28.0,29.0,1.608,1.5,1.554,638567.866762,3863480.943394,88.6,101.8,35.0,22.2,22.8,15.2,79.91,0.0849,75.1,7,1920,3840
3244,0.5305,3416.0,3865.0,3442.0,3892.0,26.0,27.0,26.5,1.393,1.447,1.42,638547.877556,3863505.030457,139.2,134.8,64.9,32.0,32.8,25.6,65.58,-0.0208,113.0,7,1920,3840
3245,0.5302,2865.0,5805.0,2896.0,5831.0,31.0,26.0,28.5,1.661,1.393,1.527,638518.483242,3863401.099738,119.0,129.8,49.1,30.3,30.8,19.3,91.53,0.0542,99.3,7,1920,3840
3246,0.5295,2619.0,4565.0,2651.0,4594.0,32.0,29.0,30.5,1.715,1.554,1.634,638505.326808,3863467.466428,102.3,115.2,38.6,27.8,31.0,15.6,89.51,0.0722,85.4,7,1920,3840
3247,0.5291,2812.0,5873.0,2838.0,5887.0,26.0,14.0,20.0,1.393,0.75,1.072,638515.508977,3863397.777385,103.2,113.2,47.2,27.6,28.5,19.1,76.11,0.0595,87.9,7,1920,3840
3248,0.5284,2322.0,4169.0,2362.0,4209.0,40.0,40.0,40.0,2.144,2.144,2.144,638489.624831,3863488.391896,122.8,131.3,57.6,30.9,32.7,20.1,82.15,0.0432,103.9,7,1920,3840
3249,0.5283,2833.0,3894.0,2876.0,3930.0,43.0,36.0,39.5,2.304,1.929,2.117,638517.089892,3863503.235314,117.0,123.4,43.1,34.5,33.7,24.4,86.8,0.0325,94.5,7,1920,3840
3250,0.5277,2487.0,4764.0,2519.0,4794.0,32.0,30.0,31.0,1.715,1.608,1.661,638498.25288,3863456.775952,198.4,195.0,178.8,27.6,28.7,32.1,12.83,-0.0158,190.7,7,1920,3840
3251,0.5275,3562.0,4139.0,3589.0,4167.0,27.0,28.0,27.5,1.447,1.5,1.474,638555.728544,3863490.321005,139.9,147.6,57.8,27.4,29.3,21.3,97.53,0.0334,115.1,7,1920,3840
3252,0.5269,2470.0,5232.0,2497.0,5258.0,27.0,26.0,26.5,1.447,1.393,1.42,638497.207868,3863431.804715,134.0,143.1,53.9,28.6,28.5,18.8,98.38,0.0409,110.3,7,1920,3840
3253,0.5269,3420.0,3929.0,3439.0,3962.0,19.0,33.0,26.0,1.018,1.768,1.393,638547.904351,3863501.440171,174.3,163.3,157.6,40.8,43.7,48.2,-5.39,-0.0613,165.1,7,1920,3840
3254,0.5268,1955.0,5220.0,1998.0,5259.0,43.0,39.0,41.0,2.304,2.09,2.197,638470.037553,3863432.09944,124.0,129.1,47.6,24.2,23.4,15.9,86.64,0.0249,100.2,7,1920,3840
3255,0.5267,3274.0,5672.0,3313.0,5709.0,39.0,37.0,38.0,2.09,1.983,2.036,638540.616062,3863407.931998,119.4,134.0,40.3,32.5,31.0,21.5,108.23,0.0686,97.9,7,1920,3840
3256,0.5267,2759.0,5703.0,2783.0,5725.0,24.0,22.0,23.0,1.286,1.179,1.233,638512.615097,3863406.672718,121.6,134.4,48.5,36.7,36.5,20.1,98.68,0.0615,101.5,7,1920,3840
3257,0.5264,3468.0,3877.0,3495.0,3918.0,27.0,41.0,34.0,1.447,2.197,1.822,638550.69105,3863504.012316,200.7,196.0,185.1,28.8,31.0,33.3,6.33,-0.022,193.9,7,1920,3840
3258,0.5258,2188.0,4594.0,2219.0,4618.0,31.0,24.0,27.5,1.661,1.286,1.474,638482.202566,3863466.04639,105.4,119.6,40.9,27.8,27.0,17.6,92.89,0.0771,88.6,7,1920,3840
3259,0.5255,2946.0,4583.0,2983.0,4617.0,37.0,34.0,35.5,1.983,1.822,1.902,638522.984832,3863466.367908,135.3,141.0,58.1,33.3,35.9,21.1,88.69,0.0265,111.5,7,1920,3840
3260,0.5253,3724.0,4762.0,3748.0,4788.0,24.0,26.0,25.0,1.286,1.393,1.34,638564.329798,3863456.990297,181.2,170.3,150.7,36.0,36.1,42.8,8.68,-0.0543,167.4,7,1920,3840
3261,0.5248,2778.0,4990.0,2807.0,5017.0,29.0,27.0,28.0,1.554,1.447,1.5,638513.76729,3863444.745817,109.7,120.6,43.4,33.1,31.8,28.1,88.08,0.0583,91.2,7,1920,3840
3262,0.5245,2843.0,4790.0,2877.0,4824.0,34.0,34.0,34.0,1.822,1.822,1.822,638517.384639,3863455.275534,115.3,123.7,45.0,34.0,33.4,20.8,87.04,0.0433,94.7,7,1920,3840
3263,0.5242,2674.0,5553.0,2710.0,5588.0,36.0,35.0,35.5,1.929,1.876,1.902,638508.381458,3863414.362359,109.8,120.1,46.4,33.2,33.6,17.1,84.07,0.0562,92.1,7,1920,3840
3264,0.5237,2698.0,4753.0,2724.0,4778.0,26.0,25.0,25.5,1.393,1.34,1.367,638509.399675,3863457.499368,136.7,141.5,57.2,30.1,29.6,21.6,89.1,0.0218,111.8,7,1920,3840
3265,0.5234,3784.0,5873.0,3816.0,5887.0,32.0,14.0,23.0,1.715,0.75,1.233,638567.759581,3863397.777385,134.1,132.2,64.2,34.8,30.3,25.4,66.19,-0.0092,110.2,7,1920,3840
3266,0.5234,3636.0,4800.0,3665.0,4831.0,29.0,31.0,30.0,1.554,1.661,1.608,638559.747822,3863454.82005,142.8,144.7,74.2,28.9,28.8,31.4,72.5,0.0092,120.6,7,1920,3840
3267,0.5231,3357.0,5320.0,3383.0,5345.0,26.0,25.0,25.5,1.393,1.34,1.367,638544.715725,3863427.115909,135.4,144.3,52.1,38.3,35.8,22.2,100.96,0.0389,110.6,7,1920,3840
3268,0.523,2750.0,4498.0,2787.0,4533.0,37.0,35.0,36.0,1.983,1.876,1.929,638512.481121,3863470.895954,134.0,140.2,52.7,35.5,33.4,21.4,93.8,0.0282,109.0,7,1920,3840
3269,0.5229,2287.0,4237.0,2312.0,4262.0,25.0,25.0,25.0,1.34,1.34,1.34,638487.347241,3863485.149922,102.3,116.9,37.2,29.5,27.8,18.4,94.37,0.0803,85.5,7,1920,3840
3270,0.5227,2840.0,5457.0,2873.0,5488.0,33.0,31.0,32.0,1.768,1.661,1.715,638517.197073,3863419.613821,132.8,137.7,48.3,35.1,34.1,22.1,94.38,0.0221,106.3,7,1920,3840
3271,0.5226,3257.0,4442.0,3300.0,4480.0,43.0,38.0,40.5,2.304,2.036,2.17,638539.812206,3863473.81641,124.3,130.1,56.4,21.3,22.4,18.6,79.53,0.0295,103.6,7,1920,3840
3272,0.5222,3645.0,4089.0,3665.0,4110.0,20.0,21.0,20.5,1.072,1.125,1.099,638559.988978,3863493.187874,185.6,176.9,165.2,23.1,26.8,31.7,3.12,-0.0436,175.9,7,1920,3840
3273,0.5217,3393.0,4758.0,3419.0,4781.0,26.0,23.0,24.5,1.393,1.233,1.313,638546.644978,3863457.285022,119.2,130.6,56.4,22.8,23.2,14.5,85.58,0.059,102.0,7,1920,3840
3274,0.521,3429.0,5326.0,3463.0,5359.0,34.0,33.0,33.5,1.822,1.768,1.795,638548.788592,3863426.580046,113.5,125.5,39.8,34.6,33.2,18.3,97.8,0.0605,92.9,7,1920,3840
3275,0.521,3309.0,4702.0,3340.0,4714.0,31.0,12.0,21.5,1.661,0.643,1.152,638542.277363,3863460.580583,137.0,133.4,60.0,29.5,25.2,19.0,69.79,-0.0171,110.2,7,1920,3840
3276,0.5208,2478.0,5577.0,2505.0,5602.0,27.0,25.0,26.0,1.447,1.34,1.393,638497.63659,3863413.344218,158.8,165.4,60.2,31.2,31.8,19.2,111.9,0.0251,128.1,7,1920,3840
3277,0.5208,2457.0,3995.0,2493.0,4027.0,36.0,32.0,34.0,1.929,1.715,1.822,638496.752349,3863497.930266,95.6,105.2,38.5,27.5,26.4,21.8,76.32,0.0592,79.8,7,1920,3840
3278,0.5202,2744.0,5054.0,2772.0,5081.0,28.0,27.0,27.5,1.5,1.447,1.474,638511.918422,3863441.316291,118.1,130.5,53.7,35.2,34.0,23.1,89.3,0.0639,100.7,7,1920,3840
3279,0.5197,3481.0,4327.0,3522.0,4366.0,41.0,39.0,40.0,2.197,2.09,2.144,638551.762858,3863479.952047,122.5,128.6,55.3,29.7,27.1,22.4,79.37,0.0309,102.1,7,1920,3840
3280,0.5196,2284.0,4759.0,2322.0,4794.0,38.0,35.0,36.5,2.036,1.876,1.956,638487.534807,3863456.909918,127.9,143.0,49.2,36.4,36.1,19.4,108.89,0.068,106.7,7,1920,3840
3281,0.5195,3880.0,4843.0,3913.0,4874.0,33.0,31.0,32.0,1.768,1.661,1.715,638572.931051,3863452.515837,122.2,120.3,51.1,21.4,21.9,15.7,67.28,-0.0101,97.9,7,1920,3840
3282,0.5193,2316.0,4323.0,2353.0,4355.0,37.0,32.0,34.5,1.983,1.715,1.849,638489.222903,3863480.353944,102.7,116.9,42.3,30.5,30.2,17.3,88.93,0.0804,87.3,7,1920,3840
3283,0.5186,2552.0,5161.0,2593.0,5199.0,41.0,38.0,39.5,2.197,2.036,2.117,638501.97741,3863435.287827,113.4,127.4,38.2,28.7,28.7,15.2,103.25,0.0694,93.0,7,1920,3840
3284,0.5184,3537.0,4260.0,3573.0,4297.0,36.0,37.0,36.5,1.929,1.983,1.956,638554.629942,3863483.595918,126.7,127.0,55.9,30.2,28.0,24.0,71.4,0.0015,103.2,7,1920,3840
3285,0.5182,3344.0,4505.0,3376.0,4536.0,32.0,31.0,31.5,1.715,1.661,1.688,638544.179821,3863470.628022,125.3,130.9,51.0,28.6,28.1,18.9,85.54,0.0276,102.4,7,1920,3840
3286,0.5175,2972.0,5425.0,3007.0,5460.0,35.0,35.0,35.0,1.876,1.876,1.876,638524.324591,3863421.221411,131.6,135.6,57.6,35.8,36.1,23.2,82.04,0.0191,108.3,7,1920,3840
3287,0.5169,3354.0,3870.0,3387.0,3905.0,33.0,35.0,34.0,1.768,1.876,1.822,638544.74252,3863504.54818,129.3,131.0,58.0,27.5,26.6,19.3,74.55,0.008,106.1,7,1920,3840
3288,0.5169,3401.0,4638.0,3437.0,4673.0,36.0,35.0,35.5,1.929,1.876,1.902,638547.341653,3863463.393866,135.9,138.4,57.3,25.5,23.8,22.5,83.64,0.0118,110.5,7,1920,3840
3289,0.5167,2063.0,4501.0,2096.0,4533.0,33.0,32.0,32.5,1.768,1.715,1.742,638475.557361,3863470.815575,125.5,133.6,52.0,30.3,31.7,21.1,89.71,0.0392,103.7,7,1920,3840
3290,0.5162,3536.0,5771.0,3562.0,5795.0,26.0,24.0,25.0,1.393,1.286,1.34,638554.3084,3863402.975261,118.6,129.7,44.8,26.7,27.6,17.3,95.98,0.0544,97.7,7,1920,3840
3291,0.5156,2875.0,4890.0,2901.0,4915.0,26.0,25.0,25.5,1.393,1.34,1.367,638518.88517,3863450.158038,96.4,108.9,35.5,30.5,29.2,15.7,85.92,0.0739,80.3,7,1920,3840
3292,0.5152,2023.0,4398.0,2060.0,4434.0,37.0,36.0,36.5,1.983,1.929,1.956,638473.520927,3863476.227796,111.5,123.2,52.8,27.4,27.2,19.9,82.05,0.0644,95.8,7,1920,3840
3293,0.5145,2955.0,4889.0,2986.0,4913.0,31.0,24.0,27.5,1.661,1.286,1.474,638523.306375,3863450.238418,138.3,140.0,52.0,25.6,25.6,18.0,89.62,0.0074,110.1,7,1920,3840
3294,0.514,3857.0,5168.0,3898.0,5202.0,41.0,34.0,37.5,2.197,1.822,2.01,638571.912834,3863435.019895,122.2,127.3,54.7,32.4,30.5,31.9,77.75,0.0262,101.4,7,1920,3840
3295,0.5136,2290.0,5127.0,2315.0,5150.0,25.0,23.0,24.0,1.34,1.233,1.286,638487.508012,3863437.511661,114.9,126.8,41.3,27.4,26.5,15.4,97.31,0.0591,94.3,7,1920,3840
3296,0.5135,2563.0,4955.0,2590.0,4982.0,27.0,27.0,27.0,1.447,1.447,1.447,638502.191771,3863446.621339,115.6,127.5,43.0,28.8,28.1,18.9,96.51,0.0596,95.4,7,1920,3840
3297,0.5135,2377.0,5675.0,2401.0,5697.0,24.0,22.0,23.0,1.286,1.179,1.233,638492.143578,3863408.173136,129.7,139.5,53.5,32.0,31.9,21.3,95.72,0.0451,107.6,7,1920,3840
3298,0.5128,2640.0,4359.0,2666.0,4381.0,26.0,22.0,24.0,1.393,1.179,1.286,638506.291434,3863478.692768,106.4,115.1,43.7,27.7,28.0,18.9,80.16,0.0489,88.4,7,1920,3840
3299,0.5125,3451.0,5376.0,3476.0,5401.0,25.0,25.0,25.0,1.34,1.34,1.34,638549.726424,3863424.115074,126.5,139.3,42.7,29.5,28.5,18.9,109.44,0.0574,102.9,7,1920,3840
3300,0.5122,2951.0,5677.0,2993.0,5713.0,42.0,36.0,39.0,2.251,1.929,2.09,638523.38676,3863407.690859,127.1,140.1,52.4,32.9,30.9,25.0,100.61,0.0603,106.5,7,1920,3840
3301,0.5121,2104.0,4577.0,2149.0,4615.0,45.0,38.0,41.5,2.411,2.036,2.224,638478.076108,3863466.582253,127.3,138.7,50.3,29.0,28.3,19.1,99.81,0.0528,105.4,7,1920,3840
3302,0.5119,3863.0,5393.0,3890.0,5419.0,27.0,26.0,26.5,1.447,1.393,1.42,638571.859244,3863423.177313,131.4,134.7,60.0,33.0,33.2,27.2,77.91,0.0158,108.7,7,1920,3840
3303,0.5116,2120.0,3841.0,2162.0,3876.0,42.0,35.0,38.5,2.251,1.876,2.063,638478.853168,3863506.102184,118.4,122.0,45.4,23.5,26.2,19.0,80.23,0.0186,95.2,7,1920,3840
3304,0.5101,2548.0,5589.0,2570.0,5608.0,22.0,19.0,20.5,1.179,1.018,1.099,638501.25394,3863412.861941,159.2,167.8,68.2,35.1,33.2,21.9,108.18,0.0333,131.7,7,1920,3840
3305,0.5098,2747.0,5875.0,2772.0,5888.0,25.0,13.0,19.0,1.34,0.697,1.018,638511.998808,3863397.697005,125.9,135.2,60.5,32.4,31.6,21.9,83.93,0.0463,107.2,7,1920,3840
3306,0.5093,2917.0,5775.0,2943.0,5798.0,26.0,23.0,24.5,1.393,1.233,1.313,638521.135965,3863402.787708,108.1,126.2,46.2,25.9,24.2,16.2,98.11,0.096,93.5,7,1920,3840
3307,0.5092,3159.0,4381.0,3194.0,4414.0,35.0,33.0,34.0,1.876,1.768,1.822,638534.345989,3863477.219143,123.1,131.4,57.8,26.0,26.5,30.9,82.0,0.0425,104.1,7,1920,3840
3308,0.509,3612.0,5112.0,3650.0,5147.0,38.0,35.0,36.5,2.036,1.876,1.956,638558.70281,3863437.993938,141.2,138.9,66.1,25.1,27.6,22.9,70.44,-0.0108,115.4,7,1920,3840
3309,0.5087,3470.0,4440.0,3513.0,4477.0,43.0,37.0,40.0,2.304,1.983,2.144,638551.226954,3863473.950376,123.4,127.2,52.9,28.4,27.6,20.4,78.14,0.0193,101.1,7,1920,3840
3310,0.5082,2481.0,5088.0,2506.0,5111.0,25.0,23.0,24.0,1.34,1.233,1.286,638497.743771,3863439.601528,156.0,161.5,60.1,26.7,29.8,18.7,106.87,0.0213,125.9,7,1920,3840
3311,0.5081,2098.0,4276.0,2128.0,4304.0,30.0,28.0,29.0,1.608,1.5,1.554,638477.352638,3863482.979675,96.6,110.3,35.1,24.8,24.4,11.8,88.88,0.0797,80.6,7,1920,3840
3312,0.508,3800.0,5211.0,3826.0,5234.0,26.0,23.0,24.5,1.393,1.233,1.313,638568.456256,3863433.010408,105.8,113.4,42.9,32.0,30.8,21.7,77.99,0.0427,87.4,7,1920,3840
3313,0.5077,2260.0,5299.0,2300.0,5332.0,40.0,33.0,36.5,2.144,1.768,1.956,638486.302229,3863428.026877,122.4,133.2,44.5,32.2,29.9,20.7,99.51,0.0511,100.0,7,1920,3840
3314,0.5074,3137.0,4201.0,3172.0,4232.0,35.0,31.0,33.0,1.876,1.661,1.768,638533.167001,3863486.918272,104.6,109.7,44.7,21.2,25.9,14.7,70.2,0.0302,86.3,7,1920,3840
3315,0.5066,3921.0,3867.0,3950.0,3891.0,29.0,24.0,26.5,1.554,1.286,1.42,638575.021075,3863505.003663,118.3,118.5,48.1,29.1,28.3,18.6,70.6,0.0012,94.9,7,1920,3840
3316,0.5064,2194.0,5308.0,2215.0,5328.0,21.0,20.0,20.5,1.125,1.072,1.099,638482.256156,3863427.892911,151.7,161.2,64.6,35.6,32.9,21.8,106.08,0.0381,125.8,7,1920,3840
3317,0.5064,3607.0,4433.0,3640.0,4465.0,33.0,32.0,32.5,1.768,1.715,1.742,638558.300882,3863474.459446,120.5,125.7,55.9,36.6,34.5,33.7,74.99,0.0272,100.7,7,1920,3840
3318,0.5063,3768.0,5328.0,3809.0,5366.0,41.0,38.0,39.5,2.197,2.036,2.117,638567.143292,3863426.338907,117.7,127.0,48.1,27.0,27.4,19.3,88.19,0.0473,97.6,7,1920,3840
3319,0.5059,3507.0,5269.0,3538.0,5299.0,31.0,30.0,30.5,1.661,1.608,1.634,638552.888255,3863429.714847,181.0,172.5,164.3,35.7,36.8,36.8,-0.39,-0.0452,172.6,7,1920,3840
3320,0.5055,1962.0,5090.0,1991.0,5116.0,29.0,26.0,27.5,1.554,1.393,1.474,638470.037553,3863439.413976,141.5,144.6,52.2,29.5,28.0,18.6,95.44,0.0131,112.8,7,1920,3840
3321,0.5055,2337.0,4824.0,2372.0,4858.0,35.0,34.0,34.5,1.876,1.822,1.849,638490.294711,3863453.453599,93.2,105.6,39.8,27.7,27.9,16.0,78.09,0.0778,79.5,7,1920,3840
3322,0.5051,2760.0,4956.0,2788.0,4982.0,28.0,26.0,27.0,1.5,1.393,1.447,638512.775868,3863446.594546,110.7,119.5,36.8,26.6,27.8,15.3,91.53,0.0455,89.0,7,1920,3840
3323,0.5048,2046.0,5399.0,2070.0,5422.0,24.0,23.0,23.5,1.286,1.233,1.259,638474.405168,3863422.936174,164.0,161.0,66.8,30.3,29.6,19.9,91.19,-0.0116,130.6,7,1920,3840
3324,0.5046,2303.0,5366.0,2336.0,5399.0,33.0,33.0,33.0,1.768,1.768,1.768,638488.419048,3863424.436592,148.7,154.5,65.9,33.4,34.9,26.4,94.38,0.0245,123.0,7,1920,3840
3325,0.5046,2138.0,4753.0,2173.0,4787.0,35.0,34.0,34.5,1.876,1.822,1.849,638479.630228,3863457.258229,129.4,139.4,47.4,33.3,35.7,19.1,102.04,0.0452,105.4,7,1920,3840
3326,0.5046,3651.0,5349.0,3679.0,5379.0,28.0,30.0,29.0,1.5,1.608,1.554,638560.524882,3863425.42794,111.3,122.7,43.9,23.1,23.9,16.7,90.17,0.0597,92.6,7,1920,3840
3327,0.5038,3180.0,4424.0,3208.0,4454.0,28.0,30.0,29.0,1.5,1.608,1.554,638535.283821,3863474.99531,132.0,144.0,58.3,36.9,35.6,41.1,97.7,0.055,111.4,7,1920,3840
3328,0.5037,3845.0,3840.0,3880.0,3866.0,35.0,26.0,30.5,1.876,1.393,1.634,638571.108979,3863506.396908,138.7,138.8,58.8,22.7,21.8,17.8,80.03,0.0002,112.1,7,1920,3840
3329,0.5035,3875.0,5440.0,3902.0,5465.0,27.0,25.0,26.0,1.447,1.34,1.393,638572.502328,3863420.685548,133.8,134.2,68.6,25.1,25.4,21.4,65.92,0.0019,112.2,7,1920,3840
3330,0.5032,2051.0,4453.0,2092.0,4490.0,41.0,37.0,39.0,2.197,1.983,2.09,638475.128638,3863473.253753,114.0,126.4,56.3,28.1,28.4,22.3,82.66,0.0678,98.9,7,1920,3840
3331,0.5029,3375.0,5366.0,3412.0,5401.0,37.0,35.0,36.0,1.983,1.876,1.929,638545.975098,3863424.383006,112.9,122.4,47.3,31.4,30.0,26.4,84.49,0.0503,94.2,7,1920,3840
3332,0.5028,3684.0,5279.0,3714.0,5306.0,30.0,27.0,28.5,1.608,1.447,1.527,638562.346954,3863429.259363,124.4,121.6,51.9,23.4,25.5,20.9,66.85,-0.0146,99.3,7,1920,3840
3333,0.5028,2245.0,4451.0,2276.0,4476.0,31.0,25.0,28.0,1.661,1.34,1.5,638485.257217,3863473.682444,108.5,118.0,39.0,26.4,28.8,16.9,88.51,0.0507,88.5,7,1920,3840
3334,0.5028,2392.0,5028.0,2419.0,5053.0,27.0,25.0,26.0,1.447,1.34,1.393,638493.027819,3863442.763122,117.4,130.5,50.4,34.3,32.6,22.8,93.2,0.0663,99.4,7,1920,3840
3335,0.5028,3453.0,5426.0,3499.0,5462.0,46.0,36.0,41.0,2.465,1.929,2.197,638550.396303,3863421.141032,134.8,139.2,61.7,26.6,27.6,18.2,81.85,0.0206,111.9,7,1920,3840
3336,0.5018,3509.0,5377.0,3540.0,5407.0,31.0,30.0,30.5,1.661,1.608,1.634,638552.995436,3863423.927522,109.4,117.3,41.6,24.2,25.1,17.6,83.63,0.0426,89.4,7,1920,3840
3337,0.5015,3407.0,4804.0,3447.0,4836.0,40.0,32.0,36.0,2.144,1.715,1.929,638547.770375,3863454.578912,117.1,124.7,58.2,26.4,23.9,26.0,74.17,0.0415,100.0,7,1920,3840
3338,0.5015,3654.0,5776.0,3685.0,5803.0,31.0,27.0,29.0,1.661,1.447,1.554,638560.766039,3863402.626949,124.2,135.2,40.5,26.8,25.4,15.0,105.8,0.0503,100.0,7,1920,3840
3339,0.5005,3088.0,5067.0,3120.0,5090.0,32.0,23.0,27.5,1.715,1.233,1.474,638530.460688,3863440.726841,111.7,121.6,40.1,27.0,27.0,17.6,91.35,0.0512,91.1,7,1920,3840
3340,0.4999,2891.0,5421.0,2919.0,5446.0,28.0,25.0,26.5,1.5,1.34,1.42,638519.796206,3863421.703688,123.3,131.5,53.6,33.5,32.9,23.5,86.21,0.0411,102.8,7,1920,3840
3341,0.4996,3480.0,4083.0,3518.0,4121.0,38.0,38.0,38.0,2.036,2.036,2.036,638551.628882,3863493.053908,148.0,148.9,65.4,28.9,26.6,25.8,84.4,0.0039,120.7,7,1920,3840
3342,0.499,3154.0,5540.0,3178.0,5563.0,24.0,23.0,23.5,1.286,1.233,1.259,638533.783291,3863415.3805,131.5,139.2,59.5,29.5,31.4,17.1,87.35,0.0363,110.1,7,1920,3840
3343,0.4986,2295.0,4860.0,2323.0,4888.0,28.0,28.0,28.0,1.5,1.5,1.5,638487.856349,3863451.685249,120.6,132.2,51.5,22.7,22.6,16.7,92.31,0.0578,101.4,7,1920,3840
3344,0.4985,3827.0,4892.0,3864.0,4925.0,37.0,33.0,35.0,1.983,1.768,1.876,638570.197943,3863449.83652,130.1,136.1,51.8,30.2,29.2,20.3,90.36,0.0282,106.0,7,1920,3840
3345,0.4984,2706.0,4386.0,2735.0,4410.0,29.0,24.0,26.5,1.554,1.286,1.42,638509.908784,3863477.19235,130.0,135.3,46.7,29.3,33.2,16.4,93.83,0.0242,104.0,7,1920,3840
3346,0.4968,2330.0,5265.0,2357.0,5291.0,27.0,26.0,26.5,1.447,1.393,1.42,638489.705217,3863430.036365,140.2,142.9,58.8,26.1,27.4,18.0,86.76,0.0118,114.0,7,1920,3840
3347,0.4958,3117.0,5588.0,3139.0,5611.0,22.0,23.0,22.5,1.179,1.233,1.206,638531.746857,3863412.808355,126.4,138.3,48.7,37.2,35.1,22.5,101.54,0.0552,104.4,7,1920,3840
3348,0.4957,2639.0,4305.0,2662.0,4329.0,23.0,24.0,23.5,1.233,1.286,1.259,638506.157458,3863481.532844,176.5,167.5,161.6,36.0,37.9,37.6,-3.2,-0.0497,168.5,7,1920,3840
3349,0.4955,2672.0,4913.0,2714.0,4952.0,42.0,39.0,40.5,2.251,2.09,2.17,638508.435049,3863448.550448,128.7,137.3,48.8,28.4,28.6,19.5,97.12,0.0397,104.9,7,1920,3840
3350,0.4951,3050.0,4973.0,3080.0,5000.0,30.0,27.0,28.5,1.608,1.447,1.527,638528.370664,3863445.656785,143.2,146.3,58.5,25.5,24.2,21.8,90.85,0.0133,116.0,7,1920,3840
3351,0.4949,2819.0,5236.0,2846.0,5260.0,27.0,24.0,25.5,1.447,1.286,1.367,638515.910904,3863431.643956,123.4,127.6,60.3,40.5,41.2,26.8,71.55,0.0221,103.8,7,1920,3840
3352,0.4947,3781.0,5377.0,3819.0,5416.0,38.0,39.0,38.5,2.036,2.09,2.063,638567.759581,3863423.686383,112.5,119.5,48.2,28.8,28.6,22.1,78.38,0.0385,93.4,7,1920,3840
3353,0.4947,1987.0,3841.0,2013.0,3867.0,26.0,26.0,26.0,1.393,1.393,1.393,638471.296927,3863506.343322,141.0,142.6,55.1,27.8,28.5,17.9,88.95,0.0067,112.9,7,1920,3840
3354,0.4946,3390.0,5406.0,3418.0,5434.0,28.0,28.0,28.0,1.5,1.5,1.5,638546.537797,3863422.427104,122.0,130.2,45.4,27.3,26.5,21.5,93.07,0.0399,99.2,7,1920,3840
3355,0.4945,1945.0,3861.0,1966.0,3881.0,21.0,20.0,20.5,1.125,1.072,1.099,638468.912156,3863505.432354,131.6,138.4,47.4,20.7,20.6,13.9,97.9,0.0307,105.8,7,1920,3840
3356,0.4944,2802.0,4272.0,2839.0,4306.0,37.0,34.0,35.5,1.983,1.822,1.902,638515.26782,3863483.033262,137.1,142.4,49.8,30.6,30.5,22.5,97.98,0.0233,109.8,7,1920,3840
3357,0.4944,2032.0,5251.0,2056.0,5273.0,24.0,22.0,23.0,1.286,1.179,1.233,638473.654903,3863430.893747,149.4,158.5,65.8,32.3,32.1,21.8,101.77,0.0374,124.6,7,1920,3840
3358,0.494,2412.0,5761.0,2438.0,5785.0,26.0,24.0,25.0,1.393,1.286,1.34,638494.072831,3863403.511124,117.9,127.5,51.0,35.1,36.6,22.0,86.13,0.0494,98.8,7,1920,3840
3359,0.4939,3274.0,5305.0,3307.0,5337.0,33.0,32.0,32.5,1.768,1.715,1.742,638540.455291,3863427.732152,137.3,138.7,61.8,33.4,34.0,24.4,78.35,0.0065,112.6,7,1920,3840
3360,0.4938,3105.0,5106.0,3134.0,5130.0,29.0,24.0,26.5,1.554,1.286,1.42,638531.291339,3863438.610181,122.3,135.6,50.0,30.4,30.6,21.1,98.89,0.064,102.6,7,1920,3840
3361,0.4937,2204.0,4494.0,2245.0,4535.0,41.0,41.0,41.0,2.197,2.197,2.197,638483.327963,3863470.949541,118.1,130.3,44.8,33.6,33.6,20.1,97.67,0.0601,97.7,7,1920,3840
3362,0.4937,2813.0,5356.0,2839.0,5383.0,26.0,27.0,26.5,1.393,1.447,1.42,638515.562567,3863425.133215,142.4,149.9,55.3,28.6,27.7,19.4,102.15,0.0317,115.8,7,1920,3840
3363,0.4935,3451.0,4895.0,3480.0,4927.0,29.0,32.0,30.5,1.554,1.715,1.634,638549.833604,3863449.702554,91.8,100.8,40.7,19.4,19.4,16.7,69.08,0.0593,77.7,7,1920,3840
3364,0.4935,3237.0,5222.0,3268.0,5252.0,31.0,30.0,30.5,1.661,1.608,1.634,638538.418857,3863432.233405,120.5,129.1,47.3,36.4,33.6,26.2,90.32,0.0421,99.0,7,1920,3840
3365,0.4935,3838.0,5343.0,3876.0,5377.0,38.0,34.0,36.0,2.036,1.822,1.929,638570.814232,3863425.642285,111.3,117.4,46.5,29.0,28.8,28.2,77.08,0.0337,91.7,7,1920,3840
3366,0.4933,3293.0,4386.0,3324.0,4415.0,31.0,29.0,30.0,1.661,1.554,1.608,638541.419917,3863477.058384,128.9,130.8,54.8,24.0,24.5,17.1,77.95,0.0096,104.8,7,1920,3840
3367,0.4932,3724.0,4336.0,3757.0,4368.0,33.0,32.0,32.5,1.768,1.715,1.742,638564.570954,3863479.657322,118.1,129.9,51.4,28.0,26.3,22.6,90.26,0.06,99.8,7,1920,3840
3368,0.4921,2360.0,4991.0,2386.0,5016.0,26.0,25.0,25.5,1.393,1.34,1.367,638491.286132,3863444.745817,124.5,138.0,52.3,29.0,28.9,18.2,99.26,0.0643,105.0,7,1920,3840
3369,0.492,2913.0,5297.0,2940.0,5325.0,27.0,28.0,27.5,1.447,1.5,1.474,638520.948399,3863428.268016,137.5,143.8,63.2,31.5,30.2,24.8,87.05,0.0292,114.8,7,1920,3840
3370,0.4919,2272.0,4364.0,2310.0,4398.0,38.0,34.0,36.0,2.036,1.822,1.929,638486.891723,3863478.103318,108.4,114.7,46.0,28.9,29.9,19.3,74.98,0.0358,89.7,7,1920,3840
3371,0.4914,2496.0,4710.0,2531.0,4743.0,35.0,33.0,34.0,1.876,1.768,1.822,638498.815578,3863459.589235,134.2,135.5,52.4,28.0,29.4,21.4,84.44,0.0061,107.4,7,1920,3840
3372,0.4913,2420.0,4096.0,2469.0,4138.0,49.0,42.0,45.5,2.626,2.251,2.438,638495.117843,3863492.250113,112.9,124.2,43.8,26.6,26.6,20.8,91.72,0.0584,93.7,7,1920,3840
3373,0.4912,2497.0,4973.0,2524.0,4996.0,27.0,23.0,25.0,1.447,1.233,1.34,638498.654807,3863445.763958,98.0,111.6,40.2,29.0,29.8,18.3,85.03,0.0805,83.2,7,1920,3840
3374,0.4911,3397.0,4055.0,3428.0,4086.0,31.0,31.0,31.0,1.661,1.661,1.661,638546.993315,3863494.741878,108.5,113.0,46.5,23.6,24.7,17.1,71.01,0.026,89.3,7,1920,3840
3375,0.4909,2402.0,5854.0,2424.0,5873.0,22.0,19.0,20.5,1.179,1.018,1.099,638493.429747,3863398.66156,162.5,165.4,52.6,31.7,29.8,19.2,115.64,0.0103,126.8,7,1920,3840
3376,0.4906,1973.0,4711.0,2013.0,4748.0,40.0,37.0,38.5,2.144,1.983,2.063,638470.921794,3863459.428476,129.5,141.8,48.8,30.2,30.5,20.5,105.39,0.0553,106.7,7,1920,3840
3377,0.4898,3427.0,5815.0,3457.0,5846.0,30.0,31.0,30.5,1.608,1.661,1.634,638548.574231,3863400.429909,137.1,140.1,56.2,32.9,30.0,28.3,86.84,0.0133,111.1,7,1920,3840
3378,0.4895,2395.0,4327.0,2429.0,4358.0,34.0,31.0,32.5,1.822,1.661,1.742,638493.376157,3863480.166392,116.9,131.4,50.0,37.1,34.5,32.8,96.0,0.0733,99.4,7,1920,3840
3379,0.4894,1956.0,5617.0,1977.0,5636.0,21.0,19.0,20.0,1.125,1.018,1.072,638469.50165,3863411.361524,126.8,134.7,42.6,34.5,32.5,21.2,99.91,0.0361,101.4,7,1920,3840
3380,0.4885,3142.0,4498.0,3165.0,4522.0,23.0,24.0,23.5,1.233,1.286,1.259,638533.113411,3863471.190679,133.9,134.4,52.1,31.8,29.6,21.0,82.83,0.0025,106.8,7,1920,3840
3381,0.4883,2400.0,4182.0,2442.0,4218.0,42.0,36.0,39.0,2.251,1.929,2.09,638493.85847,3863487.802446,113.7,125.2,43.8,29.7,28.7,19.3,92.82,0.0587,94.2,7,1920,3840
3382,0.4879,3634.0,4505.0,3679.0,4545.0,45.0,40.0,42.5,2.411,2.144,2.278,638560.069364,3863470.386884,143.3,140.5,66.2,28.2,25.5,31.1,71.49,-0.0127,116.7,7,1920,3840
3383,0.4869,1934.0,5176.0,1972.0,5210.0,38.0,34.0,36.0,2.036,1.822,1.929,638468.77818,3863434.591205,113.8,125.1,40.8,32.5,32.1,18.1,95.73,0.0573,93.2,7,1920,3840
3384,0.4867,3614.0,4261.0,3645.0,4291.0,31.0,30.0,30.5,1.661,1.608,1.634,638558.622424,3863483.729884,110.6,121.9,44.9,23.5,24.6,18.4,88.36,0.0604,92.5,7,1920,3840
3385,0.4867,3779.0,4141.0,3811.0,4173.0,32.0,32.0,32.0,1.715,1.715,1.715,638567.491629,3863490.106659,109.0,122.1,39.9,32.7,31.4,21.4,95.37,0.0687,90.3,7,1920,3840
3386,0.4862,2446.0,3960.0,2474.0,3985.0,28.0,25.0,26.5,1.5,1.34,1.42,638495.948494,3863499.99334,118.7,126.2,41.2,30.4,28.4,25.1,92.51,0.0367,95.4,7,1920,3840
3387,0.486,2886.0,4444.0,2926.0,4482.0,40.0,38.0,39.0,2.144,2.036,2.09,638519.849796,3863473.709237,126.3,130.8,56.8,26.4,29.9,20.8,78.53,0.0225,104.6,7,1920,3840
3388,0.4859,2444.0,5850.0,2470.0,5873.0,26.0,23.0,24.5,1.393,1.233,1.313,638495.787723,3863398.768732,136.4,142.8,55.0,38.5,40.1,21.9,94.15,0.0283,111.4,7,1920,3840
3389,0.4856,2317.0,4246.0,2343.0,4272.0,26.0,26.0,26.0,1.393,1.393,1.393,638488.981747,3863484.640852,169.2,161.3,150.4,34.2,33.4,33.4,2.93,-0.044,160.3,7,1920,3840
3390,0.4855,2585.0,4882.0,2619.0,4914.0,34.0,32.0,33.0,1.822,1.715,1.768,638503.558326,3863450.399177,88.2,104.5,33.9,25.2,27.1,17.3,86.99,0.1029,75.6,7,1920,3840
3391,0.4855,3234.0,4373.0,3259.0,4396.0,25.0,23.0,24.0,1.34,1.233,1.286,638538.097315,3863477.915766,122.5,125.4,61.5,22.0,21.5,16.5,66.76,0.0155,103.1,7,1920,3840
3392,0.4851,2374.0,5227.0,2407.0,5260.0,33.0,33.0,33.0,1.768,1.768,1.768,638492.223964,3863431.885094,133.2,136.5,50.0,29.4,29.4,17.8,89.89,0.0151,106.6,7,1920,3840
3393,0.485,2508.0,4871.0,2535.0,4896.0,27.0,25.0,26.0,1.447,1.34,1.393,638499.244301,3863451.176179,102.1,115.6,34.5,32.4,33.6,18.6,94.47,0.0734,84.1,7,1920,3840
3394,0.4849,3810.0,5469.0,3858.0,5508.0,48.0,39.0,43.5,2.572,2.09,2.331,638569.581653,3863418.756439,114.9,124.2,44.2,29.1,29.7,17.5,89.39,0.0479,94.4,7,1920,3840
3395,0.4848,3270.0,4953.0,3291.0,4973.0,21.0,20.0,20.5,1.125,1.072,1.099,638539.919387,3863446.916064,121.5,122.5,47.8,37.2,32.0,25.5,75.63,0.0049,97.3,7,1920,3840
3396,0.4845,2300.0,4408.0,2326.0,4435.0,26.0,27.0,26.5,1.393,1.447,1.42,638488.070711,3863475.933071,114.9,126.4,45.6,29.6,31.2,17.8,92.39,0.059,95.6,7,1920,3840
3397,0.4844,2766.0,5437.0,2799.0,5468.0,33.0,31.0,32.0,1.768,1.661,1.715,638513.231386,3863420.685548,120.4,130.4,50.9,34.1,29.8,26.1,89.61,0.0502,100.6,7,1920,3840
3398,0.4843,3407.0,4945.0,3432.0,4970.0,25.0,25.0,25.0,1.34,1.34,1.34,638547.368448,3863447.210789,97.1,112.5,35.0,28.9,29.5,18.1,92.92,0.0881,81.5,7,1920,3840
3399,0.4843,3154.0,4543.0,3179.0,4566.0,25.0,23.0,24.0,1.34,1.233,1.286,638533.810086,3863468.806087,110.5,119.5,41.3,30.9,28.7,16.0,87.33,0.048,90.4,7,1920,3840
3400,0.4838,2359.0,5302.0,2381.0,5325.0,22.0,23.0,22.5,1.179,1.233,1.206,638491.125361,3863428.13405,138.0,148.7,60.7,34.3,33.2,23.4,98.77,0.0474,115.8,7,1920,3840
3401,0.4832,3609.0,4692.0,3643.0,4715.0,34.0,23.0,28.5,1.822,1.233,1.527,638558.434858,3863460.821721,201.3,196.8,185.8,32.0,34.5,38.3,6.41,-0.0214,194.6,7,1920,3840
3402,0.4829,2890.0,5678.0,2930.0,5712.0,40.0,34.0,37.0,2.144,1.822,1.983,638520.064158,3863407.690859,109.0,121.8,50.8,29.1,29.9,18.8,83.95,0.0716,93.9,7,1920,3840
3403,0.4825,2491.0,5277.0,2520.0,5304.0,29.0,27.0,28.0,1.554,1.447,1.5,638498.386856,3863429.366536,104.0,113.1,49.0,25.2,26.1,17.1,73.3,0.0543,88.7,7,1920,3840
3404,0.4825,2363.0,4243.0,2388.0,4270.0,25.0,27.0,26.0,1.34,1.447,1.393,638491.420108,3863484.774818,125.7,132.2,60.9,25.1,22.7,22.2,77.79,0.0329,106.2,7,1920,3840
3405,0.4823,2614.0,5092.0,2645.0,5124.0,31.0,32.0,31.5,1.661,1.715,1.688,638505.032061,3863439.146044,109.4,123.3,41.8,29.2,25.7,20.6,95.35,0.0729,91.5,7,1920,3840
3406,0.4819,2778.0,5489.0,2810.0,5516.0,32.0,27.0,29.5,1.715,1.447,1.581,638513.847675,3863418.006231,124.9,133.0,54.1,41.6,44.3,23.5,86.93,0.0395,104.0,7,1920,3840
3407,0.4818,3911.0,4493.0,3956.0,4531.0,45.0,38.0,41.5,2.411,2.036,2.224,638574.913895,3863471.083506,104.5,111.5,34.5,27.0,27.9,17.4,84.02,0.0385,83.5,7,1920,3840
3408,0.4809,2067.0,4882.0,2091.0,4907.0,24.0,25.0,24.5,1.286,1.34,1.313,638475.530566,3863450.586729,133.1,140.5,37.5,35.5,34.0,18.8,110.37,0.0313,103.7,7,1920,3840
3409,0.4803,3168.0,4716.0,3206.0,4751.0,38.0,35.0,36.5,2.036,1.876,1.956,638534.908688,3863459.214131,130.8,135.6,61.4,31.5,29.4,27.1,78.93,0.0232,109.3,7,1920,3840
3410,0.4801,3248.0,5267.0,3282.0,5298.0,34.0,31.0,32.5,1.822,1.661,1.742,638539.088737,3863429.795227,131.4,136.7,50.0,33.3,33.4,21.5,92.0,0.0243,106.0,7,1920,3840
3411,0.4796,2596.0,5789.0,2635.0,5832.0,39.0,43.0,41.0,2.09,2.304,2.197,638504.281796,3863401.501636,113.3,123.9,48.2,34.5,35.1,20.4,86.36,0.0561,95.1,7,1920,3840
3412,0.4789,3798.0,4184.0,3833.0,4214.0,35.0,30.0,32.5,1.876,1.608,1.742,638568.590232,3863487.856033,127.7,137.0,56.6,32.2,30.4,26.0,89.71,0.0448,107.1,7,1920,3840
3413,0.4789,2168.0,5544.0,2189.0,5565.0,21.0,21.0,21.0,1.125,1.125,1.125,638480.862807,3863415.219741,134.4,142.0,56.1,32.4,30.0,22.5,93.4,0.0342,110.8,7,1920,3840
3414,0.4787,3372.0,4716.0,3400.0,4739.0,28.0,23.0,25.5,1.5,1.233,1.367,638545.573171,3863459.535649,114.0,122.6,51.2,23.1,23.9,15.9,79.92,0.0463,95.9,7,1920,3840
3415,0.4783,3844.0,4933.0,3874.0,4965.0,30.0,32.0,31.0,1.608,1.715,1.661,638570.921412,3863447.666273,132.6,134.9,54.2,29.0,29.1,22.2,83.06,0.0109,107.2,7,1920,3840
3416,0.4783,2511.0,5501.0,2539.0,5526.0,28.0,25.0,26.5,1.5,1.34,1.42,638499.431868,3863417.416781,139.1,152.3,60.1,37.1,33.5,27.2,105.37,0.057,117.1,7,1920,3840
3417,0.4782,3243.0,4681.0,3282.0,4715.0,39.0,34.0,36.5,2.09,1.822,1.956,638538.954761,3863461.116446,177.9,164.3,151.7,32.3,33.4,34.2,-1.09,-0.0715,164.6,7,1920,3840
3418,0.4774,2346.0,4489.0,2366.0,4510.0,20.0,21.0,20.5,1.072,1.125,1.099,638490.375096,3863471.753336,102.4,109.0,44.8,20.6,22.0,15.7,70.7,0.0391,85.4,7,1920,3840
3419,0.4766,2456.0,4891.0,2484.0,4918.0,28.0,27.0,27.5,1.5,1.447,1.474,638496.484398,3863450.050866,135.0,149.9,55.5,37.6,37.0,24.2,109.44,0.0653,113.5,7,1920,3840
3420,0.4761,2619.0,5709.0,2652.0,5743.0,33.0,34.0,33.5,1.768,1.822,1.795,638505.353603,3863406.029682,110.0,117.3,46.9,32.2,30.7,20.1,77.59,0.0401,91.4,7,1920,3840
3421,0.4757,3058.0,5781.0,3085.0,5808.0,27.0,27.0,27.0,1.447,1.447,1.447,638528.719001,3863402.359018,150.4,157.1,67.1,35.0,39.2,21.0,96.76,0.0281,124.9,7,1920,3840
3422,0.4756,3905.0,5297.0,3949.0,5337.0,44.0,40.0,42.0,2.358,2.144,2.251,638574.565557,3863427.946498,129.9,135.8,49.6,34.3,33.4,28.5,92.11,0.0274,105.1,7,1920,3840
3423,0.4755,2734.0,4610.0,2758.0,4633.0,24.0,23.0,23.5,1.286,1.233,1.259,638511.275338,3863465.215802,78.2,95.4,30.2,16.3,18.7,9.1,82.41,0.1201,67.9,7,1920,3840
3424,0.4753,3409.0,4101.0,3448.0,4137.0,39.0,36.0,37.5,2.09,1.929,2.01,638547.850761,3863492.14294,116.7,123.7,42.7,27.9,27.3,19.7,88.08,0.0358,94.4,7,1920,3840
3425,0.4747,2779.0,4676.0,2815.0,4711.0,36.0,35.0,35.5,1.929,1.876,1.902,638514.008446,3863461.357585,133.8,141.5,40.0,34.1,31.5,17.6,109.14,0.0327,105.1,7,1920,3840
3426,0.4747,3672.0,4067.0,3706.0,4100.0,34.0,33.0,33.5,1.822,1.768,1.795,638561.811051,3863494.045256,131.0,135.5,60.2,27.5,25.4,25.3,79.75,0.0217,108.9,7,1920,3840
3427,0.4747,2739.0,4337.0,2764.0,4359.0,25.0,22.0,23.5,1.34,1.179,1.259,638511.570085,3863479.871667,140.5,144.8,53.8,28.4,25.5,26.4,95.24,0.0183,113.0,7,1920,3840
3428,0.4745,2609.0,4926.0,2651.0,4964.0,42.0,38.0,40.0,2.251,2.036,2.144,638505.058856,3863447.880619,114.4,128.6,45.8,30.9,30.6,21.6,97.08,0.0721,96.3,7,1920,3840
3429,0.4744,2642.0,5294.0,2668.0,5319.0,26.0,25.0,25.5,1.393,1.34,1.367,638506.398615,3863428.509154,97.4,109.3,39.8,24.0,24.7,14.9,81.5,0.0715,82.2,7,1920,3840
3430,0.4742,3436.0,3909.0,3461.0,3932.0,25.0,23.0,24.0,1.34,1.233,1.286,638548.922568,3863502.77983,113.7,115.6,57.2,23.7,25.9,20.2,60.15,0.0105,95.5,7,1920,3840
3431,0.474,3375.0,4848.0,3403.0,4874.0,28.0,26.0,27.0,1.5,1.393,1.447,638545.733942,3863452.381872,108.0,124.3,45.8,19.1,18.4,17.3,94.82,0.0876,92.7,7,1920,3840
3432,0.4739,3418.0,5473.0,3452.0,5506.0,34.0,33.0,33.5,1.822,1.768,1.795,638548.199098,3863418.702853,113.4,122.9,46.5,33.2,31.5,20.7,85.98,0.0505,94.3,7,1920,3840
3433,0.4737,3790.0,4809.0,3815.0,4832.0,25.0,23.0,24.0,1.34,1.233,1.286,638567.893557,3863454.552119,86.6,91.2,37.2,18.4,20.9,15.6,58.65,0.033,71.7,7,1920,3840
3434,0.4736,2699.0,5464.0,2724.0,5487.0,25.0,23.0,24.0,1.34,1.233,1.286,638509.42647,3863419.453062,97.7,115.0,41.2,31.5,30.6,18.1,91.08,0.1008,84.6,7,1920,3840
3435,0.4734,3468.0,4049.0,3479.0,4072.0,11.0,23.0,17.0,0.589,1.233,0.911,638550.262327,3863495.277742,95.6,97.1,36.5,11.8,15.0,11.0,62.09,0.0098,76.4,7,1920,3840
3436,0.473,3450.0,3945.0,3477.0,3970.0,27.0,25.0,26.0,1.447,1.34,1.393,638549.726424,3863500.797135,99.9,107.5,37.1,20.2,22.7,14.3,77.91,0.0443,81.5,7,1920,3840
3437,0.4727,3711.0,4295.0,3737.0,4317.0,26.0,22.0,24.0,1.393,1.179,1.286,638563.686713,3863482.122294,131.0,139.8,39.8,30.1,31.2,18.6,108.92,0.0383,103.5,7,1920,3840
3438,0.472,2630.0,3932.0,2666.0,3969.0,36.0,37.0,36.5,1.929,1.983,1.956,638506.023482,3863501.17224,111.2,118.0,45.3,27.3,27.2,26.7,79.54,0.0371,91.5,7,1920,3840
3439,0.4717,3798.0,4704.0,3834.0,4740.0,36.0,36.0,36.0,1.929,1.929,1.929,638568.617027,3863459.830374,113.2,114.0,46.1,22.3,24.6,15.7,68.69,0.0044,91.1,7,1920,3840
3440,0.4716,3258.0,5788.0,3280.0,5811.0,22.0,23.0,22.5,1.179,1.233,1.206,638539.303098,3863402.091086,127.8,131.6,52.0,21.9,20.6,20.8,83.45,0.0185,103.8,7,1920,3840
3441,0.4715,2016.0,4676.0,2041.0,4700.0,25.0,24.0,24.5,1.34,1.286,1.313,638472.824252,3863461.652309,125.1,136.0,47.0,35.6,36.7,19.1,99.84,0.0508,102.7,7,1920,3840
3442,0.4712,3741.0,4218.0,3783.0,4254.0,42.0,36.0,39.0,2.251,1.929,2.09,638565.723147,3863485.873338,92.2,104.6,38.3,27.5,30.1,17.6,78.65,0.078,78.3,7,1920,3840
3443,0.4712,1961.0,4432.0,2003.0,4470.0,42.0,38.0,40.0,2.251,2.036,2.144,638470.3323,3863474.352274,133.6,140.7,57.6,33.9,36.9,21.0,90.29,0.033,110.6,7,1920,3840
3444,0.4708,3651.0,5739.0,3671.0,5760.0,20.0,21.0,20.5,1.072,1.125,1.099,638560.31052,3863404.770403,133.4,141.7,54.4,29.1,26.5,26.9,95.56,0.0375,109.9,7,1920,3840
3445,0.4704,3557.0,4311.0,3585.0,4340.0,28.0,29.0,28.5,1.5,1.554,1.527,638555.487388,3863481.07736,135.8,139.9,63.4,34.2,30.8,32.6,80.57,0.0192,113.0,7,1920,3840
3446,0.4701,1994.0,5526.0,2021.0,5549.0,27.0,23.0,25.0,1.447,1.233,1.34,638471.698855,3863416.130708,154.2,157.6,64.0,35.5,36.2,23.2,96.86,0.0134,125.3,7,1920,3840
3447,0.4691,2529.0,4000.0,2567.0,4037.0,38.0,37.0,37.5,2.036,1.983,2.01,638500.664446,3863497.528368,125.9,127.9,47.6,22.2,20.9,21.5,82.3,0.0096,100.5,7,1920,3840
3448,0.4684,3683.0,5097.0,3719.0,5133.0,36.0,36.0,36.0,1.929,1.929,1.929,638562.454135,3863438.77094,107.5,113.0,44.4,29.6,29.0,20.6,74.09,0.0312,88.3,7,1920,3840
3449,0.4682,3279.0,4157.0,3311.0,4184.0,32.0,27.0,29.5,1.715,1.447,1.581,638540.696447,3863489.383244,138.0,144.1,49.3,28.3,28.2,19.6,100.96,0.0265,110.5,7,1920,3840
3450,0.4682,3489.0,5795.0,3516.0,5822.0,27.0,27.0,27.0,1.447,1.447,1.447,638551.816448,3863401.608809,114.4,113.7,46.0,31.0,29.4,18.5,66.91,-0.0042,91.4,7,1920,3840
3451,0.4682,3380.0,3920.0,3407.0,3946.0,27.0,26.0,26.5,1.447,1.393,1.42,638545.975098,3863502.110001,109.7,111.2,39.5,28.3,26.2,19.3,73.16,0.0083,86.8,7,1920,3840
3452,0.4677,2525.0,4644.0,2547.0,4665.0,22.0,21.0,21.5,1.179,1.125,1.152,638500.021362,3863463.447452,117.7,126.7,48.3,31.6,33.1,17.5,87.43,0.0459,97.6,7,1920,3840
3453,0.4671,3686.0,5467.0,3727.0,5507.0,41.0,40.0,40.5,2.197,2.144,2.17,638562.748882,3863418.836819,114.7,125.5,43.3,31.5,32.8,18.5,93.08,0.0552,94.5,7,1920,3840
3454,0.467,3907.0,4759.0,3942.0,4790.0,35.0,31.0,33.0,1.876,1.661,1.768,638574.431581,3863457.017091,105.7,113.8,39.6,25.9,27.5,17.0,82.36,0.0451,86.4,7,1920,3840
3455,0.4666,2590.0,5049.0,2616.0,5071.0,26.0,22.0,24.0,1.393,1.179,1.286,638503.611916,3863441.718189,99.4,110.5,30.9,35.7,36.5,18.4,90.64,0.0617,80.3,7,1920,3840
3456,0.4665,3708.0,5323.0,3729.0,5344.0,21.0,21.0,21.0,1.125,1.125,1.125,638563.391966,3863427.062323,108.5,122.4,49.9,33.7,33.4,21.7,86.52,0.077,93.6,7,1920,3840
3457,0.4663,3009.0,4102.0,3036.0,4129.0,27.0,27.0,27.0,1.447,1.447,1.447,638526.093073,3863492.330493,102.8,113.0,35.5,26.9,25.4,17.0,87.61,0.0565,83.8,7,1920,3840
3458,0.4662,2252.0,4822.0,2288.0,4857.0,36.0,35.0,35.5,1.929,1.876,1.902,638485.766325,3863453.533978,117.7,135.1,50.3,28.8,29.0,16.3,102.18,0.0861,101.0,7,1920,3840
3459,0.4657,3426.0,4507.0,3451.0,4532.0,25.0,25.0,25.0,1.34,1.34,1.34,638548.386665,3863470.681609,114.5,122.6,51.4,29.6,28.5,21.3,79.33,0.0437,96.1,7,1920,3840
3460,0.4648,1920.0,5490.0,1931.0,5515.0,11.0,25.0,18.0,0.589,1.34,0.965,638467.304445,3863418.006231,153.2,158.8,69.9,32.8,34.6,23.2,94.55,0.0233,127.3,7,1920,3840
3461,0.4647,3508.0,4369.0,3537.0,4402.0,29.0,33.0,31.0,1.554,1.768,1.661,638552.888255,3863477.862179,141.4,136.0,71.6,28.2,31.8,21.9,59.05,-0.0261,116.3,7,1920,3840
3462,0.4642,3492.0,4033.0,3515.0,4058.0,23.0,25.0,24.0,1.233,1.34,1.286,638551.870038,3863496.081537,161.5,157.3,144.3,32.0,35.6,37.6,8.69,-0.0244,154.4,7,1920,3840
3463,0.4642,2136.0,5430.0,2176.0,5465.0,40.0,35.0,37.5,2.144,1.876,2.01,638479.657024,3863420.95348,166.9,154.0,142.9,33.8,35.4,36.7,-1.85,-0.0726,154.6,7,1920,3840
3464,0.4641,1920.0,5371.0,1929.0,5394.0,9.0,23.0,16.0,0.482,1.233,0.857,638467.250854,3863424.436592,154.7,143.8,86.1,24.1,28.3,23.2,46.65,-0.0517,128.2,7,1920,3840
3465,0.4635,3160.0,5050.0,3193.0,5084.0,33.0,34.0,33.5,1.768,1.822,1.795,638534.345989,3863441.343084,107.3,114.3,45.6,32.1,30.6,23.0,75.83,0.0402,89.1,7,1920,3840
3466,0.4632,2405.0,5069.0,2445.0,5105.0,40.0,36.0,38.0,2.144,1.929,2.036,638494.072831,3863440.271357,129.9,142.3,51.1,32.6,33.5,19.6,103.52,0.0558,107.8,7,1920,3840
3467,0.4631,2979.0,5593.0,3013.0,5626.0,34.0,33.0,33.5,1.822,1.768,1.795,638524.672929,3863412.272492,113.0,125.5,47.7,35.0,33.4,27.4,90.32,0.0656,95.4,7,1920,3840
3468,0.4627,3232.0,4131.0,3255.0,4157.0,23.0,26.0,24.5,1.233,1.393,1.313,638537.936544,3863490.803282,160.4,150.2,143.7,37.3,41.5,44.0,-3.59,-0.0609,151.4,7,1920,3840
3469,0.4627,2209.0,4751.0,2230.0,4771.0,21.0,20.0,20.5,1.125,1.072,1.099,638483.060012,3863457.740506,108.0,124.3,41.9,28.0,26.6,14.7,98.64,0.0855,91.4,7,1920,3840
3470,0.4622,2365.0,5810.0,2402.0,5845.0,37.0,35.0,36.0,1.983,1.876,1.929,638491.848831,3863400.590668,126.1,127.8,53.9,31.1,35.1,18.5,75.71,0.0088,102.6,7,1920,3840
3471,0.4614,3078.0,3937.0,3122.0,3974.0,44.0,37.0,40.5,2.358,1.983,2.17,638530.246327,3863500.904308,133.4,138.2,59.1,25.7,26.4,17.1,83.93,0.0225,110.2,7,1920,3840
3472,0.4612,3007.0,4243.0,3039.0,4276.0,32.0,33.0,32.5,1.715,1.768,1.742,638526.119869,3863484.614059,141.4,148.7,57.2,29.0,27.2,22.9,98.9,0.0317,115.8,7,1920,3840
3473,0.4611,2528.0,5324.0,2550.0,5347.0,22.0,23.0,22.5,1.179,1.233,1.206,638500.182133,3863426.95515,115.7,128.3,52.3,30.0,29.9,18.8,88.62,0.0659,98.8,7,1920,3840
3474,0.4609,2029.0,4965.0,2078.0,4990.0,49.0,25.0,37.0,2.626,1.34,1.983,638474.164011,3863446.139062,109.9,122.9,34.1,31.6,31.6,17.7,101.82,0.0656,89.0,7,1920,3840
3475,0.4606,3604.0,4070.0,3637.0,4101.0,33.0,31.0,32.0,1.768,1.661,1.715,638558.140111,3863493.938083,117.3,129.4,46.3,25.6,25.0,18.0,95.27,0.0607,97.7,7,1920,3840
3476,0.4597,3099.0,5549.0,3119.0,5569.0,20.0,20.0,20.0,1.072,1.072,1.072,638530.72864,3863414.978602,122.0,131.1,39.4,27.5,25.6,15.5,100.87,0.0427,97.5,7,1920,3840
3477,0.4596,3367.0,4010.0,3403.0,4042.0,36.0,32.0,34.0,1.929,1.715,1.822,638545.51958,3863497.126471,119.9,119.8,59.4,23.8,26.8,20.7,60.24,-0.0006,99.7,7,1920,3840
3478,0.4596,2295.0,5302.0,2304.0,5329.0,9.0,27.0,18.0,0.482,1.447,0.965,638487.347241,3863428.026877,153.5,145.5,74.5,23.4,31.0,21.2,63.02,-0.0356,124.5,7,1920,3840
3479,0.4594,3794.0,3875.0,3825.0,3902.0,31.0,27.0,29.0,1.661,1.447,1.554,638568.268689,3863504.494593,146.0,148.0,55.8,28.1,25.5,22.4,94.18,0.0082,116.6,7,1920,3840
3480,0.4593,3566.0,5162.0,3604.0,5199.0,38.0,37.0,37.5,2.036,1.983,2.01,638556.237653,3863435.261034,131.0,139.1,52.0,25.5,25.3,18.4,95.26,0.0374,107.4,7,1920,3840
3481,0.4592,3607.0,5256.0,3639.0,5285.0,32.0,29.0,30.5,1.715,1.554,1.634,638558.274087,3863430.438263,104.1,110.1,45.2,21.7,22.8,18.3,70.87,0.0355,86.5,7,1920,3840
3482,0.4588,3478.0,4278.0,3510.0,4309.0,32.0,31.0,31.5,1.715,1.661,1.688,638551.36093,3863482.792123,143.4,143.6,65.5,28.3,26.3,21.2,78.42,0.0011,117.5,7,1920,3840
3483,0.458,2870.0,3850.0,2912.0,3886.0,42.0,36.0,39.0,2.251,1.929,2.09,638519.045941,3863505.593113,114.6,124.6,52.9,24.6,25.6,16.3,81.75,0.0539,97.4,7,1920,3840
3484,0.4579,3811.0,5251.0,3844.0,5282.0,33.0,31.0,32.0,1.768,1.661,1.715,638569.233316,3863430.652608,89.1,99.3,37.7,28.3,26.9,22.9,71.79,0.0679,75.4,7,1920,3840
3485,0.4578,2872.0,5210.0,2902.0,5239.0,30.0,29.0,29.5,1.608,1.554,1.581,638518.831579,3863432.903235,155.0,155.2,63.6,38.3,36.6,26.1,91.85,0.0008,124.6,7,1920,3840
3486,0.4575,2954.0,4131.0,2977.0,4156.0,23.0,25.0,24.0,1.233,1.34,1.286,638523.038423,3863490.830075,112.5,121.4,49.1,32.5,28.7,26.8,81.17,0.0481,94.3,7,1920,3840
3487,0.4572,2157.0,4260.0,2184.0,4285.0,27.0,25.0,26.0,1.447,1.34,1.393,638480.434084,3863483.917436,116.6,125.7,48.1,23.0,26.6,15.2,86.59,0.0465,96.8,7,1920,3840
3488,0.4569,3898.0,4678.0,3930.0,4712.0,32.0,34.0,33.0,1.715,1.822,1.768,638573.868882,3863461.277205,194.3,189.6,188.5,24.1,25.6,26.3,-3.56,-0.0239,190.8,7,1920,3840
3489,0.4566,2663.0,4399.0,2690.0,4426.0,27.0,27.0,27.0,1.447,1.447,1.447,638507.550808,3863476.415348,115.0,121.3,39.6,22.7,21.0,18.8,87.95,0.0317,91.9,7,1920,3840
3490,0.4565,2259.0,5044.0,2290.0,5072.0,31.0,28.0,29.5,1.661,1.5,1.581,638486.007482,3863441.825361,139.2,150.7,56.3,36.1,34.5,22.5,105.73,0.0489,115.4,7,1920,3840
3491,0.4557,3584.0,4642.0,3614.0,4676.0,30.0,34.0,32.0,1.608,1.822,1.715,638556.987918,3863463.206314,194.6,183.2,171.8,24.8,24.5,30.3,0.13,-0.055,183.2,7,1920,3840
3492,0.4553,3008.0,5645.0,3035.0,5669.0,27.0,24.0,25.5,1.447,1.286,1.367,638526.039483,3863409.72714,100.6,117.1,40.6,29.2,29.2,17.6,92.85,0.0929,86.1,7,1920,3840
3493,0.4551,3544.0,3840.0,3578.0,3861.0,34.0,21.0,27.5,1.822,1.125,1.474,638554.951484,3863506.530874,115.0,127.2,41.9,24.1,23.6,18.0,97.49,0.0609,94.7,7,1920,3840
3494,0.4547,2788.0,4074.0,2818.0,4102.0,30.0,28.0,29.0,1.608,1.5,1.554,638514.329989,3863493.804117,143.4,144.8,56.2,25.8,24.6,23.0,89.98,0.0059,114.8,7,1920,3840
3495,0.4546,3776.0,5151.0,3817.0,5190.0,41.0,39.0,40.0,2.197,2.09,2.144,638567.572015,3863435.796898,117.3,121.9,53.5,33.8,29.7,36.4,73.08,0.0251,97.6,7,1920,3840
3496,0.4544,2522.0,5675.0,2557.0,5709.0,35.0,34.0,34.5,1.876,1.822,1.849,638500.208928,3863407.851618,154.3,160.4,63.4,34.6,31.6,24.2,103.09,0.0243,126.0,7,1920,3840
3497,0.4542,2668.0,4709.0,2701.0,4740.0,33.0,31.0,32.0,1.768,1.661,1.715,638507.979531,3863459.696408,118.1,130.2,47.6,34.7,33.1,22.5,94.66,0.0602,98.7,7,1920,3840
3498,0.4541,2349.0,4094.0,2392.0,4136.0,43.0,42.0,42.5,2.304,2.251,2.278,638491.152156,3863492.357286,90.5,102.9,34.5,27.3,29.0,15.3,80.78,0.078,75.9,7,1920,3840
3499,0.4539,3140.0,5190.0,3173.0,5221.0,33.0,31.0,32.0,1.768,1.661,1.715,638533.274182,3863433.921375,112.4,122.7,42.9,29.6,29.2,20.3,90.01,0.0536,92.7,7,1920,3840
3500,0.4538,3034.0,5733.0,3068.0,5762.0,34.0,29.0,31.5,1.822,1.554,1.688,638527.620399,3863404.877576,139.6,140.8,67.9,29.9,33.0,20.5,73.96,0.0052,116.1,7,1920,3840
3501,0.4537,2629.0,5475.0,2662.0,5502.0,33.0,27.0,30.0,1.768,1.447,1.608,638505.889506,3863418.756439,131.6,139.7,53.8,31.1,30.0,17.1,93.96,0.037,108.4,7,1920,3840
3502,0.4537,3404.0,5654.0,3443.0,5687.0,39.0,33.0,36.0,2.09,1.768,1.929,638547.582809,3863409.003724,136.1,146.0,48.4,31.4,29.7,21.1,107.49,0.0422,110.2,7,1920,3840
3503,0.4536,3226.0,4042.0,3262.0,4076.0,36.0,34.0,35.0,1.929,1.822,1.876,638537.963339,3863495.358121,116.3,124.3,48.0,33.9,34.2,23.2,84.21,0.0413,96.2,7,1920,3840
3504,0.4535,3779.0,5540.0,3823.0,5583.0,44.0,43.0,43.5,2.358,2.304,2.331,638567.813171,3863414.844636,95.3,107.4,33.6,24.0,26.5,15.3,85.83,0.0712,78.8,7,1920,3840
3505,0.4533,3636.0,4301.0,3663.0,4325.0,27.0,24.0,25.5,1.447,1.286,1.367,638559.694231,3863481.747189,121.8,136.2,46.4,33.7,33.0,20.4,104.24,0.0682,101.5,7,1920,3840
3506,0.453,2433.0,5266.0,2469.0,5300.0,36.0,34.0,35.0,1.929,1.822,1.876,638495.466181,3863429.768434,132.2,136.1,50.5,33.5,37.4,18.6,89.63,0.0183,106.3,7,1920,3840
3507,0.4528,2970.0,4642.0,2990.0,4661.0,20.0,19.0,19.5,1.072,1.018,1.045,638523.815483,3863463.608211,100.4,106.3,38.6,21.3,27.1,13.1,73.57,0.0351,81.7,7,1920,3840
3508,0.4522,3929.0,5011.0,3964.0,5046.0,35.0,35.0,35.0,1.876,1.876,1.876,638575.610569,3863443.406159,117.6,127.9,52.4,25.4,26.2,27.7,85.82,0.0533,99.3,7,1920,3840
3509,0.4521,3534.0,3944.0,3558.0,3967.0,24.0,23.0,23.5,1.286,1.233,1.259,638554.147629,3863500.904308,113.5,118.0,45.8,21.4,22.4,18.2,76.83,0.0245,92.4,7,1920,3840
3510,0.4521,2993.0,4675.0,3020.0,4702.0,27.0,27.0,27.0,1.447,1.447,1.447,638525.235628,3863461.625516,102.1,107.4,40.3,25.3,27.7,16.5,72.29,0.031,83.3,7,1920,3840
3511,0.452,3936.0,4799.0,3967.0,4831.0,31.0,32.0,31.5,1.661,1.715,1.688,638575.878521,3863454.846844,122.8,125.9,47.0,27.3,28.6,19.9,82.07,0.0156,98.6,7,1920,3840
3512,0.4519,3471.0,5603.0,3505.0,5636.0,34.0,33.0,33.5,1.822,1.768,1.795,638551.039388,3863411.736628,136.8,144.1,56.5,34.8,32.9,26.2,94.89,0.0325,112.4,7,1920,3840
3513,0.4517,3117.0,5281.0,3145.0,5308.0,28.0,27.0,27.5,1.5,1.447,1.474,638531.907628,3863429.152191,158.0,161.8,63.3,34.7,32.8,28.2,102.3,0.0148,127.7,7,1920,3840
3514,0.4514,3148.0,4342.0,3178.0,4370.0,30.0,28.0,29.0,1.608,1.5,1.554,638533.622519,3863479.442976,121.4,132.2,51.4,30.7,31.0,24.6,91.76,0.0538,101.6,7,1920,3840
3515,0.451,3548.0,4942.0,3582.0,4977.0,34.0,35.0,34.5,1.822,1.876,1.849,638555.165846,3863447.103617,126.4,132.4,46.3,28.1,29.9,20.9,92.13,0.0282,101.7,7,1920,3840
3516,0.4502,3885.0,5210.0,3916.0,5244.0,31.0,34.0,32.5,1.661,1.822,1.742,638573.145413,3863432.769269,121.3,126.0,51.2,36.8,34.8,37.2,79.46,0.0239,99.5,7,1920,3840
3517,0.4499,3431.0,4004.0,3457.0,4028.0,26.0,24.0,25.0,1.393,1.286,1.34,638548.681412,3863497.662334,109.3,116.2,44.9,22.1,24.7,15.1,78.08,0.0379,90.1,7,1920,3840
3518,0.4497,2995.0,4150.0,3015.0,4171.0,20.0,21.0,20.5,1.072,1.125,1.099,638525.155242,3863489.919107,192.2,185.8,157.8,22.2,25.7,25.6,21.59,-0.029,178.6,7,1920,3840
3519,0.4494,3379.0,4589.0,3409.0,4616.0,30.0,27.0,28.5,1.608,1.447,1.527,638546.001893,3863466.233942,109.0,117.7,45.9,27.4,27.7,16.3,80.49,0.0481,90.9,7,1920,3840
3520,0.4493,3186.0,5291.0,3212.0,5316.0,26.0,25.0,25.5,1.393,1.34,1.367,638535.551773,3863428.669913,112.9,122.4,40.3,31.0,30.5,19.7,91.45,0.0483,91.9,7,1920,3840
3521,0.4492,3215.0,5660.0,3235.0,5681.0,20.0,21.0,20.5,1.072,1.125,1.099,638536.945122,3863409.003724,116.5,134.7,44.2,35.6,33.1,23.2,108.69,0.0877,98.5,7,1920,3840
3522,0.4485,2670.0,5669.0,2677.0,5695.0,7.0,26.0,16.5,0.375,1.393,0.884,638507.390037,3863408.387481,110.6,113.7,51.1,20.8,25.0,12.4,65.78,0.0181,91.8,7,1920,3840
3523,0.4485,3331.0,5437.0,3362.0,5467.0,31.0,30.0,30.5,1.661,1.608,1.634,638543.456351,3863420.712341,134.6,136.9,61.4,35.7,32.2,33.7,77.78,0.0107,111.0,7,1920,3840
3524,0.4479,2367.0,4524.0,2394.0,4552.0,27.0,28.0,27.5,1.447,1.5,1.474,638491.68806,3863469.690261,137.6,146.1,59.4,31.6,31.9,20.2,95.14,0.0377,114.4,7,1920,3840
3525,0.4478,2800.0,5677.0,2828.0,5700.0,28.0,23.0,25.5,1.5,1.233,1.367,638514.919483,3863408.03917,99.8,110.0,40.1,33.1,32.8,19.5,80.15,0.0603,83.3,7,1920,3840
3526,0.4478,3841.0,4307.0,3884.0,4344.0,43.0,37.0,40.0,2.304,1.983,2.144,638571.108979,3863481.07736,110.5,119.6,46.9,30.9,33.7,19.6,81.81,0.0497,92.3,7,1920,3840
3527,0.4477,3644.0,3997.0,3666.0,4019.0,22.0,22.0,22.0,1.179,1.179,1.179,638559.988978,3863498.091025,119.2,120.9,46.0,25.5,25.6,16.6,76.62,0.0089,95.4,7,1920,3840
3528,0.4471,2917.0,4205.0,2952.0,4237.0,35.0,32.0,33.5,1.876,1.715,1.795,638521.377121,3863486.677133,129.5,140.1,49.6,31.7,28.4,22.8,101.08,0.0482,106.4,7,1920,3840
3529,0.4464,2555.0,5418.0,2575.0,5440.0,20.0,22.0,21.0,1.072,1.179,1.125,638501.575482,3863421.944827,124.1,135.3,54.5,36.7,33.7,22.6,91.98,0.0546,104.6,7,1920,3840
3530,0.4459,2101.0,4667.0,2128.0,4692.0,27.0,25.0,26.0,1.447,1.34,1.393,638477.433023,3863462.107793,128.6,133.9,55.5,26.9,26.5,21.7,83.83,0.026,106.0,7,1920,3840
3531,0.4453,2495.0,4398.0,2537.0,4436.0,42.0,38.0,40.0,2.251,2.036,2.144,638498.949554,3863476.174209,98.1,112.0,37.5,30.9,31.7,18.1,88.35,0.0802,82.5,7,1920,3840
3532,0.4441,3215.0,5185.0,3242.0,5210.0,27.0,25.0,26.0,1.447,1.34,1.393,638537.132688,3863434.350066,112.8,122.8,40.9,30.4,29.9,19.7,91.83,0.051,92.2,7,1920,3840
3533,0.444,3900.0,4109.0,3928.0,4140.0,28.0,31.0,29.5,1.5,1.661,1.581,638573.868882,3863491.848216,122.1,128.3,49.4,23.5,23.9,16.4,85.01,0.0305,100.0,7,1920,3840
3534,0.4436,2100.0,4413.0,2125.0,4439.0,25.0,26.0,25.5,1.34,1.393,1.367,638477.325843,3863475.691932,101.0,117.7,45.7,25.7,25.8,17.8,88.71,0.0964,88.2,7,1920,3840
3535,0.4434,2025.0,5727.0,2049.0,5749.0,24.0,22.0,23.0,1.286,1.179,1.233,638473.27977,3863405.386646,130.5,139.9,49.6,32.9,30.2,20.0,99.8,0.0429,106.7,7,1920,3840
3536,0.4424,3593.0,4893.0,3622.0,4919.0,29.0,26.0,27.5,1.554,1.393,1.474,638557.443436,3863449.970486,110.0,118.6,43.4,31.8,30.3,21.4,83.74,0.046,90.7,7,1920,3840
3537,0.4421,2951.0,5211.0,2980.0,5237.0,29.0,26.0,27.5,1.554,1.393,1.474,638523.038423,3863432.930028,143.2,145.5,65.7,32.0,30.0,28.0,82.04,0.0102,118.1,7,1920,3840
3538,0.4419,2897.0,4003.0,2922.0,4030.0,25.0,27.0,26.0,1.34,1.447,1.393,638520.037362,3863497.635541,122.5,128.7,55.2,25.9,22.7,20.6,79.75,0.0316,102.1,7,1920,3840
3539,0.4418,1996.0,5035.0,2021.0,5057.0,25.0,22.0,23.5,1.34,1.179,1.259,638471.752445,3863442.468398,125.7,136.1,40.2,29.6,31.9,16.8,106.27,0.0469,100.7,7,1920,3840
3540,0.4413,2737.0,4876.0,2762.0,4898.0,25.0,22.0,23.5,1.34,1.179,1.259,638511.462904,3863450.988627,124.6,127.4,53.5,36.0,33.8,25.0,76.7,0.0141,101.8,7,1920,3840
3541,0.4412,1920.0,4641.0,1938.0,4664.0,18.0,23.0,20.5,0.965,1.233,1.099,638467.492011,3863463.554625,104.0,121.3,37.0,28.4,27.8,17.9,101.61,0.0919,87.4,7,1920,3840
3542,0.4408,2196.0,5419.0,2214.0,5438.0,18.0,19.0,18.5,0.965,1.018,0.991,638482.282951,3863421.97162,141.8,147.4,66.6,34.4,33.0,27.6,86.44,0.0251,118.6,7,1920,3840
3543,0.4401,3424.0,5182.0,3463.0,5218.0,39.0,36.0,37.5,2.09,1.929,2.01,638548.654616,3863434.2161,131.9,136.9,55.2,39.3,35.9,35.5,86.74,0.0237,108.0,7,1920,3840
3544,0.4396,2213.0,5242.0,2234.0,5263.0,21.0,21.0,21.0,1.125,1.125,1.125,638483.274373,3863431.402817,122.4,133.2,42.7,32.4,31.3,19.3,101.26,0.0507,99.4,7,1920,3840
3545,0.4395,2796.0,5036.0,2840.0,5075.0,44.0,39.0,41.5,2.358,2.09,2.224,638515.133844,3863441.959327,122.6,127.4,56.6,36.6,33.1,34.8,75.61,0.0248,102.2,7,1920,3840
3546,0.4386,3304.0,4572.0,3337.0,4605.0,33.0,33.0,33.0,1.768,1.768,1.768,638542.063002,3863466.984151,105.9,113.7,38.9,27.3,28.9,14.0,82.62,0.0432,86.2,7,1920,3840
3547,0.4373,3156.0,5879.0,3181.0,5887.0,25.0,8.0,16.5,1.34,0.429,0.884,638533.917266,3863397.616626,110.4,107.9,57.8,24.3,28.3,18.8,47.64,-0.0156,92.0,7,1920,3840
3548,0.4371,2931.0,5815.0,2958.0,5839.0,27.0,24.0,25.5,1.447,1.286,1.367,638521.913025,3863400.617461,111.4,128.2,49.0,35.5,35.3,21.7,95.86,0.0879,96.2,7,1920,3840
3549,0.4367,3817.0,4603.0,3850.0,4635.0,33.0,32.0,32.5,1.768,1.715,1.742,638569.554858,3863465.349767,110.6,120.7,46.3,31.1,28.8,18.1,84.59,0.0547,92.5,7,1920,3840
3550,0.4362,3604.0,5078.0,3636.0,5108.0,32.0,30.0,31.0,1.715,1.608,1.661,638558.113316,3863439.949839,121.2,122.5,55.3,23.3,22.6,25.2,68.47,0.0068,99.7,7,1920,3840
3551,0.436,2309.0,5845.0,2335.0,5869.0,26.0,24.0,25.0,1.393,1.286,1.34,638488.553024,3863399.009871,130.2,131.0,52.7,32.5,31.2,21.8,79.15,0.0038,104.7,7,1920,3840
3552,0.4349,3776.0,3912.0,3802.0,3938.0,26.0,26.0,26.0,1.393,1.393,1.393,638567.170087,3863502.538692,200.7,192.9,185.5,41.4,43.2,43.2,-0.39,-0.0376,193.0,7,1920,3840
3553,0.4347,1945.0,4669.0,1982.0,4706.0,37.0,37.0,37.0,1.983,1.983,1.983,638469.340879,3863461.679103,91.4,102.0,39.7,20.7,23.2,13.4,72.87,0.0689,77.7,7,1920,3840
3554,0.4346,2936.0,3942.0,2962.0,3965.0,26.0,23.0,24.5,1.393,1.233,1.313,638522.154182,3863501.011481,88.0,93.2,40.3,27.0,26.2,20.2,58.15,0.0372,73.9,7,1920,3840
3555,0.4346,1983.0,4167.0,2009.0,4194.0,26.0,27.0,26.5,1.393,1.447,1.42,638471.082565,3863488.84738,88.1,100.9,36.1,24.6,24.0,20.4,77.62,0.0836,75.0,7,1920,3840
3556,0.4344,2834.0,4032.0,2856.0,4055.0,22.0,23.0,22.5,1.179,1.233,1.206,638516.580784,3863496.18871,126.4,130.8,43.3,33.2,30.8,21.5,91.87,0.0205,100.2,7,1920,3840
3557,0.4342,3957.0,5248.0,3967.0,5278.0,10.0,30.0,20.0,0.536,1.608,1.072,638576.44122,3863430.84016,112.5,119.3,34.1,30.4,28.2,16.6,92.08,0.0343,88.6,7,1920,3840
3558,0.4342,2793.0,5319.0,2825.0,5347.0,32.0,28.0,30.0,1.715,1.5,1.608,638514.651531,3863427.089116,108.1,123.8,42.8,30.3,30.1,18.3,96.75,0.0831,91.6,7,1920,3840
3559,0.434,2367.0,4863.0,2405.0,4899.0,38.0,36.0,37.0,2.036,1.929,1.983,638491.982807,3863451.310145,106.1,123.8,37.5,33.4,32.1,19.0,103.99,0.0919,89.1,7,1920,3840
3560,0.434,3688.0,4323.0,3714.0,4348.0,26.0,25.0,25.5,1.393,1.34,1.367,638562.454135,3863480.541496,184.8,179.2,170.4,31.1,38.3,42.8,3.27,-0.0288,178.1,7,1920,3840
3561,0.4337,2927.0,4087.0,2962.0,4119.0,35.0,32.0,33.5,1.876,1.715,1.795,638521.913025,3863493.000322,129.0,137.4,49.7,31.9,27.5,28.9,95.95,0.0384,105.4,7,1920,3840
3562,0.4331,3145.0,4676.0,3183.0,4709.0,38.0,33.0,35.5,2.036,1.768,1.902,638533.67611,3863461.411171,105.4,113.1,39.5,30.5,29.9,19.7,81.35,0.043,86.0,7,1920,3840
3563,0.4328,3280.0,4525.0,3318.0,4561.0,38.0,36.0,37.0,2.036,1.929,1.983,638540.910809,3863469.42233,99.9,103.8,40.6,23.6,25.1,16.9,67.04,0.0239,81.4,7,1920,3840
3564,0.4325,2792.0,5190.0,2834.0,5224.0,42.0,34.0,38.0,2.251,1.822,2.036,638514.865892,3863433.840996,122.9,129.8,50.4,34.3,32.5,23.3,86.25,0.034,101.0,7,1920,3840
3565,0.4325,3301.0,4769.0,3326.0,4797.0,25.0,28.0,26.5,1.34,1.5,1.42,638541.687869,3863456.561607,188.5,178.8,168.8,36.0,36.3,36.9,0.32,-0.0488,178.7,7,1920,3840
3566,0.4324,2756.0,5391.0,2786.0,5422.0,30.0,31.0,30.5,1.608,1.661,1.634,638512.615097,3863423.15052,108.3,118.2,43.5,31.6,31.3,18.4,84.68,0.0543,90.0,7,1920,3840
3567,0.4323,3763.0,4917.0,3795.0,4946.0,32.0,29.0,30.5,1.715,1.554,1.634,638566.634183,3863448.604034,106.8,116.1,41.1,26.5,24.7,22.7,84.37,0.0513,88.0,7,1920,3840
3568,0.4323,3893.0,5064.0,3921.0,5092.0,28.0,28.0,28.0,1.5,1.5,1.5,638573.49375,3863440.753635,91.4,100.4,33.2,23.6,23.7,13.7,76.11,0.0564,75.0,7,1920,3840
3569,0.4321,3758.0,4876.0,3788.0,4905.0,30.0,29.0,29.5,1.608,1.554,1.581,638566.312641,3863450.801074,125.1,127.4,63.1,30.4,30.1,26.0,66.58,0.0121,105.2,7,1920,3840
3570,0.432,2184.0,5585.0,2207.0,5605.0,23.0,20.0,21.5,1.233,1.072,1.152,638481.773843,3863413.049494,119.0,125.6,49.3,26.2,28.9,19.3,82.85,0.0336,98.0,7,1920,3840
3571,0.4319,3594.0,3912.0,3624.0,3939.0,30.0,27.0,28.5,1.608,1.447,1.527,638557.523822,3863502.511898,115.5,124.2,42.3,29.3,28.1,20.0,90.71,0.0443,94.0,7,1920,3840
3572,0.4316,2300.0,3931.0,2324.0,3958.0,24.0,27.0,25.5,1.286,1.447,1.367,638488.01712,3863501.493758,118.1,118.6,57.9,21.2,23.4,21.3,61.15,0.0025,98.2,7,1920,3840
3573,0.4315,2302.0,4278.0,2337.0,4308.0,35.0,30.0,32.5,1.876,1.608,1.742,638488.419048,3863482.818916,98.3,112.9,33.1,21.6,20.5,13.0,94.36,0.0818,81.4,7,1920,3840
3574,0.431,2069.0,4634.0,2102.0,4666.0,33.0,32.0,32.5,1.768,1.715,1.742,638475.878903,3863463.688591,121.7,131.1,43.9,29.8,30.3,20.5,96.66,0.0452,98.9,7,1920,3840
3575,0.4304,2150.0,4550.0,2185.0,4583.0,35.0,33.0,34.0,1.876,1.768,1.822,638480.273313,3863468.163051,100.4,113.1,40.2,32.4,37.6,18.0,85.58,0.0732,84.6,7,1920,3840
3576,0.4302,3863.0,4977.0,3890.0,5004.0,27.0,27.0,27.0,1.447,1.447,1.447,638571.859244,3863445.44244,114.6,120.7,45.6,31.0,26.0,30.9,81.36,0.0326,93.6,7,1920,3840
3577,0.4301,2125.0,5194.0,2155.0,5223.0,30.0,29.0,29.5,1.608,1.554,1.581,638478.799578,3863433.760616,147.1,156.7,54.7,37.3,37.8,23.0,111.48,0.0384,119.5,7,1920,3840
3578,0.43,2181.0,5075.0,2223.0,5112.0,42.0,37.0,39.5,2.251,1.983,2.117,638482.12218,3863439.923046,149.9,157.1,67.1,33.8,36.2,23.1,97.29,0.0301,124.7,7,1920,3840
3579,0.4298,2534.0,4149.0,2577.0,4192.0,43.0,43.0,43.0,2.304,2.304,2.304,638501.066374,3863489.383244,123.3,129.4,49.6,29.2,28.1,22.9,85.97,0.0304,100.8,7,1920,3840
3580,0.429,3818.0,4847.0,3843.0,4870.0,25.0,23.0,24.0,1.34,1.233,1.286,638569.394087,3863452.515837,114.2,120.8,46.5,25.6,28.8,20.2,80.93,0.035,93.8,7,1920,3840
3581,0.4283,3423.0,5743.0,3446.0,5765.0,23.0,22.0,22.5,1.233,1.179,1.206,638548.172303,3863404.529265,148.6,150.4,68.7,32.2,28.4,30.1,83.49,0.0076,122.6,7,1920,3840
3582,0.4281,2307.0,5550.0,2338.0,5579.0,31.0,29.0,30.0,1.661,1.554,1.608,638488.579819,3863414.683877,124.4,133.1,47.5,34.3,36.6,22.0,94.24,0.0414,101.7,7,1920,3840
3583,0.4276,3604.0,4221.0,3632.0,4246.0,28.0,25.0,26.5,1.5,1.34,1.42,638558.006135,3863486.007304,116.7,124.5,37.9,23.5,21.5,15.9,94.26,0.0381,93.0,7,1920,3840
3584,0.4274,3833.0,3960.0,3856.0,3980.0,23.0,20.0,21.5,1.233,1.072,1.152,638570.144352,3863500.127306,142.3,141.4,66.3,30.5,30.5,23.3,74.08,-0.0045,116.7,7,1920,3840
3585,0.4271,3117.0,5454.0,3149.0,5483.0,32.0,29.0,30.5,1.715,1.554,1.634,638532.014809,3863419.828166,159.0,169.9,62.6,35.7,33.0,21.3,118.17,0.0409,130.5,7,1920,3840
3586,0.427,3068.0,5640.0,3100.0,5668.0,32.0,28.0,30.0,1.715,1.5,1.608,638529.388881,3863409.887899,115.0,129.6,40.8,37.8,35.9,21.7,103.31,0.0714,95.1,7,1920,3840
3587,0.427,2340.0,5749.0,2360.0,5769.0,20.0,20.0,20.0,1.072,1.072,1.072,638490.053554,3863404.261333,127.7,133.2,57.3,23.8,21.9,18.2,81.52,0.0274,106.1,7,1920,3840
3588,0.4267,2366.0,4924.0,2383.0,4943.0,17.0,19.0,18.0,0.911,1.018,0.965,638491.366518,3863448.496862,157.9,163.7,72.7,29.4,32.9,18.2,96.73,0.0233,131.4,7,1920,3840
3589,0.4267,2776.0,5277.0,2806.0,5306.0,30.0,29.0,29.5,1.608,1.554,1.581,638513.686904,3863429.31295,103.8,114.3,47.2,28.3,29.2,19.5,77.54,0.0612,88.4,7,1920,3840
3590,0.4263,3664.0,5394.0,3683.0,5414.0,19.0,20.0,19.5,1.018,1.072,1.045,638560.9804,3863423.284486,105.0,114.7,44.5,27.3,27.1,16.5,79.83,0.0552,88.0,7,1920,3840
3591,0.4259,3549.0,4725.0,3576.0,4754.0,27.0,29.0,28.0,1.447,1.554,1.5,638555.03187,3863458.892613,184.7,179.1,174.5,33.4,36.3,36.4,-1.0,-0.0296,179.4,7,1920,3840
3592,0.4257,3745.0,4672.0,3786.0,4711.0,41.0,39.0,40.0,2.197,2.09,2.144,638565.910713,3863461.464757,165.2,154.6,147.5,30.5,33.1,35.9,-3.38,-0.0612,155.8,7,1920,3840
3593,0.4255,2684.0,5421.0,2710.0,5446.0,26.0,25.0,25.5,1.393,1.34,1.367,638508.64941,3863421.703688,107.3,115.5,48.9,28.6,27.5,21.4,74.86,0.0473,90.6,7,1920,3840
3594,0.4253,2167.0,4301.0,2191.0,4324.0,24.0,23.0,23.5,1.286,1.233,1.259,638480.889602,3863481.773982,93.3,107.4,42.6,18.1,20.4,12.0,78.98,0.0895,81.1,7,1920,3840
3595,0.4248,2738.0,3993.0,2762.0,4016.0,24.0,23.0,23.5,1.286,1.233,1.259,638511.489699,3863498.278577,94.1,103.8,39.6,28.6,26.5,23.5,73.87,0.0612,79.2,7,1920,3840
3596,0.4247,2210.0,4042.0,2243.0,4072.0,33.0,30.0,31.5,1.768,1.608,1.688,638483.435144,3863495.465294,123.7,126.1,48.9,30.2,26.0,22.7,79.49,0.0117,99.6,7,1920,3840
3597,0.4246,2087.0,5867.0,2111.0,5886.0,24.0,19.0,21.5,1.286,1.018,1.152,638476.602373,3863397.964937,146.5,149.0,61.9,29.3,29.0,22.2,89.51,0.0105,119.1,7,1920,3840
3598,0.4245,1922.0,4488.0,1958.0,4527.0,36.0,39.0,37.5,1.929,2.09,2.01,638468.081505,3863471.324645,118.0,131.6,46.6,29.7,29.7,20.4,98.66,0.0673,98.7,7,1920,3840
3599,0.4245,2390.0,5546.0,2416.0,5570.0,26.0,24.0,25.0,1.393,1.286,1.34,638492.893843,3863415.032188,133.8,143.8,55.9,34.6,32.4,28.8,97.91,0.0451,111.2,7,1920,3840
3600,0.4241,2947.0,4419.0,2989.0,4450.0,42.0,31.0,36.5,2.251,1.661,1.956,638523.172399,3863475.236448,131.3,137.3,51.6,31.3,32.8,20.1,91.69,0.0276,106.7,7,1920,3840
3601,0.4241,3596.0,4717.0,3627.0,4749.0,31.0,32.0,31.5,1.661,1.715,1.688,638557.657797,3863459.240924,126.0,132.6,52.5,30.4,27.2,26.9,86.63,0.0317,103.7,7,1920,3840
3602,0.4239,2406.0,5589.0,2433.0,5609.0,27.0,20.0,23.5,1.447,1.072,1.259,638493.778084,3863412.835148,141.7,149.1,52.3,35.0,34.1,20.7,104.08,0.0307,114.4,7,1920,3840
3603,0.4237,3816.0,4526.0,3846.0,4561.0,30.0,35.0,32.5,1.608,1.876,1.742,638569.420882,3863469.395537,175.9,165.7,159.4,47.2,47.8,52.6,-3.96,-0.0562,167.0,7,1920,3840
3604,0.4236,3217.0,4163.0,3242.0,4189.0,25.0,26.0,25.5,1.34,1.393,1.367,638537.186279,3863489.088519,110.2,115.4,50.1,22.5,23.5,17.2,70.59,0.0299,91.9,7,1920,3840
3605,0.4232,2585.0,4527.0,2620.0,4563.0,35.0,36.0,35.5,1.876,1.929,1.902,638503.585121,3863469.315157,108.2,118.9,43.7,33.5,33.9,23.2,85.93,0.0586,90.3,7,1920,3840
3606,0.4231,3593.0,5769.0,3614.0,5790.0,21.0,21.0,21.0,1.125,1.125,1.125,638557.229075,3863403.162813,121.6,129.2,49.1,39.2,32.5,27.2,87.66,0.0378,100.0,7,1920,3840
3607,0.4228,3733.0,5403.0,3759.0,5429.0,26.0,26.0,26.0,1.393,1.393,1.393,638564.865701,3863422.64145,116.2,124.3,48.6,27.8,28.4,19.7,83.93,0.0426,96.4,7,1920,3840
3608,0.4218,2911.0,4171.0,2936.0,4195.0,25.0,24.0,24.5,1.34,1.286,1.313,638520.787627,3863488.713414,119.9,123.5,45.4,30.0,26.4,25.0,81.64,0.018,96.3,7,1920,3840
3609,0.4216,2149.0,5827.0,2173.0,5839.0,24.0,12.0,18.0,1.286,0.643,0.965,638479.924975,3863400.295943,131.2,131.2,51.0,28.4,31.2,18.3,80.2,-0.0,104.4,7,1920,3840
3610,0.4209,2488.0,4829.0,2512.0,4854.0,24.0,25.0,24.5,1.286,1.34,1.313,638498.092109,3863453.426805,99.4,113.1,36.5,32.3,32.9,19.0,90.32,0.0778,83.0,7,1920,3840
3611,0.4206,2092.0,4237.0,2116.0,4260.0,24.0,23.0,23.5,1.286,1.233,1.259,638476.870325,3863485.203509,113.0,122.3,48.9,31.8,30.2,20.2,82.73,0.05,94.8,7,1920,3840
3612,0.4206,2991.0,5158.0,3031.0,5196.0,40.0,38.0,39.0,2.144,2.036,2.09,638525.476784,3863435.448586,107.0,118.1,39.1,29.2,27.7,16.5,89.96,0.0592,88.1,7,1920,3840
3613,0.4203,3483.0,4638.0,3509.0,4662.0,26.0,24.0,25.0,1.393,1.286,1.34,638551.468111,3863463.688591,121.3,127.3,52.4,21.0,20.3,19.2,80.89,0.0305,100.3,7,1920,3840
3614,0.4203,2887.0,5561.0,2909.0,5585.0,22.0,24.0,23.0,1.179,1.286,1.233,638519.421073,3863414.228393,115.8,128.6,49.4,36.1,38.4,22.6,92.05,0.0658,97.9,7,1920,3840
3615,0.42,2461.0,4318.0,2504.0,4350.0,43.0,32.0,37.5,2.304,1.715,2.01,638497.154277,3863480.621876,103.3,115.0,42.0,28.8,29.7,20.8,84.7,0.0665,86.7,7,1920,3840
3616,0.42,2540.0,3860.0,2561.0,3881.0,21.0,21.0,21.0,1.125,1.125,1.125,638500.798422,3863505.459147,118.6,122.0,41.5,27.7,25.5,16.2,83.99,0.0171,94.0,7,1920,3840
3617,0.4198,1993.0,3891.0,2030.0,3925.0,37.0,34.0,35.5,1.983,1.822,1.902,638471.913216,3863503.449659,87.1,92.2,36.9,17.4,18.8,14.2,60.32,0.0354,72.1,7,1920,3840
3618,0.4198,2053.0,5639.0,2080.0,5666.0,27.0,27.0,27.0,1.447,1.447,1.447,638474.860686,3863409.968279,134.4,137.5,52.4,29.4,27.5,21.0,88.07,0.0138,108.1,7,1920,3840
3619,0.4192,3100.0,4269.0,3122.0,4290.0,22.0,21.0,21.5,1.179,1.125,1.152,638530.835821,3863483.542332,107.2,109.9,40.3,21.7,21.6,12.8,72.22,0.0151,85.8,7,1920,3840
3620,0.4191,3919.0,4639.0,3948.0,4668.0,29.0,29.0,29.0,1.554,1.554,1.554,638574.913895,3863463.501038,107.4,114.0,42.1,26.4,26.5,22.1,78.54,0.0369,87.8,7,1920,3840
3621,0.4191,3331.0,4744.0,3355.0,4767.0,24.0,23.0,23.5,1.286,1.233,1.259,638543.268785,3863458.035231,115.9,126.9,46.5,31.2,29.4,26.4,91.52,0.0564,96.4,7,1920,3840
3622,0.4187,3536.0,4422.0,3564.0,4450.0,28.0,28.0,28.0,1.5,1.5,1.5,638554.36199,3863475.156069,112.6,110.9,56.6,26.9,26.6,23.1,52.69,-0.0099,93.4,7,1920,3840
3623,0.4184,2469.0,5540.0,2496.0,5566.0,27.0,26.0,26.5,1.447,1.393,1.42,638497.154277,3863415.30012,136.3,149.6,57.3,31.0,28.7,21.1,105.64,0.0583,114.4,7,1920,3840
3624,0.4182,3036.0,4932.0,3061.0,4953.0,25.0,21.0,23.0,1.34,1.125,1.233,638527.486423,3863448.014584,141.2,145.4,54.9,32.7,30.4,22.6,94.74,0.0184,113.8,7,1920,3840
3625,0.4181,3322.0,4911.0,3357.0,4943.0,35.0,32.0,33.5,1.876,1.715,1.795,638543.081219,3863448.845173,118.2,116.8,48.3,25.3,23.7,17.1,67.11,-0.0075,94.4,7,1920,3840
3626,0.4178,1999.0,5403.0,2019.0,5420.0,20.0,17.0,18.5,1.072,0.911,0.991,638471.77924,3863422.882588,155.2,153.2,62.3,33.1,37.7,16.3,88.94,-0.0081,123.6,7,1920,3840
3627,0.4175,1920.0,5132.0,1939.0,5166.0,19.0,34.0,26.5,1.018,1.822,1.42,638467.518806,3863436.949004,89.3,78.7,73.9,19.0,17.0,15.8,-5.7,-0.1121,80.6,7,1920,3840
3628,0.4172,3670.0,3915.0,3696.0,3940.0,26.0,25.0,25.5,1.393,1.34,1.367,638561.489508,3863502.404726,131.4,141.3,42.4,25.3,24.8,17.5,108.82,0.0431,105.1,7,1920,3840
3629,0.4171,3750.0,5295.0,3776.0,5321.0,26.0,26.0,26.0,1.393,1.393,1.393,638565.776738,3863428.428775,87.0,99.3,41.1,15.5,15.6,12.0,70.41,0.0845,75.8,7,1920,3840
3630,0.4169,3891.0,4237.0,3916.0,4261.0,25.0,24.0,24.5,1.34,1.286,1.313,638573.306184,3863485.176715,143.5,149.7,51.7,22.6,19.9,16.8,104.24,0.0256,115.0,7,1920,3840
3631,0.4169,2003.0,4562.0,2049.0,4602.0,46.0,40.0,43.0,2.465,2.144,2.304,638472.690276,3863467.332462,113.4,126.6,48.2,28.2,27.6,19.3,91.67,0.069,96.1,7,1920,3840
3632,0.416,2834.0,4323.0,2857.0,4345.0,23.0,22.0,22.5,1.233,1.179,1.206,638516.607579,3863480.621876,122.3,123.3,51.8,29.4,27.1,23.3,72.39,0.0048,99.1,7,1920,3840
3633,0.4157,3835.0,4479.0,3859.0,4503.0,24.0,24.0,24.0,1.286,1.286,1.286,638570.278328,3863472.20882,103.4,111.0,46.9,23.8,21.9,20.0,71.78,0.0455,87.1,7,1920,3840
3634,0.4154,2206.0,5463.0,2230.0,5490.0,24.0,27.0,25.5,1.286,1.447,1.367,638482.979626,3863419.399476,119.9,128.0,50.8,35.6,36.6,22.1,85.31,0.0412,99.5,7,1920,3840
3635,0.4153,2148.0,4482.0,2187.0,4525.0,39.0,43.0,41.0,2.09,2.304,2.197,638480.273313,3863471.53899,143.7,132.7,79.8,31.1,28.2,32.2,41.84,-0.0562,118.7,7,1920,3840
3636,0.4152,2415.0,4154.0,2434.0,4174.0,19.0,20.0,19.5,1.018,1.072,1.045,638494.046036,3863489.731555,139.4,126.7,115.2,39.0,40.9,41.8,-1.16,-0.084,127.1,7,1920,3840
3637,0.4144,2940.0,5626.0,2965.0,5651.0,25.0,25.0,25.0,1.34,1.34,1.34,638522.341748,3863410.718488,103.3,120.9,39.6,27.6,27.0,15.9,98.9,0.0954,88.0,7,1920,3840
3638,0.4143,2916.0,5590.0,2943.0,5618.0,27.0,28.0,27.5,1.447,1.5,1.474,638521.10917,3863412.567216,123.3,129.9,44.8,39.1,38.7,27.3,91.73,0.0317,99.4,7,1920,3840
3639,0.4143,3544.0,4463.0,3580.0,4497.0,36.0,34.0,35.0,1.929,1.822,1.876,638555.005075,3863472.798269,109.7,114.2,47.6,25.1,23.6,23.3,71.12,0.0255,90.5,7,1920,3840
3640,0.4142,3703.0,3842.0,3731.0,3867.0,28.0,25.0,26.5,1.5,1.34,1.42,638563.311581,3863506.316529,116.9,123.1,49.3,26.6,26.3,24.7,80.06,0.0328,96.4,7,1920,3840
3641,0.4135,2184.0,4927.0,2208.0,4948.0,24.0,21.0,22.5,1.286,1.125,1.206,638481.800638,3863448.282516,117.3,127.6,52.2,34.6,35.5,20.6,85.66,0.0533,99.0,7,1920,3840
3642,0.4131,3510.0,4171.0,3547.0,4206.0,37.0,35.0,36.0,1.983,1.876,1.929,638553.209797,3863488.418689,124.1,123.9,45.9,29.0,26.1,20.7,77.85,-0.0009,97.9,7,1920,3840
3643,0.413,3347.0,4780.0,3376.0,4811.0,29.0,31.0,30.0,1.554,1.661,1.608,638544.260207,3863455.891777,106.5,113.8,48.8,27.3,28.5,24.1,72.28,0.0424,89.7,7,1920,3840
3644,0.4129,3256.0,5832.0,3281.0,5854.0,25.0,22.0,23.5,1.34,1.179,1.259,638539.276303,3863399.76008,149.1,147.0,64.6,24.0,24.9,20.4,80.27,-0.009,120.2,7,1920,3840
3645,0.4126,3124.0,4455.0,3151.0,4478.0,27.0,23.0,25.0,1.447,1.233,1.34,638532.255965,3863473.521685,138.3,145.6,67.9,40.4,35.3,41.8,84.99,0.0337,117.2,7,1920,3840
3646,0.4121,3329.0,4410.0,3353.0,4437.0,24.0,27.0,25.5,1.286,1.447,1.367,638543.161604,3863475.825898,175.9,160.4,156.7,27.5,30.9,34.4,-11.77,-0.0863,164.3,7,1920,3840
3647,0.4117,2997.0,4061.0,3024.0,4086.0,27.0,25.0,26.0,1.447,1.34,1.393,638525.449989,3863494.581119,112.2,120.1,32.1,27.8,26.2,17.8,95.96,0.0396,88.2,7,1920,3840
3648,0.4115,2080.0,5027.0,2112.0,5058.0,32.0,31.0,31.5,1.715,1.661,1.688,638476.441602,3863442.65595,109.4,125.7,38.4,30.6,29.9,18.4,103.62,0.0829,91.2,7,1920,3840
3649,0.4111,2283.0,4088.0,2314.0,4117.0,31.0,29.0,30.0,1.661,1.554,1.608,638487.29365,3863493.027115,79.9,91.1,36.3,17.6,18.6,14.7,66.02,0.0832,69.1,7,1920,3840
3650,0.4108,2337.0,5143.0,2362.0,5168.0,25.0,25.0,25.0,1.34,1.34,1.34,638490.026759,3863436.600693,149.0,156.4,67.7,26.6,26.7,17.9,96.13,0.031,124.4,7,1920,3840
3651,0.4107,3532.0,5080.0,3560.0,5108.0,28.0,28.0,28.0,1.5,1.5,1.5,638554.147629,3863439.896253,118.3,124.2,30.9,24.5,22.8,15.6,99.26,0.0281,91.1,7,1920,3840
3652,0.4105,3882.0,5596.0,3904.0,5617.0,22.0,21.0,21.5,1.179,1.125,1.152,638572.743485,3863412.433251,116.6,125.8,40.7,23.7,25.6,16.4,94.35,0.0457,94.4,7,1920,3840
3653,0.4105,3562.0,5296.0,3600.0,5332.0,38.0,36.0,37.0,2.036,1.929,1.983,638556.023291,3863428.107257,114.5,121.8,43.5,23.6,24.8,15.0,85.58,0.0379,93.2,7,1920,3840
3654,0.4105,3592.0,4023.0,3626.0,4054.0,34.0,31.0,32.5,1.822,1.661,1.742,638557.523822,3863496.456641,127.0,136.9,48.2,31.4,27.5,27.8,98.49,0.0456,104.0,7,1920,3840
3655,0.4104,3720.0,5852.0,3742.0,5873.0,22.0,21.0,21.5,1.179,1.125,1.152,638564.061846,3863398.715146,121.0,116.5,44.5,37.4,31.5,21.5,67.52,-0.0232,94.0,7,1920,3840
3656,0.4104,3164.0,4581.0,3195.0,4611.0,31.0,30.0,30.5,1.661,1.608,1.634,638534.50676,3863466.582253,97.1,103.9,40.9,25.5,26.2,15.8,69.78,0.0424,80.6,7,1920,3840
3657,0.41,2355.0,4403.0,2395.0,4440.0,40.0,37.0,38.5,2.144,1.983,2.063,638491.393313,3863475.933071,93.2,102.6,44.4,28.7,33.1,19.6,67.57,0.0621,80.1,7,1920,3840
3658,0.4097,3457.0,4754.0,3483.0,4780.0,26.0,26.0,26.0,1.393,1.393,1.393,638550.074761,3863457.418988,123.4,129.0,56.5,32.1,28.5,30.5,78.12,0.0286,103.0,7,1920,3840
3659,0.4096,2792.0,3949.0,2829.0,3985.0,37.0,36.0,36.5,1.983,1.929,1.956,638514.731916,3863500.288065,107.7,112.6,36.6,35.6,32.8,21.2,80.92,0.0267,85.7,7,1920,3840
3660,0.4095,3247.0,5592.0,3270.0,5613.0,23.0,21.0,22.0,1.233,1.125,1.179,638538.740399,3863412.647596,110.1,119.7,38.4,35.2,33.8,19.0,91.02,0.0505,89.4,7,1920,3840
3661,0.4094,3553.0,4104.0,3575.0,4125.0,22.0,21.0,21.5,1.179,1.125,1.152,638555.112255,3863492.384079,110.1,118.2,37.1,21.6,21.7,11.6,89.21,0.0424,88.5,7,1920,3840
3662,0.4087,2930.0,4533.0,2961.0,4564.0,31.0,31.0,31.0,1.661,1.661,1.661,638521.966615,3863469.127605,127.9,137.8,43.6,31.8,30.0,19.6,104.11,0.0447,103.1,7,1920,3840
3663,0.4086,3033.0,4430.0,3055.0,4451.0,22.0,21.0,21.5,1.179,1.125,1.152,638527.245266,3863474.91493,156.7,151.8,61.1,40.0,35.4,27.8,85.83,-0.0198,123.2,7,1920,3840
3664,0.4084,3309.0,4443.0,3337.0,4468.0,28.0,25.0,26.5,1.5,1.34,1.42,638542.196978,3863474.111135,152.5,146.4,146.5,35.2,39.0,39.4,-6.14,-0.04,148.5,7,1920,3840
3665,0.408,3910.0,5109.0,3940.0,5142.0,30.0,33.0,31.5,1.608,1.768,1.688,638574.458376,3863438.208283,114.9,115.9,47.0,24.0,21.6,19.5,69.94,0.0055,92.6,7,1920,3840
3666,0.4076,3460.0,5694.0,3487.0,5718.0,27.0,24.0,25.5,1.447,1.286,1.367,638550.262327,3863407.101409,128.8,132.2,50.5,28.0,29.2,19.1,85.11,0.0161,103.8,7,1920,3840
3667,0.407,3219.0,4829.0,3244.0,4852.0,25.0,23.0,24.0,1.34,1.233,1.286,638537.293459,3863453.480392,117.4,124.4,46.7,23.9,24.1,19.6,84.72,0.0359,96.2,7,1920,3840
3668,0.407,2104.0,5613.0,2134.0,5638.0,30.0,25.0,27.5,1.608,1.34,1.474,638477.67418,3863411.41511,144.9,147.0,58.2,29.3,27.3,22.2,90.96,0.0092,116.7,7,1920,3840
3669,0.4068,3564.0,4503.0,3588.0,4528.0,24.0,25.0,24.5,1.286,1.34,1.313,638555.75534,3863470.895954,127.2,133.1,59.9,32.2,28.8,28.5,79.14,0.0295,106.7,7,1920,3840
3670,0.4066,2857.0,4242.0,2896.0,4279.0,39.0,37.0,38.0,2.09,1.983,2.036,638518.26888,3863484.560472,127.0,133.7,49.8,28.5,25.3,21.7,90.64,0.032,103.5,7,1920,3840
3671,0.4059,2341.0,5080.0,2375.0,5115.0,34.0,35.0,34.5,1.822,1.876,1.849,638490.482277,3863439.708701,123.9,135.3,48.9,33.1,34.2,19.0,97.74,0.0541,102.7,7,1920,3840
3672,0.4059,2772.0,5741.0,2796.0,5765.0,24.0,24.0,24.0,1.286,1.286,1.286,638513.311772,3863404.582851,99.2,114.0,44.1,30.0,30.3,16.8,84.78,0.0879,85.8,7,1920,3840
3673,0.4057,2917.0,5433.0,2943.0,5459.0,26.0,26.0,26.0,1.393,1.393,1.393,638521.135965,3863421.033859,180.1,164.3,149.9,30.3,30.8,32.6,-1.42,-0.0812,164.8,7,1920,3840
3674,0.4055,3102.0,4931.0,3135.0,4961.0,33.0,30.0,31.5,1.768,1.608,1.688,638531.237748,3863447.827032,138.5,143.8,56.9,30.3,28.2,25.2,92.09,0.0233,113.1,7,1920,3840
3675,0.4053,3245.0,4605.0,3273.0,4632.0,28.0,27.0,27.5,1.5,1.447,1.474,638538.767194,3863465.376561,124.4,133.0,49.8,31.1,29.6,18.1,91.78,0.0415,102.4,7,1920,3840
3676,0.4048,2009.0,4360.0,2038.0,4390.0,29.0,30.0,29.5,1.554,1.608,1.581,638472.5563,3863478.424836,122.3,132.9,60.0,30.8,28.2,23.7,83.54,0.0543,105.1,7,1920,3840
3677,0.4045,2158.0,3961.0,2198.0,4006.0,40.0,45.0,42.5,2.144,2.411,2.278,638480.836012,3863499.40389,146.7,139.0,125.3,32.8,32.6,37.7,6.05,-0.048,137.0,7,1920,3840
3678,0.4044,2797.0,4124.0,2828.0,4154.0,31.0,30.0,30.5,1.661,1.608,1.634,638514.839097,3863491.071214,119.1,125.3,43.3,28.7,29.2,18.1,88.31,0.031,95.9,7,1920,3840
3679,0.4043,3299.0,5207.0,3334.0,5242.0,35.0,35.0,35.0,1.876,1.876,1.876,638541.84864,3863432.903235,126.2,126.8,52.9,37.6,36.0,30.8,74.42,0.0029,102.0,7,1920,3840
3680,0.4043,2708.0,3951.0,2743.0,3982.0,35.0,31.0,33.0,1.876,1.661,1.768,638510.176736,3863500.314858,113.8,124.4,39.5,32.0,29.9,19.9,95.48,0.0532,92.5,7,1920,3840
3681,0.4041,2775.0,4446.0,2804.0,4481.0,29.0,35.0,32.0,1.554,1.876,1.715,638513.606519,3863473.682444,181.1,169.6,152.8,36.2,39.4,43.8,5.42,-0.0579,167.8,7,1920,3840
3682,0.404,2953.0,4847.0,2976.0,4869.0,23.0,22.0,22.5,1.233,1.179,1.206,638522.984832,3863452.542631,128.8,132.0,56.6,29.1,27.0,24.4,78.56,0.0156,105.8,7,1920,3840
3683,0.4037,2499.0,5188.0,2520.0,5208.0,21.0,20.0,20.5,1.125,1.072,1.099,638498.601217,3863434.323273,89.2,112.0,24.8,24.8,25.0,11.8,110.11,0.1295,75.3,7,1920,3840
3684,0.4037,3066.0,5476.0,3092.0,5501.0,26.0,25.0,25.5,1.393,1.34,1.367,638529.120929,3863418.756439,142.7,156.3,57.8,29.0,26.1,18.4,112.03,0.0564,118.9,7,1920,3840
3685,0.4037,2573.0,4842.0,2598.0,4867.0,25.0,25.0,25.0,1.34,1.34,1.34,638502.674085,3863452.730183,106.4,119.7,40.5,31.0,30.6,22.5,92.51,0.0716,88.9,7,1920,3840
3686,0.4032,1920.0,4191.0,1942.0,4217.0,22.0,26.0,24.0,1.179,1.393,1.286,638467.599192,3863487.588101,92.2,104.1,33.0,23.5,25.4,14.5,83.0,0.073,76.4,7,1920,3840
3687,0.4032,3403.0,4466.0,3435.0,4496.0,32.0,30.0,31.0,1.715,1.608,1.661,638547.341653,3863472.744683,125.5,128.5,47.5,26.2,24.7,19.4,84.05,0.0146,100.5,7,1920,3840
3688,0.4025,2003.0,5172.0,2031.0,5197.0,28.0,25.0,26.5,1.5,1.34,1.42,638472.207963,3863435.046689,162.0,167.4,74.2,23.6,22.8,18.1,98.61,0.0212,134.5,7,1920,3840
3689,0.4024,3313.0,5398.0,3334.0,5418.0,21.0,20.0,20.5,1.125,1.072,1.099,638542.223773,3863423.07014,103.9,111.4,44.4,32.8,32.7,19.9,74.53,0.0438,86.6,7,1920,3840
3690,0.4018,2329.0,5600.0,2360.0,5625.0,31.0,25.0,28.0,1.661,1.34,1.5,638489.758807,3863412.111733,125.3,139.3,44.8,38.8,36.4,22.1,108.46,0.0637,103.1,7,1920,3840
3691,0.4013,3608.0,4766.0,3634.0,4791.0,26.0,25.0,25.5,1.393,1.34,1.367,638558.166906,3863456.802745,128.5,133.5,52.1,27.1,26.0,25.3,86.38,0.0238,104.7,7,1920,3840
3692,0.401,2601.0,5549.0,2620.0,5567.0,19.0,18.0,18.5,1.018,0.965,0.991,638504.013844,3863415.032188,126.3,131.1,56.3,27.7,28.9,17.9,79.51,0.0236,104.6,7,1920,3840
3693,0.4007,2392.0,3962.0,2420.0,3989.0,28.0,27.0,27.5,1.5,1.447,1.474,638493.054614,3863499.832581,112.0,116.8,37.6,24.7,24.4,16.7,84.07,0.0253,88.8,7,1920,3840
3694,0.4005,2714.0,4664.0,2737.0,4689.0,23.0,25.0,24.0,1.233,1.34,1.286,638510.176736,3863462.268552,102.5,117.9,33.6,20.5,21.5,12.2,99.66,0.0823,84.7,7,1920,3840
3695,0.4001,3081.0,4172.0,3116.0,4212.0,35.0,40.0,37.5,1.876,2.144,2.01,638530.165941,3863488.231137,162.8,151.3,144.1,38.4,40.8,47.9,-4.37,-0.0678,152.7,7,1920,3840
3696,0.7314,5150.0,4767.0,5188.0,4807.0,38.0,40.0,39.0,2.036,2.144,2.09,638641.124789,3863456.347261,121.2,124.9,50.9,29.2,31.9,16.0,77.74,0.0191,99.0,8,3840,3840
3697,0.7092,5500.0,4189.0,5542.0,4226.0,42.0,37.0,39.5,2.251,1.983,2.117,638659.988596,3863487.400549,129.2,135.8,62.1,26.8,28.8,20.9,80.14,0.0322,109.0,8,3840,3840
3698,0.6958,5241.0,4839.0,5284.0,4878.0,43.0,39.0,41.0,2.304,2.09,2.197,638646.135487,3863452.515837,137.5,146.3,46.7,34.1,33.1,16.3,108.43,0.0371,110.2,8,3840,3840
3699,0.6872,4765.0,4326.0,4817.0,4371.0,52.0,45.0,48.5,2.787,2.411,2.599,638620.867631,3863479.844874,119.1,130.3,53.4,28.3,28.8,22.7,88.19,0.0573,100.9,8,3840,3840
3700,0.6839,4002.0,5003.0,4043.0,5039.0,41.0,36.0,38.5,2.197,1.929,2.063,638579.683437,3863443.808056,125.2,128.6,53.3,26.4,26.7,21.2,78.69,0.0168,102.4,8,3840,3840
3701,0.6782,4951.0,5195.0,4975.0,5219.0,24.0,24.0,24.0,1.286,1.286,1.286,638630.085174,3863433.840996,129.9,140.0,46.6,27.1,29.6,14.8,103.48,0.0453,105.5,8,3840,3840
3702,0.6778,5068.0,4756.0,5121.0,4803.0,53.0,47.0,50.0,2.84,2.519,2.679,638637.132306,3863456.749159,135.6,142.2,59.8,33.0,35.6,20.5,89.07,0.0303,112.5,8,3840,3840
3703,0.6751,5099.0,5108.0,5131.0,5138.0,32.0,30.0,31.0,1.715,1.608,1.661,638638.230909,3863438.342249,140.3,145.5,63.7,26.7,28.2,20.8,86.93,0.0232,116.5,8,3840,3840
3704,0.6631,4577.0,4524.0,4619.0,4563.0,42.0,39.0,40.5,2.251,2.09,2.17,638610.524691,3863469.395537,123.9,130.8,61.6,31.3,30.5,24.7,76.15,0.0357,105.5,8,3840,3840
3705,0.6571,4379.0,4035.0,4425.0,4077.0,46.0,42.0,44.0,2.465,2.251,2.358,638600.02098,3863495.51888,144.5,149.1,57.4,38.8,39.9,28.4,96.23,0.0192,117.0,8,3840,3840
3706,0.6568,4606.0,4582.0,4640.0,4612.0,34.0,30.0,32.0,1.822,1.608,1.715,638611.86445,3863466.528667,111.2,119.6,60.6,24.5,25.8,19.7,67.43,0.0495,97.1,8,3840,3840
3707,0.655,4947.0,4257.0,4990.0,4294.0,43.0,37.0,40.0,2.304,1.983,2.144,638630.379921,3863483.756677,142.0,153.1,65.5,37.6,37.1,27.6,98.8,0.0487,120.2,8,3840,3840
3708,0.6523,4095.0,4850.0,4126.0,4879.0,31.0,29.0,30.0,1.661,1.554,1.608,638584.399389,3863452.194319,125.6,130.5,44.9,29.7,27.8,21.2,90.47,0.0232,100.3,8,3840,3840
3709,0.6497,4604.0,4440.0,4649.0,4479.0,45.0,39.0,42.0,2.411,2.09,2.251,638612.052016,3863473.89679,141.0,147.0,60.2,32.9,31.5,24.6,92.76,0.0262,116.0,8,3840,3840
3710,0.6476,4300.0,4313.0,4341.0,4349.0,41.0,36.0,38.5,2.197,1.929,2.063,638595.653365,3863480.782635,120.2,129.1,54.6,28.0,29.0,19.2,83.55,0.0461,101.3,8,3840,3840
3711,0.6465,4669.0,4022.0,4705.0,4059.0,36.0,37.0,36.5,1.929,1.983,1.956,638615.294233,3863496.349469,115.0,125.9,50.6,26.7,28.7,15.3,86.25,0.0572,97.2,8,3840,3840
3712,0.6431,4829.0,4994.0,4864.0,5031.0,35.0,37.0,36.0,1.876,1.983,1.929,638623.841896,3863444.26354,133.8,139.4,58.0,26.5,29.7,17.3,87.05,0.0261,110.4,8,3840,3840
3713,0.638,5005.0,4930.0,5049.0,4974.0,44.0,44.0,44.0,2.358,2.358,2.358,638633.514957,3863447.505514,114.3,132.3,48.1,28.9,28.3,18.1,102.14,0.0907,98.2,8,3840,3840
3714,0.6365,4921.0,4206.0,4956.0,4238.0,35.0,32.0,33.5,1.876,1.715,1.795,638628.77221,3863486.623547,107.9,122.4,60.0,34.2,32.1,30.6,77.0,0.0855,96.8,8,3840,3840
3715,0.6343,5162.0,3987.0,5209.0,4029.0,47.0,42.0,44.5,2.519,2.251,2.385,638642.00903,3863498.091025,106.5,117.8,48.8,31.3,30.0,22.7,80.38,0.0647,91.0,8,3840,3840
3716,0.6291,3959.0,5245.0,3999.0,5279.0,40.0,34.0,37.0,2.144,1.822,1.983,638577.352256,3863430.893747,132.4,132.6,46.9,31.4,28.2,20.9,85.81,0.0006,104.0,8,3840,3840
3717,0.6282,5520.0,4378.0,5553.0,4408.0,33.0,30.0,31.5,1.768,1.608,1.688,638660.819247,3863477.460282,139.6,141.9,64.7,27.8,29.7,21.3,79.51,0.0108,115.4,8,3840,3840
3718,0.628,5700.0,4035.0,5734.0,4065.0,34.0,30.0,32.0,1.822,1.608,1.715,638670.492308,3863495.840398,129.4,135.6,60.8,28.7,29.4,19.6,81.06,0.0306,108.6,8,3840,3840
3719,0.6261,4494.0,3848.0,4527.0,3877.0,33.0,29.0,31.0,1.768,1.554,1.661,638605.835534,3863505.887838,119.2,129.1,55.8,22.6,26.0,15.5,83.17,0.0512,101.4,8,3840,3840
3720,0.6248,5093.0,4647.0,5129.0,4681.0,36.0,34.0,35.0,1.929,1.822,1.876,638638.016547,3863462.938382,123.4,133.4,50.4,25.1,23.7,20.8,93.04,0.0485,102.4,8,3840,3840
3721,0.6248,4419.0,4380.0,4456.0,4412.0,37.0,32.0,34.5,1.983,1.715,1.849,638601.923438,3863477.299523,139.8,145.1,66.0,28.7,28.6,21.6,84.5,0.0244,116.9,8,3840,3840
3722,0.6229,4966.0,5276.0,5001.0,5307.0,35.0,31.0,33.0,1.876,1.661,1.768,638631.183776,3863429.31295,145.4,151.2,60.8,26.1,28.8,21.7,96.19,0.0245,119.1,8,3840,3840
3723,0.6218,5668.0,4514.0,5694.0,4540.0,26.0,26.0,26.0,1.393,1.393,1.393,638668.563055,3863470.279711,118.8,124.8,46.6,19.1,19.9,14.3,84.28,0.0305,96.7,8,3840,3840
3724,0.6217,4524.0,3895.0,4553.0,3921.0,29.0,26.0,27.5,1.554,1.393,1.474,638607.336064,3863503.449659,108.6,118.6,51.4,22.8,25.5,14.4,77.3,0.0569,92.9,8,3840,3840
3725,0.6173,5647.0,4470.0,5683.0,4501.0,36.0,31.0,33.5,1.929,1.661,1.795,638667.705609,3863472.503545,127.4,131.8,48.3,23.4,25.9,17.4,87.84,0.0207,102.5,8,3840,3840
3726,0.615,4600.0,4279.0,4638.0,4315.0,38.0,36.0,37.0,2.036,1.929,1.983,638611.650089,3863482.604571,117.9,118.2,51.1,27.8,32.0,18.1,67.35,0.0015,95.7,8,3840,3840
3727,0.6119,5092.0,4494.0,5122.0,4523.0,30.0,29.0,29.5,1.608,1.554,1.581,638637.802186,3863471.271059,130.0,144.5,52.4,30.5,30.5,18.4,106.49,0.0649,109.0,8,3840,3840
3728,0.61,4680.0,4282.0,4711.0,4313.0,31.0,31.0,31.0,1.661,1.661,1.661,638615.749751,3863482.577778,108.8,121.3,42.0,34.5,33.8,21.3,91.7,0.0662,90.7,8,3840,3840
3729,0.6095,5122.0,4580.0,5173.0,4628.0,51.0,48.0,49.5,2.733,2.572,2.653,638639.972596,3863466.153563,115.4,126.9,52.9,31.5,31.1,20.7,85.55,0.0606,98.4,8,3840,3840
3730,0.6094,4317.0,5544.0,4355.0,5577.0,38.0,33.0,35.5,2.036,1.768,1.902,638596.484016,3863414.898223,120.1,127.5,51.3,29.3,27.7,29.5,83.59,0.0377,99.6,8,3840,3840
3731,0.6089,4719.0,5102.0,4757.0,5135.0,38.0,33.0,35.5,2.036,1.768,1.902,638618.027342,3863438.583388,131.1,139.6,53.4,36.5,37.1,21.0,94.76,0.0393,108.0,8,3840,3840
3732,0.6066,5105.0,4538.0,5140.0,4574.0,35.0,36.0,35.5,1.876,1.929,1.902,638638.632837,3863468.725707,90.7,109.4,39.9,23.8,26.0,14.2,88.08,0.1166,80.0,8,3840,3840
3733,0.6056,4533.0,4305.0,4573.0,4343.0,40.0,38.0,39.0,2.144,2.036,2.09,638608.113125,3863481.157739,121.7,128.1,56.9,27.0,27.9,19.5,77.63,0.0333,102.2,8,3840,3840
3734,0.6018,5015.0,4243.0,5052.0,4278.0,37.0,35.0,36.0,1.983,1.876,1.929,638633.863294,3863484.560472,115.5,126.3,55.7,31.3,30.9,25.8,81.42,0.0583,99.2,8,3840,3840
3735,0.5992,5162.0,4276.0,5211.0,4323.0,49.0,47.0,48.0,2.626,2.519,2.572,638642.06262,3863482.470605,143.6,153.4,63.0,29.6,26.7,26.1,100.15,0.042,120.0,8,3840,3840
3736,0.5988,4563.0,4360.0,4608.0,4401.0,45.0,41.0,43.0,2.411,2.197,2.304,638609.854811,3863478.130111,138.0,144.9,70.4,32.9,30.8,25.2,81.48,0.0325,117.8,8,3840,3840
3737,0.5956,4489.0,4224.0,4527.0,4257.0,38.0,33.0,35.5,2.036,1.768,1.902,638605.701558,3863485.632199,133.1,141.1,65.0,30.0,27.5,29.3,84.01,0.038,113.0,8,3840,3840
3738,0.5944,4574.0,4679.0,4618.0,4717.0,44.0,38.0,41.0,2.358,2.036,2.197,638610.41751,3863461.116446,90.8,104.5,39.0,28.7,31.1,14.9,79.35,0.0879,78.1,8,3840,3840
3739,0.5942,5424.0,4484.0,5459.0,4516.0,35.0,32.0,33.5,1.876,1.715,1.795,638655.728163,3863471.726543,139.6,145.7,55.0,32.7,34.0,20.9,96.87,0.0268,113.4,8,3840,3840
3740,0.593,4931.0,5147.0,4968.0,5177.0,37.0,30.0,33.5,1.983,1.608,1.795,638629.361704,3863436.252381,115.0,127.8,42.5,22.2,23.5,13.8,97.96,0.0636,95.1,8,3840,3840
3741,0.5929,4087.0,4196.0,4119.0,4223.0,32.0,27.0,29.5,1.715,1.447,1.581,638583.997461,3863487.293376,117.1,128.7,46.5,25.7,26.0,19.1,93.84,0.0584,97.4,8,3840,3840
3742,0.5927,4268.0,4395.0,4311.0,4433.0,43.0,38.0,40.5,2.304,2.036,2.17,638593.992064,3863476.334968,108.8,120.7,47.2,25.2,24.4,18.4,85.44,0.0656,92.2,8,3840,3840
3743,0.5925,5547.0,5231.0,5579.0,5262.0,32.0,31.0,31.5,1.715,1.661,1.688,638662.239392,3863431.724335,128.6,132.9,58.2,28.6,32.9,16.6,79.02,0.0211,106.6,8,3840,3840
3744,0.5913,5398.0,3988.0,5428.0,4017.0,30.0,29.0,29.5,1.608,1.554,1.581,638654.200837,3863498.38575,119.0,131.2,59.4,28.2,28.5,26.2,84.08,0.0641,103.2,8,3840,3840
3745,0.5908,5128.0,4214.0,5169.0,4248.0,41.0,34.0,37.5,2.197,1.822,2.01,638640.026186,3863486.14127,119.4,131.4,47.7,28.2,26.5,19.7,95.69,0.059,99.5,8,3840,3840
3746,0.5902,4070.0,4155.0,4102.0,4184.0,32.0,29.0,30.5,1.715,1.554,1.634,638583.086425,3863489.43683,101.1,111.7,42.1,21.6,22.9,15.7,80.03,0.0616,85.0,8,3840,3840
3747,0.5899,4547.0,4205.0,4583.0,4242.0,36.0,37.0,36.5,1.929,1.983,1.956,638608.756209,3863486.543167,114.4,125.8,53.8,30.4,31.9,16.7,83.29,0.0609,98.0,8,3840,3840
3748,0.5864,4429.0,3871.0,4465.0,3902.0,36.0,31.0,33.5,1.929,1.661,1.795,638602.432546,3863504.601766,130.8,141.2,59.2,31.9,32.6,19.4,92.46,0.0488,110.4,8,3840,3840
3749,0.5823,5791.0,3938.0,5816.0,3961.0,25.0,23.0,24.0,1.34,1.233,1.286,638675.127874,3863501.225826,128.8,141.9,58.8,28.8,27.6,20.8,96.31,0.0621,109.8,8,3840,3840
3750,0.5817,4776.0,5349.0,4804.0,5374.0,28.0,25.0,26.5,1.5,1.34,1.42,638620.814041,3863425.561905,132.0,140.4,57.5,27.6,28.5,20.7,91.25,0.0389,110.0,8,3840,3840
3751,0.5817,4660.0,5272.0,4706.0,5314.0,46.0,42.0,44.0,2.465,2.251,2.358,638615.079872,3863429.23257,139.1,144.1,60.4,24.4,23.4,21.6,88.67,0.0222,114.5,8,3840,3840
3752,0.5813,4682.0,4604.0,4721.0,4643.0,39.0,39.0,39.0,2.09,2.09,2.09,638616.071294,3863465.108629,91.2,103.7,44.0,22.6,26.8,12.9,72.19,0.0828,79.6,8,3840,3840
3753,0.5811,5655.0,4666.0,5687.0,4696.0,32.0,30.0,31.0,1.715,1.608,1.661,638668.027151,3863462.027414,120.6,131.4,58.2,24.5,26.4,17.1,84.08,0.0559,103.4,8,3840,3840
3754,0.5807,4395.0,4770.0,4436.0,4810.0,41.0,40.0,40.5,2.197,2.144,2.17,638600.74445,3863456.186502,126.9,137.9,54.9,29.8,29.0,18.7,93.93,0.0521,106.5,8,3840,3840
3755,0.5804,5124.0,4730.0,5151.0,4758.0,27.0,28.0,27.5,1.447,1.5,1.474,638639.436692,3863458.651474,127.7,136.5,56.0,25.8,25.5,20.5,89.22,0.0422,106.8,8,3840,3840
3756,0.5774,4902.0,4398.0,4940.0,4432.0,38.0,34.0,36.0,2.036,1.822,1.929,638627.834378,3863476.281382,128.1,136.5,61.8,25.5,28.5,18.6,83.21,0.0417,108.8,8,3840,3840
3757,0.577,4728.0,4009.0,4775.0,4050.0,47.0,41.0,44.0,2.519,2.197,2.358,638618.750812,3863496.938918,104.5,119.2,46.6,27.8,29.5,16.5,87.17,0.0827,90.1,8,3840,3840
3758,0.5767,4463.0,5462.0,4497.0,5492.0,34.0,30.0,32.0,1.822,1.608,1.715,638604.201028,3863419.372682,126.6,133.4,51.8,30.6,32.0,18.8,88.43,0.0329,104.0,8,3840,3840
3759,0.5763,5547.0,4425.0,5571.0,4447.0,24.0,22.0,23.0,1.286,1.179,1.233,638662.02503,3863475.156069,134.5,135.3,53.7,28.5,25.7,21.1,82.43,0.0038,107.8,8,3840,3840
3760,0.5751,5053.0,5427.0,5083.0,5459.0,30.0,32.0,31.0,1.608,1.715,1.661,638635.712162,3863421.194618,140.6,147.7,62.3,28.5,26.5,25.4,92.5,0.0315,116.9,8,3840,3840
3761,0.5744,5780.0,4215.0,5820.0,4250.0,40.0,35.0,37.5,2.144,1.876,2.01,638674.940308,3863486.06089,134.4,140.7,63.0,30.8,31.8,29.0,84.03,0.0296,112.7,8,3840,3840
3762,0.5727,5380.0,3949.0,5408.0,3972.0,28.0,23.0,25.5,1.5,1.233,1.367,638653.18262,3863500.636376,145.7,155.3,64.7,30.7,27.9,23.2,100.27,0.0408,121.9,8,3840,3840
3763,0.5721,4890.0,4263.0,4925.0,4300.0,35.0,37.0,36.0,1.876,1.983,1.929,638627.110908,3863483.435159,94.8,110.3,42.2,30.9,32.7,18.5,83.47,0.0946,82.4,8,3840,3840
3764,0.5707,3921.0,3867.0,3949.0,3891.0,28.0,24.0,26.0,1.5,1.286,1.393,638574.99428,3863505.003663,117.9,118.5,47.2,29.1,28.2,18.2,71.99,0.0033,94.6,8,3840,3840
3765,0.5691,4189.0,5504.0,4220.0,5535.0,31.0,31.0,31.0,1.661,1.661,1.661,638589.436883,3863417.095263,208.9,196.4,184.8,29.7,32.9,43.2,-0.96,-0.0569,196.7,8,3840,3840
3766,0.5689,4122.0,4129.0,4157.0,4163.0,35.0,34.0,34.5,1.876,1.822,1.849,638585.953509,3863490.696109,117.1,125.1,61.8,27.8,27.4,25.8,71.41,0.0448,101.3,8,3840,3840
3767,0.5688,5624.0,4192.0,5666.0,4228.0,42.0,36.0,39.0,2.251,1.929,2.09,638666.633802,3863487.266583,145.3,152.9,58.4,28.4,29.2,21.1,102.06,0.0315,118.9,8,3840,3840
3768,0.5688,5471.0,4910.0,5499.0,4933.0,28.0,23.0,25.5,1.5,1.233,1.367,638658.059343,3863449.139898,139.1,145.0,60.0,30.6,33.4,18.9,90.89,0.0264,114.7,8,3840,3840
3769,0.5687,5488.0,4148.0,5518.0,4179.0,30.0,31.0,30.5,1.608,1.661,1.634,638659.02397,3863489.758348,133.0,139.7,57.3,26.9,28.5,16.4,89.12,0.0313,110.0,8,3840,3840
3770,0.5684,4327.0,5090.0,4363.0,5123.0,36.0,33.0,34.5,1.929,1.768,1.849,638596.966329,3863439.226424,124.0,126.3,56.4,31.7,28.6,28.1,72.27,0.0122,102.2,8,3840,3840
3771,0.5683,4997.0,4562.0,5029.0,4595.0,32.0,33.0,32.5,1.715,1.768,1.742,638632.764692,3863467.520014,114.8,125.8,54.0,30.7,31.6,21.6,82.79,0.0588,98.2,8,3840,3840
3772,0.5683,4941.0,4935.0,4976.0,4969.0,35.0,34.0,34.5,1.876,1.822,1.849,638629.844017,3863447.505514,122.2,138.3,50.1,32.0,33.3,17.8,104.33,0.0767,103.5,8,3840,3840
3773,0.568,4136.0,4442.0,4169.0,4474.0,33.0,32.0,32.5,1.768,1.715,1.742,638586.650184,3863473.977169,134.3,139.0,52.2,28.5,28.2,18.6,91.49,0.0212,108.5,8,3840,3840
3774,0.5665,5441.0,4214.0,5470.0,4244.0,29.0,30.0,29.5,1.554,1.608,1.581,638656.478428,3863486.248442,137.7,145.7,64.7,32.5,32.1,23.0,89.04,0.0366,116.0,8,3840,3840
3775,0.5619,4510.0,4393.0,4550.0,4430.0,40.0,37.0,38.5,2.144,1.983,2.063,638606.880546,3863476.468934,110.6,116.5,49.5,30.0,29.2,20.1,72.9,0.0334,92.2,8,3840,3840
3776,0.5617,4969.0,5238.0,4993.0,5261.0,24.0,23.0,23.5,1.286,1.233,1.259,638631.0498,3863431.563576,139.7,149.1,59.3,27.7,28.9,17.7,99.19,0.041,116.0,8,3840,3840
3777,0.5612,4508.0,5530.0,4542.0,5562.0,34.0,32.0,33.0,1.822,1.715,1.768,638606.612594,3863415.675225,145.0,151.2,61.8,26.2,27.0,22.7,95.59,0.0265,119.3,8,3840,3840
3778,0.5601,4755.0,5011.0,4800.0,5051.0,45.0,40.0,42.5,2.411,2.144,2.278,638620.144161,3863443.272193,155.4,158.8,69.2,28.2,27.0,23.8,93.0,0.0138,127.8,8,3840,3840
3779,0.56,5817.0,4424.0,5853.0,4459.0,36.0,35.0,35.5,1.929,1.876,1.902,638676.815971,3863474.861344,127.9,136.5,52.9,27.1,28.7,20.0,92.29,0.041,105.8,8,3840,3840
3780,0.5598,5165.0,4674.0,5208.0,4709.0,43.0,35.0,39.0,2.304,1.876,2.09,638642.06262,3863461.464757,135.7,138.0,69.6,28.6,26.9,25.1,70.77,0.0114,114.4,8,3840,3840
3781,0.5597,4139.0,4827.0,4161.0,4849.0,22.0,22.0,22.0,1.179,1.179,1.179,638586.516208,3863453.614358,148.6,153.3,60.7,31.9,30.6,20.9,97.24,0.0194,120.9,8,3840,3840
3782,0.5595,4448.0,4030.0,4486.0,4064.0,38.0,34.0,36.0,2.036,1.822,1.929,638603.504353,3863496.001157,103.6,115.2,45.1,32.4,32.3,22.2,81.63,0.0669,88.0,8,3840,3840
3783,0.559,4395.0,5053.0,4427.0,5079.0,32.0,26.0,29.0,1.715,1.393,1.554,638600.503293,3863441.396671,115.5,121.2,55.6,27.1,28.2,18.3,71.27,0.0316,97.4,8,3840,3840
3784,0.5586,4705.0,4108.0,4750.0,4146.0,45.0,38.0,41.5,2.411,2.036,2.224,638617.464643,3863491.71425,109.8,120.4,53.6,30.7,31.4,19.5,77.34,0.0598,94.6,8,3840,3840
3785,0.5565,5331.0,4137.0,5360.0,4163.0,29.0,26.0,27.5,1.554,1.393,1.474,638650.583488,3863490.481764,136.6,144.0,68.5,30.6,29.9,21.5,82.96,0.0351,116.4,8,3840,3840
3786,0.5553,5431.0,4934.0,5458.0,4960.0,27.0,26.0,26.5,1.447,1.393,1.42,638655.888934,3863447.773446,114.5,125.2,47.8,21.9,24.0,16.4,88.08,0.0558,95.8,8,3840,3840
3787,0.555,4058.0,4302.0,4102.0,4341.0,44.0,39.0,41.5,2.358,2.09,2.224,638582.764883,3863481.291705,123.6,129.3,61.8,27.8,25.4,21.0,73.34,0.0302,104.9,8,3840,3840
3788,0.5547,4505.0,5398.0,4541.0,5427.0,36.0,29.0,32.5,1.929,1.554,1.742,638606.505414,3863422.829002,134.0,137.6,55.9,29.2,27.7,22.0,85.43,0.0171,109.2,8,3840,3840
3789,0.5543,3977.0,4758.0,4023.0,4797.0,46.0,39.0,42.5,2.465,2.09,2.278,638578.477654,3863456.856332,128.7,132.5,49.9,29.3,27.5,20.4,86.55,0.0184,103.7,8,3840,3840
3790,0.5542,5078.0,5185.0,5114.0,5219.0,36.0,34.0,35.0,1.929,1.822,1.876,638637.212692,3863434.108928,126.2,139.7,47.9,27.6,28.4,18.6,105.32,0.0621,104.6,8,3840,3840
3791,0.5537,5632.0,4760.0,5664.0,4791.0,32.0,31.0,31.5,1.715,1.661,1.688,638666.794573,3863456.963504,141.7,144.7,67.7,31.7,29.3,28.2,80.03,0.0138,118.0,8,3840,3840
3792,0.5535,3846.0,4716.0,3882.0,4752.0,36.0,36.0,36.0,1.929,1.929,1.929,638571.189364,3863459.187338,158.4,144.7,143.4,36.9,41.1,44.5,-12.38,-0.0856,148.8,8,3840,3840
3793,0.5533,5548.0,4007.0,5573.0,4032.0,25.0,25.0,25.0,1.34,1.34,1.34,638662.105416,3863497.474782,138.1,143.5,57.1,36.5,38.6,21.6,91.77,0.024,112.9,8,3840,3840
3794,0.5501,5109.0,4301.0,5148.0,4334.0,39.0,33.0,36.0,2.09,1.768,1.929,638638.954379,3863481.506051,109.6,122.8,44.6,25.4,25.5,17.7,91.48,0.0707,92.3,8,3840,3840
3795,0.5496,4507.0,5281.0,4545.0,5312.0,38.0,31.0,34.5,2.036,1.661,1.849,638606.666185,3863429.045018,132.5,141.6,53.6,30.1,28.0,19.9,97.15,0.0415,109.3,8,3840,3840
3796,0.5481,4615.0,3888.0,4651.0,3920.0,36.0,32.0,34.0,1.929,1.715,1.822,638612.400354,3863503.664005,120.1,136.9,52.2,33.4,33.4,19.3,101.59,0.0822,103.0,8,3840,3840
3797,0.5477,5449.0,5283.0,5477.0,5311.0,28.0,28.0,28.0,1.5,1.5,1.5,638656.880355,3863429.018225,125.3,136.4,48.8,30.5,30.4,21.1,98.69,0.052,103.5,8,3840,3840
3798,0.547,4479.0,4947.0,4525.0,4987.0,46.0,40.0,43.0,2.465,2.144,2.304,638605.380016,3863446.701719,137.1,146.0,60.4,27.1,28.2,19.3,94.45,0.0397,114.5,8,3840,3840
3799,0.5467,5407.0,4280.0,5442.0,4315.0,35.0,35.0,35.0,1.876,1.876,1.876,638654.817126,3863482.577778,118.4,124.1,54.0,30.4,28.6,22.8,75.78,0.03,98.8,8,3840,3840
3800,0.5465,4021.0,4466.0,4045.0,4490.0,24.0,24.0,24.0,1.286,1.286,1.286,638580.246136,3863472.905442,171.1,163.6,149.9,32.7,38.6,40.8,6.16,-0.0408,161.5,8,3840,3840
3801,0.5464,5718.0,4344.0,5742.0,4367.0,24.0,23.0,23.5,1.286,1.233,1.259,638671.188982,3863479.46977,106.3,119.9,37.0,26.0,24.9,17.3,96.59,0.072,87.7,8,3840,3840
3802,0.5452,4475.0,4070.0,4517.0,4106.0,42.0,36.0,39.0,2.251,1.929,2.09,638605.058474,3863493.804117,129.6,137.7,50.4,34.2,31.5,24.7,95.37,0.0374,105.9,8,3840,3840
3803,0.5446,4721.0,4644.0,4757.0,4681.0,36.0,37.0,36.5,1.929,1.983,1.956,638618.080932,3863463.018761,129.0,137.8,52.4,33.4,33.5,19.8,94.31,0.0413,106.4,8,3840,3840
3804,0.5433,4865.0,5048.0,4895.0,5073.0,30.0,25.0,27.5,1.608,1.34,1.474,638625.637173,3863441.691396,136.5,137.4,66.6,18.3,17.4,14.9,71.77,0.0046,113.5,8,3840,3840
3805,0.5432,5054.0,4322.0,5090.0,4357.0,36.0,35.0,35.5,1.929,1.876,1.902,638635.926523,3863480.327151,129.0,140.0,55.3,29.7,27.9,20.3,95.63,0.0512,108.1,8,3840,3840
3806,0.5424,4560.0,4083.0,4594.0,4114.0,34.0,31.0,32.5,1.822,1.661,1.742,638609.399293,3863493.241461,118.1,130.3,55.3,25.9,26.1,16.9,87.29,0.0635,101.3,8,3840,3840
3807,0.541,5606.0,4546.0,5627.0,4566.0,21.0,20.0,20.5,1.125,1.072,1.099,638665.106476,3863468.725707,152.0,145.8,76.7,38.2,38.4,24.8,62.98,-0.0278,124.8,8,3840,3840
3808,0.5405,5664.0,4363.0,5693.0,4391.0,29.0,28.0,28.5,1.554,1.5,1.527,638668.429079,3863478.317663,131.3,145.3,49.0,35.9,32.4,21.1,110.18,0.0613,108.6,8,3840,3840
3809,0.5396,4892.0,4166.0,4933.0,4201.0,41.0,35.0,38.0,2.197,1.876,2.036,638627.37886,3863488.686621,101.3,114.7,47.7,35.1,33.1,25.2,80.48,0.0798,87.9,8,3840,3840
3810,0.539,4874.0,5418.0,4910.0,5452.0,36.0,34.0,35.0,1.929,1.822,1.876,638626.280258,3863421.623309,110.3,121.9,47.3,28.6,33.9,19.4,86.21,0.0627,93.1,8,3840,3840
3811,0.5386,4240.0,4698.0,4277.0,4737.0,37.0,39.0,38.0,1.983,2.09,2.036,638592.330763,3863460.071512,168.2,158.2,140.1,31.5,30.8,40.0,8.13,-0.0537,155.5,8,3840,3840
3812,0.5381,4665.0,5410.0,4692.0,5436.0,27.0,26.0,26.5,1.447,1.393,1.42,638614.838715,3863422.266345,131.6,137.8,55.2,23.8,25.9,20.9,88.89,0.0294,108.2,8,3840,3840
3813,0.538,3944.0,5815.0,3972.0,5839.0,28.0,24.0,26.0,1.5,1.286,1.393,638576.226858,3863400.617461,95.9,109.8,30.3,28.7,28.1,15.4,93.29,0.0789,78.7,8,3840,3840
3814,0.5376,4755.0,4869.0,4798.0,4905.0,43.0,36.0,39.5,2.304,1.929,2.117,638620.090571,3863450.988627,136.8,143.1,60.6,30.9,29.4,22.9,88.84,0.0288,113.5,8,3840,3840
3815,0.5371,5702.0,3887.0,5736.0,3922.0,34.0,35.0,34.5,1.822,1.876,1.849,638670.599488,3863503.637212,153.7,154.9,66.0,24.1,27.0,17.4,90.22,0.0052,124.9,8,3840,3840
3816,0.5361,5430.0,4328.0,5456.0,4339.0,26.0,11.0,18.5,1.393,0.589,0.991,638655.808548,3863480.648669,125.0,128.1,53.6,28.0,31.6,19.9,77.7,0.0157,102.2,8,3840,3840
3817,0.536,5475.0,4975.0,5500.0,4999.0,25.0,24.0,24.5,1.34,1.286,1.313,638658.193319,3863445.629992,134.9,140.7,53.3,23.7,26.4,18.2,93.38,0.0265,109.6,8,3840,3840
3818,0.5355,5536.0,4556.0,5572.0,4591.0,36.0,35.0,35.5,1.929,1.876,1.902,638661.757078,3863467.787946,135.2,138.1,68.5,26.5,26.6,21.8,72.48,0.014,113.9,8,3840,3840
3819,0.5354,5734.0,4382.0,5767.0,4410.0,33.0,28.0,30.5,1.768,1.5,1.634,638672.287585,3863477.299523,117.3,131.7,43.9,32.5,31.9,19.7,102.16,0.07,97.6,8,3840,3840
3820,0.5352,4632.0,4924.0,4676.0,4962.0,44.0,38.0,41.0,2.358,2.036,2.197,638613.525751,3863447.987791,115.5,126.4,50.2,24.9,22.6,20.7,87.07,0.0569,97.4,8,3840,3840
3821,0.5339,4017.0,3918.0,4052.0,3951.0,35.0,33.0,34.0,1.876,1.768,1.822,638580.326521,3863502.029621,124.0,134.5,47.2,24.1,24.9,15.9,97.84,0.0496,101.9,8,3840,3840
3822,0.5336,5233.0,4998.0,5264.0,5028.0,31.0,30.0,30.5,1.661,1.608,1.634,638645.385222,3863444.236747,141.3,141.9,58.9,25.5,26.0,19.5,83.57,0.0025,114.0,8,3840,3840
3823,0.533,4454.0,5317.0,4485.0,5349.0,31.0,32.0,31.5,1.661,1.715,1.688,638603.638329,3863427.089116,131.8,139.6,54.3,31.8,30.3,21.3,93.08,0.0361,108.6,8,3840,3840
3824,0.5327,4231.0,4741.0,4260.0,4770.0,29.0,29.0,29.0,1.554,1.554,1.554,638591.634088,3863458.035231,115.8,127.7,47.3,28.5,28.2,16.2,92.36,0.0608,97.0,8,3840,3840
3825,0.5327,4167.0,3926.0,4200.0,3957.0,33.0,31.0,32.0,1.768,1.661,1.715,638588.311485,3863501.654517,123.0,135.1,55.1,27.9,26.9,18.3,91.98,0.0593,104.4,8,3840,3840
3826,0.5325,5559.0,4049.0,5602.0,4089.0,43.0,40.0,41.5,2.304,2.144,2.224,638663.177223,3863494.822258,111.2,125.9,46.5,25.2,24.2,20.0,94.14,0.0771,94.5,8,3840,3840
3827,0.5307,4322.0,4086.0,4357.0,4118.0,35.0,32.0,33.5,1.876,1.715,1.795,638596.671582,3863493.053908,119.2,130.5,42.9,39.4,37.7,21.9,99.03,0.0548,97.5,8,3840,3840
3828,0.5306,5445.0,3964.0,5475.0,3990.0,30.0,26.0,28.0,1.608,1.393,1.5,638656.719584,3863499.752202,125.4,140.1,47.8,31.9,29.5,17.1,106.92,0.0673,104.4,8,3840,3840
3829,0.5303,3999.0,4148.0,4025.0,4172.0,26.0,24.0,25.0,1.393,1.286,1.34,638579.120738,3863489.9459,124.8,134.7,61.0,32.2,31.9,22.5,83.62,0.0501,106.9,8,3840,3840
3830,0.5294,4930.0,5487.0,4962.0,5516.0,32.0,29.0,30.5,1.715,1.554,1.634,638629.174137,3863418.059817,132.5,139.7,47.6,23.3,25.3,18.2,99.29,0.0318,106.6,8,3840,3840
3831,0.5291,5579.0,4501.0,5608.0,4532.0,29.0,31.0,30.0,1.554,1.661,1.608,638663.873898,3863470.842368,128.3,132.1,60.1,26.1,28.6,17.6,75.8,0.019,106.8,8,3840,3840
3832,0.5283,3929.0,5149.0,3966.0,5185.0,37.0,36.0,36.5,1.983,1.929,1.956,638575.66416,3863435.98445,127.6,123.7,43.1,29.3,31.3,18.1,76.68,-0.0187,98.2,8,3840,3840
3833,0.5278,5422.0,4034.0,5452.0,4061.0,30.0,27.0,28.5,1.608,1.447,1.527,638655.487006,3863495.974364,119.1,126.8,48.7,27.8,26.8,16.7,85.79,0.039,98.2,8,3840,3840
3834,0.5275,4550.0,4606.0,4582.0,4638.0,32.0,32.0,32.0,1.715,1.715,1.715,638608.809799,3863465.189008,128.2,136.9,50.2,32.0,30.6,22.8,95.33,0.0404,105.1,8,3840,3840
3835,0.5273,4189.0,4406.0,4220.0,4433.0,31.0,27.0,29.0,1.661,1.447,1.554,638589.436883,3863476.040243,140.8,147.1,67.0,24.8,28.6,16.3,86.32,0.0283,118.3,8,3840,3840
3836,0.5272,4742.0,4395.0,4785.0,4437.0,43.0,42.0,42.5,2.304,2.251,2.278,638619.393896,3863476.227796,127.8,135.8,62.6,22.6,21.8,19.4,81.13,0.0394,108.7,8,3840,3840
3837,0.5271,3880.0,4843.0,3913.0,4874.0,33.0,31.0,32.0,1.768,1.661,1.715,638572.931051,3863452.515837,122.2,120.3,51.1,21.4,21.9,15.7,67.28,-0.0101,97.9,8,3840,3840
3838,0.527,5421.0,5163.0,5443.0,5185.0,22.0,22.0,22.0,1.179,1.179,1.179,638655.219054,3863435.609345,123.2,132.9,59.0,23.8,22.4,18.6,83.58,0.0491,105.0,8,3840,3840
3839,0.5268,4200.0,4995.0,4226.0,5023.0,26.0,28.0,27.0,1.393,1.5,1.447,638589.892401,3863444.451092,131.5,139.0,53.0,25.7,25.7,20.3,93.58,0.0348,107.8,8,3840,3840
3840,0.5263,4922.0,4796.0,4974.0,4844.0,52.0,48.0,50.0,2.787,2.572,2.679,638629.281318,3863454.578912,130.5,137.5,55.3,32.1,36.5,20.9,89.19,0.0329,107.7,8,3840,3840
3841,0.526,5014.0,5187.0,5043.0,5212.0,29.0,25.0,27.0,1.554,1.34,1.447,638633.595342,3863434.242893,122.6,133.7,45.5,26.1,26.9,17.6,99.28,0.0525,100.6,8,3840,3840
3842,0.5253,4704.0,3927.0,4728.0,3951.0,24.0,24.0,24.0,1.286,1.286,1.286,638616.848354,3863501.788483,108.7,125.8,52.5,36.4,37.4,22.6,90.4,0.094,95.7,8,3840,3840
3843,0.5251,4752.0,5148.0,4779.0,5175.0,27.0,27.0,27.0,1.447,1.447,1.447,638619.501077,3863436.279175,134.3,138.2,60.3,23.7,21.6,16.4,81.78,0.0185,110.9,8,3840,3840
3844,0.5236,4884.0,4966.0,4925.0,5006.0,41.0,40.0,40.5,2.197,2.144,2.17,638626.950137,3863445.683578,127.8,139.7,52.8,24.8,27.9,14.9,98.72,0.0554,106.7,8,3840,3840
3845,0.5235,4068.0,3864.0,4090.0,3888.0,22.0,24.0,23.0,1.179,1.286,1.233,638582.711292,3863505.164423,131.8,138.8,54.8,29.3,28.0,21.9,90.94,0.0323,108.4,8,3840,3840
3846,0.5234,4919.0,4306.0,4961.0,4344.0,42.0,38.0,40.0,2.251,2.036,2.144,638628.852595,3863481.104153,116.6,129.4,45.0,24.8,24.1,17.9,97.1,0.0636,97.0,8,3840,3840
3847,0.5233,5014.0,5008.0,5040.0,5032.0,26.0,24.0,25.0,1.393,1.286,1.34,638633.514957,3863443.861643,149.4,160.5,54.3,26.8,25.2,18.4,117.3,0.0435,121.4,8,3840,3840
3848,0.5222,5123.0,5164.0,5143.0,5183.0,20.0,19.0,19.5,1.072,1.018,1.045,638639.195535,3863435.636138,148.4,152.9,62.2,29.5,31.8,21.6,95.18,0.0187,121.2,8,3840,3840
3849,0.5222,4748.0,4282.0,4780.0,4310.0,32.0,28.0,30.0,1.715,1.5,1.608,638619.420691,3863482.658157,92.5,101.9,45.4,27.5,27.5,19.8,65.83,0.0629,79.9,8,3840,3840
3850,0.5216,3951.0,4066.0,3985.0,4100.0,34.0,34.0,34.0,1.822,1.822,1.822,638576.762762,3863494.072049,137.0,140.1,51.2,26.5,26.4,17.2,92.06,0.0139,109.5,8,3840,3840
3851,0.5215,4384.0,4270.0,4416.0,4297.0,32.0,27.0,29.5,1.715,1.447,1.581,638599.913799,3863483.327986,126.9,133.6,50.6,29.0,28.9,19.8,89.7,0.032,103.7,8,3840,3840
3852,0.5211,4187.0,4667.0,4214.0,4693.0,27.0,26.0,26.5,1.447,1.393,1.42,638589.222522,3863462.081,101.4,110.9,39.2,18.7,21.1,13.5,81.14,0.0549,83.8,8,3840,3840
3853,0.5205,4422.0,4975.0,4450.0,5002.0,28.0,27.0,27.5,1.5,1.447,1.474,638601.843052,3863445.549612,115.5,130.1,47.6,25.4,27.2,17.4,97.08,0.0739,97.7,8,3840,3840
3854,0.5205,4982.0,5116.0,5019.0,5145.0,37.0,29.0,33.0,1.983,1.554,1.768,638632.094812,3863437.940351,123.5,135.2,42.1,28.9,28.2,18.7,104.71,0.054,100.3,8,3840,3840
3855,0.5205,4285.0,5334.0,4315.0,5363.0,30.0,29.0,29.5,1.608,1.554,1.581,638594.554763,3863426.258528,125.2,124.6,57.0,30.0,28.5,27.2,66.9,-0.0034,102.3,8,3840,3840
3856,0.5204,5467.0,4746.0,5495.0,4772.0,28.0,26.0,27.0,1.5,1.393,1.447,638657.844982,3863457.847679,168.6,168.8,69.9,26.4,26.2,20.0,99.15,0.0008,135.8,8,3840,3840
3857,0.52,4649.0,4806.0,4695.0,4845.0,46.0,39.0,42.5,2.465,2.09,2.278,638614.490378,3863454.284187,136.5,147.9,62.7,30.2,28.5,24.0,96.59,0.0516,115.7,8,3840,3840
3858,0.5191,5700.0,4838.0,5726.0,4864.0,26.0,26.0,26.0,1.393,1.393,1.393,638670.277946,3863452.917735,140.2,142.8,61.4,27.5,28.1,25.0,83.96,0.0117,114.8,8,3840,3840
3859,0.519,5302.0,4818.0,5331.0,4848.0,29.0,30.0,29.5,1.554,1.608,1.581,638649.029367,3863453.882289,140.2,143.1,57.2,35.5,30.9,29.1,88.69,0.0125,113.5,8,3840,3840
3860,0.5183,5088.0,4103.0,5122.0,4131.0,34.0,28.0,31.0,1.822,1.5,1.661,638637.695005,3863492.250113,120.4,135.2,46.9,30.6,28.5,17.1,103.24,0.0714,100.8,8,3840,3840
3861,0.5176,5686.0,4167.0,5715.0,4193.0,29.0,26.0,27.5,1.554,1.393,1.474,638669.608067,3863488.874173,119.7,128.3,54.7,26.5,24.4,19.0,82.22,0.0446,100.9,8,3840,3840
3862,0.5176,5629.0,3885.0,5657.0,3909.0,28.0,24.0,26.0,1.5,1.286,1.393,638666.526621,3863504.039109,145.0,155.2,47.1,30.6,28.8,23.8,118.32,0.0405,115.8,8,3840,3840
3863,0.5173,5772.0,4460.0,5807.0,4492.0,35.0,32.0,33.5,1.876,1.715,1.795,638674.377609,3863473.012615,151.4,157.4,66.3,29.3,30.5,20.9,97.06,0.0249,125.0,8,3840,3840
3864,0.5172,5690.0,4558.0,5714.0,4579.0,24.0,21.0,22.5,1.286,1.125,1.206,638669.688452,3863468.055878,114.8,121.2,39.6,26.6,28.2,15.2,87.99,0.0324,91.9,8,3840,3840
3865,0.517,3960.0,3945.0,3995.0,3979.0,35.0,34.0,34.5,1.876,1.822,1.849,638577.271871,3863500.555997,118.9,124.0,41.2,31.5,33.7,17.9,87.9,0.0254,94.7,8,3840,3840
3866,0.517,5071.0,4930.0,5108.0,4965.0,37.0,35.0,36.0,1.983,1.876,1.929,638636.864355,3863447.746653,124.9,134.3,59.6,26.9,28.9,20.8,83.92,0.0467,106.3,8,3840,3840
3867,0.5163,4122.0,4688.0,4159.0,4723.0,37.0,35.0,36.0,1.983,1.876,1.929,638586.0071,3863460.714548,129.7,129.3,66.4,32.0,31.0,29.7,62.61,-0.002,108.5,8,3840,3840
3868,0.5158,5143.0,4917.0,5177.0,4947.0,34.0,30.0,32.0,1.822,1.608,1.715,638640.642475,3863448.577241,156.0,154.9,75.2,32.2,33.5,26.0,78.65,-0.0046,128.7,8,3840,3840
3869,0.5157,4947.0,5404.0,4979.0,5433.0,32.0,29.0,30.5,1.715,1.554,1.634,638630.085174,3863422.507484,117.4,130.5,48.4,25.5,25.8,20.1,95.15,0.0656,98.8,8,3840,3840
3870,0.5157,4435.0,5384.0,4461.0,5410.0,26.0,26.0,26.0,1.393,1.393,1.393,638602.486136,3863423.65959,139.7,140.8,62.7,23.6,26.4,19.5,79.22,0.0053,114.4,8,3840,3840
3871,0.5155,5694.0,4448.0,5721.0,4473.0,27.0,25.0,26.0,1.447,1.34,1.393,638669.983199,3863473.843203,140.8,147.9,62.5,23.1,25.0,15.7,92.48,0.0312,117.1,8,3840,3840
3872,0.5155,5539.0,4117.0,5572.0,4151.0,33.0,34.0,33.5,1.768,1.822,1.795,638661.837464,3863491.339145,145.5,150.2,56.0,24.0,22.2,17.4,98.95,0.0196,117.2,8,3840,3840
3873,0.5155,4187.0,4805.0,4212.0,4830.0,25.0,25.0,25.0,1.34,1.34,1.34,638589.168931,3863454.712878,125.3,130.4,58.4,26.6,23.3,25.4,77.0,0.0257,104.7,8,3840,3840
3874,0.5153,5374.0,4969.0,5402.0,4994.0,28.0,25.0,26.5,1.5,1.34,1.42,638652.861078,3863445.924717,111.0,124.7,44.0,21.8,23.9,13.8,94.48,0.0716,93.3,8,3840,3840
3875,0.5152,4090.0,4497.0,4117.0,4524.0,27.0,27.0,27.0,1.447,1.447,1.447,638584.024256,3863471.163886,134.0,142.9,50.7,31.1,33.3,19.1,101.28,0.0397,109.2,8,3840,3840
3876,0.5152,5549.0,4759.0,5593.0,4796.0,44.0,37.0,40.5,2.358,1.983,2.17,638662.668115,3863456.856332,123.7,130.0,56.8,25.7,25.7,20.5,79.45,0.0317,103.5,8,3840,3840
3877,0.5152,4639.0,4128.0,4682.0,4165.0,43.0,37.0,40.0,2.304,1.983,2.144,638613.874089,3863490.669316,126.4,139.1,50.2,36.1,35.4,22.4,101.68,0.0592,105.2,8,3840,3840
3878,0.5145,3906.0,4760.0,3942.0,4790.0,36.0,30.0,33.0,1.929,1.608,1.768,638574.404786,3863456.990297,105.2,114.0,38.9,26.0,27.1,16.8,83.78,0.0484,86.0,8,3840,3840
3879,0.5141,4818.0,4818.0,4861.0,4854.0,43.0,36.0,39.5,2.304,1.929,2.117,638623.466764,3863453.72153,140.2,146.8,59.3,30.5,32.3,17.4,93.92,0.0286,115.4,8,3840,3840
3880,0.5135,5711.0,4495.0,5738.0,4516.0,27.0,21.0,24.0,1.447,1.125,1.286,638670.894235,3863471.431818,103.1,116.9,39.9,29.2,28.5,16.7,90.9,0.0768,86.6,8,3840,3840
3881,0.513,5203.0,4895.0,5241.0,4931.0,38.0,36.0,37.0,2.036,1.929,1.983,638643.965078,3863449.595382,145.2,149.3,67.7,27.0,25.1,23.7,85.61,0.018,120.7,8,3840,3840
3882,0.512,4025.0,4513.0,4053.0,4538.0,28.0,25.0,26.5,1.5,1.34,1.42,638580.567678,3863470.360091,142.3,148.8,63.0,27.1,26.3,24.7,92.19,0.0282,118.0,8,3840,3840
3883,0.512,4370.0,4119.0,4400.0,4149.0,30.0,30.0,30.0,1.608,1.608,1.608,638599.109944,3863491.339145,124.7,135.5,60.5,37.1,33.8,31.0,85.82,0.0543,106.9,8,3840,3840
3884,0.5119,5227.0,4102.0,5267.0,4136.0,40.0,34.0,37.0,2.144,1.822,1.983,638645.304837,3863492.14294,104.6,116.2,48.1,34.7,33.7,23.2,79.74,0.0674,89.6,8,3840,3840
3885,0.5112,3875.0,5440.0,3903.0,5465.0,28.0,25.0,26.5,1.5,1.34,1.42,638572.529123,3863420.685548,135.1,135.0,70.4,25.7,25.5,23.2,64.62,-0.0002,113.5,8,3840,3840
3886,0.5108,4696.0,5050.0,4732.0,5082.0,36.0,32.0,34.0,1.929,1.715,1.822,638616.741173,3863441.396671,121.1,131.5,58.0,29.3,30.0,22.3,83.89,0.0536,103.5,8,3840,3840
3887,0.5106,4891.0,4701.0,4928.0,4736.0,37.0,35.0,36.0,1.983,1.876,1.929,638627.218089,3863460.017926,124.6,135.0,56.9,35.6,35.8,21.7,88.44,0.0511,105.5,8,3840,3840
3888,0.5102,4215.0,5416.0,4251.0,5465.0,36.0,49.0,42.5,1.929,2.626,2.278,638590.964208,3863421.328584,179.6,173.2,166.3,43.7,42.7,47.5,0.43,-0.0345,173.0,8,3840,3840
3889,0.5095,4254.0,4778.0,4284.0,4809.0,30.0,31.0,30.5,1.608,1.661,1.634,638592.893461,3863455.99895,127.9,140.1,63.2,31.2,28.7,25.8,89.0,0.0593,110.4,8,3840,3840
3890,0.5093,4250.0,5654.0,4276.0,5680.0,26.0,26.0,26.0,1.393,1.393,1.393,638592.571919,3863409.191277,123.2,130.7,51.6,24.3,24.3,18.1,86.59,0.0371,101.8,8,3840,3840
3891,0.5091,3982.0,4107.0,4007.0,4133.0,25.0,26.0,25.5,1.34,1.393,1.367,638578.182907,3863492.089354,132.1,130.7,59.2,27.7,26.2,24.9,70.1,-0.0069,107.4,8,3840,3840
3892,0.5085,5588.0,4126.0,5616.0,4154.0,28.0,28.0,28.0,1.5,1.5,1.5,638664.329416,3863491.017627,118.1,127.8,49.1,28.7,30.3,19.7,88.3,0.0492,98.3,8,3840,3840
3893,0.5083,5294.0,4410.0,5337.0,4448.0,43.0,38.0,40.5,2.304,2.036,2.17,638648.975777,3863475.531173,139.5,146.7,57.5,25.7,23.9,29.7,96.5,0.0317,114.6,8,3840,3840
3894,0.5075,5349.0,4322.0,5378.0,4339.0,29.0,17.0,23.0,1.554,0.911,1.233,638651.548114,3863480.809428,112.3,116.0,45.0,24.3,23.5,17.8,74.74,0.0204,91.1,8,3840,3840
3895,0.5073,3951.0,4163.0,3978.0,4186.0,27.0,23.0,25.0,1.447,1.233,1.34,638576.575196,3863489.168898,150.6,151.4,68.0,25.2,28.1,20.1,84.28,0.0037,123.3,8,3840,3840
3896,0.5067,4858.0,4487.0,4906.0,4524.0,48.0,37.0,42.5,2.572,1.983,2.278,638625.744354,3863471.431818,116.6,130.7,55.0,30.3,30.6,18.6,89.89,0.0737,100.8,8,3840,3840
3897,0.5058,4984.0,5159.0,5003.0,5178.0,19.0,19.0,19.0,1.018,1.018,1.018,638631.71968,3863435.90407,102.0,117.7,39.4,25.7,26.6,14.8,94.03,0.0871,86.4,8,3840,3840
3898,0.5053,5437.0,4995.0,5459.0,5019.0,22.0,24.0,23.0,1.179,1.286,1.233,638656.0765,3863444.558265,123.5,133.9,50.8,23.7,26.0,14.4,93.56,0.0506,102.8,8,3840,3840
3899,0.5051,3842.0,5342.0,3877.0,5375.0,35.0,33.0,34.0,1.876,1.768,1.822,638570.948208,3863425.722664,115.9,121.6,51.0,28.6,26.2,31.6,76.43,0.0309,96.2,8,3840,3840
3900,0.5051,5425.0,3906.0,5450.0,3933.0,25.0,27.0,26.0,1.34,1.447,1.393,638655.513801,3863502.833416,141.8,152.7,72.6,34.3,33.6,27.6,90.92,0.049,122.4,8,3840,3840
3901,0.5042,4618.0,4058.0,4660.0,4098.0,42.0,40.0,41.0,2.251,2.144,2.197,638612.721896,3863494.339981,123.2,132.9,69.8,34.2,35.6,23.7,72.71,0.0518,108.6,8,3840,3840
3902,0.5033,5218.0,5203.0,5255.0,5236.0,37.0,33.0,35.0,1.983,1.768,1.876,638644.742138,3863433.171167,133.2,140.3,60.4,28.3,29.4,22.1,87.0,0.0334,111.3,8,3840,3840
3903,0.503,5061.0,4567.0,5086.0,4590.0,25.0,23.0,24.0,1.34,1.233,1.286,638636.006909,3863467.520014,113.1,127.6,53.2,34.5,34.5,25.5,88.96,0.0775,98.0,8,3840,3840
3904,0.5029,4010.0,4577.0,4042.0,4605.0,32.0,28.0,30.0,1.715,1.5,1.608,638579.871003,3863466.850185,140.2,147.0,51.8,26.9,28.1,18.0,102.01,0.0289,113.0,8,3840,3840
3905,0.5025,5131.0,5247.0,5158.0,5270.0,27.0,23.0,25.0,1.447,1.233,1.34,638639.811825,3863431.081299,151.8,160.4,61.5,25.0,21.3,17.1,107.55,0.0343,124.6,8,3840,3840
3906,0.5025,4987.0,4731.0,5027.0,4764.0,40.0,33.0,36.5,2.144,1.768,1.956,638632.44315,3863458.463922,129.1,138.0,59.1,31.4,31.1,21.4,87.79,0.0427,108.7,8,3840,3840
3907,0.5023,3993.0,3868.0,4031.0,3903.0,38.0,35.0,36.5,2.036,1.876,1.956,638579.120738,3863504.655352,124.6,136.6,47.7,26.3,26.4,17.5,100.86,0.0559,103.0,8,3840,3840
3908,0.5007,4031.0,5053.0,4061.0,5082.0,30.0,29.0,29.5,1.608,1.554,1.581,638580.94281,3863441.316291,105.8,110.1,46.2,20.9,20.4,17.9,68.27,0.0255,87.4,8,3840,3840
3909,0.5006,5201.0,4057.0,5242.0,4090.0,41.0,33.0,37.0,2.197,1.768,1.983,638643.938283,3863494.581119,102.3,115.5,37.3,31.0,30.2,18.0,91.43,0.0731,85.0,8,3840,3840
3910,0.5001,4299.0,5027.0,4325.0,5051.0,26.0,24.0,25.0,1.393,1.286,1.34,638595.197847,3863442.843502,125.2,132.2,55.7,27.8,29.0,21.9,83.57,0.035,104.4,8,3840,3840
3911,0.4997,4249.0,5015.0,4268.0,5034.0,19.0,19.0,19.0,1.018,1.018,1.018,638592.330763,3863443.620504,139.7,139.0,63.3,30.1,31.3,20.1,74.99,-0.0032,114.0,8,3840,3840
3912,0.4987,5803.0,4124.0,5845.0,4162.0,42.0,38.0,40.0,2.251,2.036,2.144,638676.226477,3863490.856868,118.9,128.2,45.8,28.1,26.7,20.8,91.7,0.0461,97.6,8,3840,3840
3913,0.4987,5026.0,5332.0,5056.0,5365.0,30.0,33.0,31.5,1.608,1.768,1.688,638634.265222,3863426.258528,149.3,148.9,55.5,27.3,25.8,24.3,92.92,-0.0019,117.9,8,3840,3840
3914,0.4977,4446.0,4127.0,4477.0,4154.0,31.0,27.0,29.0,1.661,1.447,1.554,638603.209606,3863490.990834,120.3,128.3,53.0,38.5,37.6,24.6,83.27,0.0408,100.6,8,3840,3840
3915,0.4974,5734.0,3945.0,5758.0,3969.0,24.0,24.0,24.0,1.286,1.286,1.286,638672.046428,3863500.823928,127.5,136.8,55.9,22.7,23.4,16.6,90.25,0.0448,106.7,8,3840,3840
3916,0.4972,5256.0,4750.0,5281.0,4772.0,25.0,22.0,23.5,1.34,1.179,1.259,638646.45703,3863457.740506,138.7,160.6,54.0,33.3,33.8,21.0,128.53,0.0892,117.8,8,3840,3840
3917,0.4968,4122.0,4933.0,4149.0,4959.0,27.0,26.0,26.5,1.447,1.393,1.42,638585.739148,3863447.827032,139.7,145.8,56.4,26.6,28.8,17.2,95.44,0.0267,114.0,8,3840,3840
3918,0.4967,3904.0,5298.0,3947.0,5336.0,43.0,38.0,40.5,2.304,2.036,2.17,638574.485172,3863427.946498,128.4,135.0,46.0,34.5,33.6,24.3,95.64,0.0304,103.1,8,3840,3840
3919,0.4967,4534.0,4735.0,4584.0,4779.0,50.0,44.0,47.0,2.679,2.358,2.519,638608.434667,3863457.954852,114.8,121.6,47.5,28.6,30.3,17.9,80.89,0.0358,94.7,8,3840,3840
3920,0.4962,5630.0,4434.0,5656.0,4459.0,26.0,25.0,25.5,1.393,1.34,1.367,638666.526621,3863474.593412,125.6,131.7,45.5,31.8,29.8,21.4,92.3,0.0288,100.9,8,3840,3840
3921,0.4959,5571.0,4811.0,5597.0,4831.0,26.0,20.0,23.0,1.393,1.072,1.233,638663.364789,3863454.525325,150.5,155.4,62.2,31.1,30.3,22.8,98.09,0.0202,122.7,8,3840,3840
3922,0.4958,5413.0,4627.0,5453.0,4667.0,40.0,40.0,40.0,2.144,2.144,2.144,638655.272644,3863463.84935,111.0,123.0,40.7,26.4,25.2,20.8,94.31,0.062,91.6,8,3840,3840
3923,0.4958,4149.0,4766.0,4189.0,4800.0,40.0,34.0,37.0,2.144,1.822,1.983,638587.534425,3863456.561607,112.7,118.5,47.6,26.0,27.6,18.5,76.61,0.0313,92.9,8,3840,3840
3924,0.4954,4282.0,4852.0,4321.0,4889.0,39.0,37.0,38.0,2.09,1.983,2.036,638594.635148,3863451.872801,118.8,125.9,53.5,31.7,27.5,27.4,79.54,0.0372,99.4,8,3840,3840
3925,0.4938,4091.0,5233.0,4125.0,5264.0,34.0,31.0,32.5,1.822,1.661,1.742,638584.265413,3863431.617163,98.9,112.5,34.0,27.3,28.5,16.2,92.16,0.077,81.8,8,3840,3840
3926,0.4936,4658.0,3975.0,4691.0,4007.0,33.0,32.0,32.5,1.768,1.715,1.742,638614.624354,3863499.001993,103.2,119.5,54.9,22.3,23.8,16.3,80.95,0.0974,92.5,8,3840,3840
3927,0.4934,4592.0,4008.0,4633.0,4045.0,41.0,37.0,39.0,2.197,1.983,2.09,638611.301751,3863497.099677,109.6,125.8,49.5,27.4,27.9,15.1,92.4,0.0868,95.0,8,3840,3840
3928,0.4933,4404.0,4315.0,4444.0,4353.0,40.0,38.0,39.0,2.144,2.036,2.09,638601.199968,3863480.621876,117.4,126.4,54.4,27.5,28.3,19.2,80.83,0.047,99.4,8,3840,3840
3929,0.4931,4043.0,5749.0,4065.0,5771.0,22.0,22.0,22.0,1.179,1.179,1.179,638581.371533,3863404.207746,119.6,127.3,43.9,31.3,28.8,21.7,91.14,0.0382,97.0,8,3840,3840
3930,0.493,4997.0,4885.0,5023.0,4910.0,26.0,25.0,25.5,1.393,1.34,1.367,638632.603921,3863450.42597,104.5,124.6,39.2,23.4,24.0,14.6,105.56,0.1061,89.4,8,3840,3840
3931,0.4924,5550.0,4275.0,5573.0,4295.0,23.0,20.0,21.5,1.233,1.072,1.152,638662.159006,3863483.247607,136.9,146.0,69.6,28.7,28.4,20.7,85.5,0.0429,117.5,8,3840,3840
3932,0.4922,4690.0,5365.0,4715.0,5389.0,25.0,24.0,24.5,1.34,1.286,1.313,638616.124884,3863424.731317,112.7,122.5,43.4,22.1,24.8,16.4,88.9,0.0511,92.9,8,3840,3840
3933,0.492,5616.0,4005.0,5654.0,4036.0,38.0,31.0,34.5,2.036,1.661,1.849,638666.097898,3863497.421196,102.7,113.9,46.7,21.6,21.3,17.3,78.37,0.0659,87.7,8,3840,3840
3934,0.4915,3856.0,5168.0,3898.0,5202.0,42.0,34.0,38.0,2.251,1.822,2.036,638571.886039,3863435.019895,121.6,126.6,54.5,32.6,30.9,31.6,77.08,0.0259,100.9,8,3840,3840
3935,0.4912,5464.0,4569.0,5499.0,4604.0,35.0,35.0,35.0,1.876,1.876,1.876,638657.871777,3863467.091324,114.1,124.2,47.6,30.6,31.0,21.3,86.61,0.0527,95.3,8,3840,3840
3936,0.4894,4280.0,4982.0,4308.0,5008.0,28.0,26.0,27.0,1.5,1.393,1.447,638594.233221,3863445.201301,127.8,133.7,62.0,26.6,25.0,24.8,77.62,0.0296,107.9,8,3840,3840
3937,0.4893,4504.0,5350.0,4524.0,5369.0,20.0,19.0,19.5,1.072,1.018,1.045,638606.0231,3863425.669078,130.3,136.6,56.0,25.8,26.0,17.9,86.98,0.0301,107.6,8,3840,3840
3938,0.4888,5248.0,4269.0,5271.0,4289.0,23.0,20.0,21.5,1.233,1.072,1.152,638645.974716,3863483.569125,125.9,136.0,49.6,28.3,28.0,18.0,96.56,0.0477,103.8,8,3840,3840
3939,0.4887,3863.0,5393.0,3890.0,5419.0,27.0,26.0,26.5,1.447,1.393,1.42,638571.859244,3863423.177313,131.4,134.7,60.0,33.0,33.2,27.2,77.91,0.0158,108.7,8,3840,3840
3940,0.4886,5619.0,4977.0,5639.0,4998.0,20.0,21.0,20.5,1.072,1.125,1.099,638665.776356,3863445.603199,167.0,168.2,72.8,30.9,28.0,21.5,96.61,0.0046,136.0,8,3840,3840
3941,0.4883,4413.0,3840.0,4443.0,3849.0,30.0,9.0,19.5,1.608,0.482,1.045,638601.414329,3863506.852392,127.7,134.1,55.5,18.1,21.2,14.4,84.99,0.0309,105.8,8,3840,3840
3942,0.4882,3990.0,3988.0,4014.0,4011.0,24.0,23.0,23.5,1.286,1.233,1.259,638578.584834,3863498.546509,108.2,113.7,39.0,24.8,24.9,13.9,80.16,0.03,87.0,8,3840,3840
3943,0.4879,3935.0,5007.0,3977.0,5043.0,42.0,36.0,39.0,2.251,1.929,2.09,638576.119678,3863443.593711,122.8,132.7,48.3,27.8,27.8,19.1,94.28,0.0478,101.3,8,3840,3840
3944,0.4875,5347.0,4181.0,5372.0,4204.0,25.0,23.0,24.0,1.34,1.233,1.286,638651.333753,3863488.204344,118.8,129.8,58.2,29.6,29.6,20.9,82.5,0.0575,102.3,8,3840,3840
3945,0.4875,4175.0,4261.0,4219.0,4298.0,44.0,37.0,40.5,2.358,1.983,2.17,638589.034955,3863483.542332,128.6,136.0,60.4,27.8,28.6,21.9,82.93,0.0358,108.3,8,3840,3840
3946,0.4873,4517.0,5156.0,4556.0,5189.0,39.0,33.0,36.0,2.09,1.768,1.929,638607.228884,3863435.689725,128.1,136.0,56.1,22.6,25.4,15.4,87.74,0.0379,106.7,8,3840,3840
3947,0.4865,4778.0,4603.0,4824.0,4648.0,46.0,45.0,45.5,2.465,2.411,2.438,638621.403535,3863465.001456,124.2,136.3,52.6,28.1,26.9,22.2,95.84,0.0582,104.4,8,3840,3840
3948,0.4849,4888.0,5216.0,4926.0,5254.0,38.0,38.0,38.0,2.036,2.036,2.036,638627.084113,3863432.340578,122.0,125.7,50.3,25.8,25.3,17.7,79.1,0.0188,99.3,8,3840,3840
3949,0.4844,4127.0,4399.0,4159.0,4433.0,32.0,34.0,33.0,1.715,1.822,1.768,638586.141076,3863476.227796,121.8,130.2,62.4,30.8,28.5,24.8,76.21,0.0443,104.8,8,3840,3840
3950,0.4837,5305.0,4641.0,5328.0,4667.0,23.0,26.0,24.5,1.233,1.393,1.313,638649.029367,3863463.474245,192.7,190.5,174.4,35.7,38.3,38.4,13.9,-0.0104,185.8,8,3840,3840
3951,0.4834,4775.0,4930.0,4800.0,4951.0,25.0,21.0,23.0,1.34,1.125,1.233,638620.680065,3863448.121757,117.0,128.4,47.2,29.5,28.7,18.5,92.61,0.0574,97.5,8,3840,3840
3952,0.4827,4334.0,4649.0,4362.0,4676.0,28.0,27.0,27.5,1.5,1.447,1.474,638597.1271,3863463.018761,112.5,128.4,50.8,27.0,26.3,18.2,93.46,0.0837,97.2,8,3840,3840
3953,0.4826,4635.0,4325.0,4660.0,4350.0,25.0,25.0,25.0,1.34,1.34,1.34,638613.177414,3863480.434324,113.0,122.5,54.3,31.9,31.0,21.3,77.74,0.0524,96.6,8,3840,3840
3954,0.4825,4411.0,4667.0,4448.0,4700.0,37.0,33.0,35.0,1.983,1.768,1.876,638601.494715,3863461.893448,122.1,130.0,48.4,30.6,33.4,17.5,89.39,0.0384,100.2,8,3840,3840
3955,0.4822,4067.0,5146.0,4099.0,5178.0,32.0,32.0,32.0,1.715,1.715,1.715,638582.925654,3863436.252381,114.1,126.0,43.1,26.6,25.3,19.0,94.79,0.0603,94.4,8,3840,3840
3956,0.4818,4382.0,4896.0,4410.0,4921.0,28.0,25.0,26.5,1.5,1.34,1.42,638599.699438,3863449.83652,100.1,112.6,44.3,22.9,24.3,15.3,80.76,0.074,85.7,8,3840,3840
3957,0.481,4009.0,4028.0,4033.0,4052.0,24.0,24.0,24.0,1.286,1.286,1.286,638579.603051,3863496.376262,122.1,129.0,50.7,30.5,27.0,19.2,85.22,0.0346,100.6,8,3840,3840
3958,0.4809,4345.0,5136.0,4379.0,5163.0,34.0,27.0,30.5,1.822,1.447,1.634,638597.877365,3863436.922211,119.0,121.4,52.0,32.1,30.5,24.1,71.86,0.0129,97.4,8,3840,3840
3959,0.4809,5485.0,4294.0,5516.0,4322.0,31.0,28.0,29.5,1.661,1.5,1.581,638658.889994,3863482.015121,129.9,134.8,62.0,31.5,30.1,23.0,77.74,0.0243,108.9,8,3840,3840
3960,0.4807,4932.0,4449.0,4973.0,4486.0,41.0,37.0,39.0,2.197,1.983,2.09,638629.522475,3863473.468099,119.4,130.3,58.5,32.5,31.4,24.9,82.78,0.0571,102.7,8,3840,3840
3961,0.4799,4215.0,4268.0,4224.0,4292.0,9.0,24.0,16.5,0.482,1.286,0.884,638590.240738,3863483.515539,150.9,149.9,86.7,20.5,24.9,23.2,62.27,-0.0046,129.2,8,3840,3840
3962,0.4797,4970.0,3968.0,5011.0,4005.0,41.0,37.0,39.0,2.197,1.983,2.09,638631.558909,3863499.243131,116.9,124.6,55.4,34.2,32.4,22.7,76.9,0.0414,99.0,8,3840,3840
3963,0.4797,4085.0,4623.0,4115.0,4653.0,30.0,30.0,30.0,1.608,1.608,1.608,638583.83669,3863464.331627,149.4,153.6,62.6,32.4,30.2,33.2,95.27,0.0176,121.9,8,3840,3840
3964,0.4795,4727.0,4812.0,4766.0,4848.0,39.0,36.0,37.5,2.09,1.929,2.01,638618.48286,3863454.043048,118.6,125.4,59.2,27.9,28.9,23.0,73.03,0.0369,101.0,8,3840,3840
3965,0.4793,4835.0,5238.0,4856.0,5260.0,21.0,22.0,21.5,1.125,1.179,1.152,638623.788306,3863431.590369,124.4,133.6,53.1,30.8,32.5,18.9,89.67,0.045,103.7,8,3840,3840
3966,0.479,5207.0,4754.0,5246.0,4792.0,39.0,38.0,38.5,2.09,2.036,2.063,638644.206234,3863457.09747,126.8,127.2,48.7,28.8,28.0,16.4,78.83,0.0017,100.9,8,3840,3840
3967,0.4787,5706.0,4731.0,5727.0,4750.0,21.0,19.0,20.0,1.125,1.018,1.072,638670.465512,3863458.839026,145.1,146.9,55.6,29.4,27.5,20.6,93.17,0.0077,115.9,8,3840,3840
3968,0.4787,5311.0,4865.0,5338.0,4888.0,27.0,23.0,25.0,1.447,1.233,1.34,638649.45809,3863451.551283,134.0,138.9,63.7,31.8,29.1,24.5,80.05,0.0233,112.2,8,3840,3840
3969,0.4786,4555.0,5237.0,4591.0,5266.0,36.0,29.0,32.5,1.929,1.554,1.742,638609.184932,3863431.456403,115.7,126.7,52.2,32.6,32.7,22.1,85.44,0.0576,98.2,8,3840,3840
3970,0.4783,4167.0,4624.0,4198.0,4651.0,31.0,27.0,29.0,1.661,1.447,1.554,638588.257895,3863464.35842,132.6,136.2,50.6,28.4,27.1,20.6,89.26,0.0168,106.5,8,3840,3840
3971,0.4777,4133.0,5484.0,4160.0,5507.0,27.0,23.0,25.0,1.447,1.233,1.34,638586.328642,3863418.381335,108.1,110.6,32.4,23.7,23.4,14.5,80.71,0.0134,83.7,8,3840,3840
3972,0.4771,5164.0,5140.0,5187.0,5161.0,23.0,21.0,22.0,1.233,1.125,1.179,638641.473126,3863436.868624,137.7,148.2,56.7,28.8,32.0,18.8,102.1,0.0459,114.2,8,3840,3840
3973,0.4769,4857.0,4914.0,4901.0,4950.0,44.0,36.0,40.0,2.358,1.929,2.144,638625.583583,3863448.577241,103.9,115.8,48.8,22.8,24.3,14.2,78.85,0.0693,89.5,8,3840,3840
3974,0.4764,5009.0,5228.0,5045.0,5262.0,36.0,34.0,35.0,1.929,1.822,1.876,638633.514957,3863431.804715,138.9,145.1,59.1,19.8,18.7,14.7,92.23,0.0276,114.4,8,3840,3840
3975,0.4763,4311.0,4894.0,4336.0,4919.0,25.0,25.0,25.0,1.34,1.34,1.34,638595.814136,3863449.943693,114.8,125.3,60.8,25.5,26.3,17.8,74.92,0.0586,100.3,8,3840,3840
3976,0.4763,5614.0,4387.0,5643.0,4416.0,29.0,29.0,29.0,1.554,1.554,1.554,638665.749561,3863477.004798,129.5,132.9,47.6,23.4,23.2,16.3,88.84,0.0162,103.3,8,3840,3840
3977,0.4758,4217.0,4331.0,4242.0,4339.0,25.0,8.0,16.5,1.34,0.429,0.884,638590.776642,3863480.56829,86.6,90.3,49.0,16.7,18.4,14.4,45.13,0.0294,75.3,8,3840,3840
3978,0.4758,4215.0,4621.0,4233.0,4656.0,18.0,35.0,26.5,0.965,1.876,1.42,638590.481895,3863464.304834,143.8,121.0,110.5,32.7,32.0,30.7,-12.22,-0.1474,125.1,8,3840,3840
3979,0.4758,4705.0,4322.0,4745.0,4353.0,40.0,31.0,35.5,2.144,1.661,1.902,638617.330667,3863480.434324,95.9,108.1,45.3,26.7,28.4,16.7,75.05,0.077,83.1,8,3840,3840
3980,0.4755,4268.0,3996.0,4316.0,4033.0,48.0,37.0,42.5,2.572,1.983,2.278,638594.12604,3863497.742714,128.4,135.0,59.3,32.9,35.2,21.4,82.46,0.0327,107.6,8,3840,3840
3981,0.4753,5370.0,4216.0,5394.0,4239.0,24.0,23.0,23.5,1.286,1.233,1.259,638652.539536,3863486.328822,122.6,129.5,58.3,36.7,35.4,21.7,78.11,0.0356,103.5,8,3840,3840
3982,0.4751,4453.0,3905.0,4486.0,3939.0,33.0,34.0,33.5,1.768,1.822,1.795,638603.638329,3863502.699451,134.3,141.5,63.8,22.9,22.7,20.1,84.95,0.0342,113.2,8,3840,3840
3983,0.475,4765.0,5273.0,4788.0,5296.0,23.0,23.0,23.0,1.233,1.233,1.233,638620.090571,3863429.688054,130.9,135.8,59.2,24.8,26.4,17.5,81.47,0.0237,108.6,8,3840,3840
3984,0.475,4329.0,4248.0,4353.0,4269.0,24.0,21.0,22.5,1.286,1.125,1.206,638596.751968,3863484.667645,126.8,136.0,56.4,32.3,33.0,24.5,88.74,0.0445,106.4,8,3840,3840
3985,0.4742,4242.0,4219.0,4285.0,4257.0,43.0,38.0,40.5,2.304,2.036,2.17,638592.598714,3863485.766165,123.2,133.5,53.1,27.3,28.4,18.2,90.78,0.0508,103.3,8,3840,3840
3986,0.4738,4174.0,5093.0,4209.0,5124.0,35.0,31.0,33.0,1.876,1.661,1.768,638588.740208,3863439.119251,139.2,142.5,57.4,28.2,28.4,21.3,88.48,0.0148,113.0,8,3840,3840
3987,0.4737,5179.0,4523.0,5209.0,4554.0,30.0,31.0,30.5,1.608,1.661,1.634,638642.464548,3863469.663468,202.2,200.8,186.8,23.5,23.7,28.6,12.65,-0.0063,196.6,8,3840,3840
3988,0.4737,4677.0,4435.0,4718.0,4473.0,41.0,38.0,39.5,2.197,2.036,2.117,638615.856932,3863474.191514,96.3,109.1,37.9,33.3,32.4,20.1,83.93,0.0763,81.1,8,3840,3840
3989,0.4736,4030.0,4683.0,4057.0,4712.0,27.0,29.0,28.0,1.447,1.554,1.5,638580.808834,3863461.143239,133.1,138.1,53.9,30.4,29.8,22.0,89.16,0.0229,108.4,8,3840,3840
3990,0.4734,5251.0,5291.0,5276.0,5314.0,25.0,23.0,24.0,1.34,1.233,1.286,638646.189078,3863428.7235,105.7,117.0,51.3,26.0,26.1,19.2,77.04,0.0658,91.3,8,3840,3840
3991,0.4734,4839.0,4286.0,4866.0,4313.0,27.0,27.0,27.0,1.447,1.447,1.447,638624.163438,3863482.470605,129.6,141.5,58.6,34.6,35.6,20.7,94.76,0.056,109.9,8,3840,3840
3992,0.4734,5558.0,4608.0,5580.0,4630.0,22.0,22.0,22.0,1.179,1.179,1.179,638662.560934,3863465.349767,131.2,139.2,53.7,29.6,28.1,20.7,93.52,0.0371,108.0,8,3840,3840
3993,0.4734,5690.0,4303.0,5726.0,4336.0,36.0,33.0,34.5,1.929,1.768,1.849,638670.009994,3863481.398878,121.7,130.7,56.9,26.6,26.7,29.3,82.69,0.0459,103.1,8,3840,3840
3994,0.4728,4724.0,5485.0,4751.0,5510.0,27.0,25.0,26.0,1.447,1.34,1.393,638618.000547,3863418.274162,108.2,123.0,40.8,23.3,23.6,15.4,96.88,0.0774,90.7,8,3840,3840
3995,0.4721,4260.0,5145.0,4301.0,5179.0,41.0,34.0,37.5,2.197,1.822,2.01,638593.509751,3863436.252381,132.3,135.6,51.3,30.9,33.4,18.9,87.59,0.0152,106.4,8,3840,3840
3996,0.4714,5404.0,4451.0,5434.0,4476.0,30.0,25.0,27.5,1.608,1.34,1.474,638654.522379,3863473.682444,121.3,128.9,43.0,27.7,26.8,17.6,93.42,0.0364,97.7,8,3840,3840
3997,0.4711,4084.0,5191.0,4110.0,5217.0,26.0,26.0,26.0,1.393,1.393,1.393,638583.675919,3863434.001755,111.8,126.2,40.6,30.8,30.1,19.3,100.05,0.073,92.8,8,3840,3840
3998,0.4703,4397.0,3949.0,4426.0,3978.0,29.0,29.0,29.0,1.554,1.554,1.554,638600.530088,3863500.475617,125.0,128.0,54.7,28.7,29.2,20.8,76.24,0.0151,102.6,8,3840,3840
3999,0.47,4373.0,5388.0,4398.0,5412.0,25.0,24.0,24.5,1.34,1.286,1.313,638599.136739,3863423.498831,111.6,122.7,44.9,27.6,26.2,19.5,88.82,0.0583,93.1,8,3840,3840
4000,0.4694,3973.0,4502.0,3997.0,4524.0,24.0,22.0,23.0,1.286,1.179,1.233,638577.673798,3863471.02992,97.8,105.4,42.7,20.2,21.9,16.4,70.25,0.0472,82.0,8,3840,3840
4001,0.4693,3912.0,4494.0,3954.0,4531.0,42.0,37.0,39.5,2.251,1.983,2.117,638574.887099,3863471.056713,105.0,112.6,33.7,26.6,27.0,16.8,86.61,0.0417,83.8,8,3840,3840
4002,0.4691,5222.0,4517.0,5260.0,4554.0,38.0,37.0,37.5,2.036,1.983,2.01,638644.983295,3863469.824227,85.6,100.0,37.0,21.5,22.7,13.2,77.4,0.0968,74.2,8,3840,3840
4003,0.4689,4246.0,4367.0,4271.0,4392.0,25.0,25.0,25.0,1.34,1.34,1.34,638592.330763,3863478.183697,94.5,106.2,46.3,21.8,23.2,14.7,71.61,0.0759,82.3,8,3840,3840
4004,0.4686,5186.0,5042.0,5223.0,5077.0,37.0,35.0,36.0,1.983,1.876,1.929,638643.027246,3863441.744982,157.8,155.5,94.4,36.4,33.1,49.7,58.87,-0.0103,135.9,8,3840,3840
4005,0.4684,5360.0,4361.0,5396.0,4396.0,36.0,35.0,35.5,1.929,1.876,1.902,638652.325174,3863478.237284,112.0,120.3,44.2,23.6,24.0,20.5,84.43,0.0444,92.2,8,3840,3840
4006,0.4684,4145.0,4182.0,4166.0,4204.0,21.0,22.0,21.5,1.125,1.179,1.152,638586.810955,3863488.177551,127.3,130.4,58.2,33.6,30.8,24.7,75.22,0.0153,105.3,8,3840,3840
4007,0.4683,4588.0,3845.0,4627.0,3879.0,39.0,34.0,36.5,2.09,1.822,1.956,638611.033799,3863505.914631,96.5,110.8,45.6,24.1,26.0,16.0,79.4,0.0883,84.3,8,3840,3840
4008,0.4676,5041.0,4524.0,5066.0,4548.0,25.0,24.0,24.5,1.34,1.286,1.313,638634.935102,3863469.797434,104.1,115.8,47.1,28.7,30.0,16.0,80.52,0.068,89.0,8,3840,3840
4009,0.4671,5002.0,5444.0,5029.0,5469.0,27.0,25.0,26.0,1.447,1.34,1.393,638632.898668,3863420.471203,119.3,129.5,48.9,23.7,22.7,20.8,90.65,0.0506,99.2,8,3840,3840
4010,0.4666,4358.0,3993.0,4395.0,4026.0,37.0,33.0,35.0,1.983,1.768,1.876,638598.654426,3863498.010645,104.2,109.4,48.7,27.9,28.8,19.4,65.86,0.0316,87.4,8,3840,3840
4011,0.4665,4345.0,4390.0,4382.0,4426.0,37.0,36.0,36.5,1.983,1.929,1.956,638597.957751,3863476.656486,113.8,124.9,55.2,27.9,29.3,17.2,80.8,0.0604,97.9,8,3840,3840
4012,0.4664,4310.0,5714.0,4339.0,5740.0,29.0,26.0,27.5,1.554,1.393,1.474,638595.867727,3863405.976096,119.3,128.0,44.9,30.4,29.0,20.5,91.79,0.0429,97.4,8,3840,3840
4013,0.4658,4657.0,5621.0,4681.0,5643.0,24.0,22.0,23.0,1.286,1.179,1.233,638614.329607,3863411.066799,123.8,131.6,44.4,28.4,28.0,17.4,95.06,0.0372,100.0,8,3840,3840
4014,0.4655,5507.0,4496.0,5532.0,4518.0,25.0,22.0,23.5,1.34,1.179,1.259,638659.908211,3863471.351438,155.1,153.8,70.4,29.5,28.2,20.6,82.15,-0.0053,126.4,8,3840,3840
4015,0.465,4659.0,4664.0,4701.0,4702.0,42.0,38.0,40.0,2.251,2.036,2.144,638614.919101,3863461.920241,126.0,133.8,60.4,30.8,29.4,19.7,81.23,0.0391,106.8,8,3840,3840
4016,0.4644,4124.0,5866.0,4148.0,5887.0,24.0,21.0,22.5,1.286,1.125,1.206,638585.765943,3863397.964937,124.4,133.6,52.9,22.9,24.4,16.1,89.93,0.0448,103.6,8,3840,3840
4017,0.4643,3885.0,5210.0,3915.0,5243.0,30.0,33.0,31.5,1.608,1.768,1.688,638573.118617,3863432.796062,119.6,124.6,48.8,36.2,34.6,34.5,80.66,0.0253,97.7,8,3840,3840
4018,0.4643,3846.0,3840.0,3880.0,3864.0,34.0,24.0,29.0,1.822,1.286,1.554,638571.135774,3863506.450495,139.3,139.2,59.5,22.7,21.9,17.2,79.49,-0.0007,112.7,8,3840,3840
4019,0.4638,5741.0,3987.0,5776.0,4020.0,35.0,33.0,34.0,1.876,1.768,1.822,638672.716308,3863498.332163,121.5,130.7,55.5,25.5,21.7,28.3,84.4,0.0469,102.5,8,3840,3840
4020,0.4623,5490.0,4459.0,5516.0,4484.0,26.0,25.0,25.5,1.393,1.34,1.367,638659.02397,3863473.253753,129.9,139.8,54.2,36.9,34.8,23.7,95.58,0.046,108.0,8,3840,3840
4021,0.4621,5129.0,4869.0,5167.0,4902.0,38.0,33.0,35.5,2.036,1.768,1.902,638639.999391,3863451.069006,130.6,136.6,57.9,29.3,30.9,23.8,84.71,0.0287,108.3,8,3840,3840
4022,0.4615,4952.0,4112.0,4981.0,4140.0,29.0,28.0,28.5,1.554,1.5,1.527,638630.27274,3863491.767836,121.7,133.0,54.3,33.2,28.5,22.6,89.93,0.0562,103.0,8,3840,3840
4023,0.4613,4029.0,4365.0,4060.0,4398.0,31.0,33.0,32.0,1.661,1.768,1.715,638580.862425,3863478.076525,110.3,119.4,52.5,28.5,27.0,20.0,76.01,0.0513,94.1,8,3840,3840
4024,0.4611,5300.0,5072.0,5327.0,5089.0,27.0,17.0,22.0,1.447,0.911,1.179,638648.868596,3863440.619669,122.2,131.4,54.9,28.9,30.5,16.5,85.6,0.0459,102.8,8,3840,3840
4025,0.4602,4938.0,4618.0,4974.0,4650.0,36.0,32.0,34.0,1.929,1.715,1.822,638629.710041,3863464.545972,130.2,141.5,54.4,26.9,27.3,20.0,98.44,0.0521,108.7,8,3840,3840
4026,0.4602,4021.0,4224.0,4064.0,4261.0,43.0,37.0,40.0,2.304,1.983,2.144,638580.755244,3863485.525027,121.9,126.2,49.3,29.7,26.8,21.8,81.24,0.0218,99.2,8,3840,3840
4027,0.46,5088.0,4388.0,5128.0,4426.0,40.0,38.0,39.0,2.144,2.036,2.09,638637.855776,3863476.710073,140.0,148.0,62.7,28.4,27.6,21.8,93.36,0.0356,116.9,8,3840,3840
4028,0.4598,4670.0,3848.0,4695.0,3871.0,25.0,23.0,24.0,1.34,1.233,1.286,638615.053077,3863506.048597,127.8,141.2,54.9,32.9,31.8,20.1,99.72,0.0628,108.0,8,3840,3840
4029,0.459,4742.0,5323.0,4764.0,5345.0,22.0,22.0,22.0,1.179,1.179,1.179,638618.831197,3863427.03553,129.6,131.8,56.2,24.9,28.9,19.1,77.82,0.0106,105.9,8,3840,3840
4030,0.458,4815.0,4958.0,4840.0,4983.0,25.0,25.0,25.0,1.34,1.34,1.34,638622.823679,3863446.514167,119.6,131.5,56.6,28.8,29.0,21.4,86.7,0.0608,102.6,8,3840,3840
4031,0.4579,4858.0,4230.0,4888.0,4260.0,30.0,30.0,30.0,1.608,1.608,1.608,638625.262041,3863485.391061,109.1,123.0,46.3,33.3,32.9,20.3,90.74,0.075,92.8,8,3840,3840
4032,0.4576,3884.0,5596.0,3905.0,5617.0,21.0,21.0,21.0,1.125,1.125,1.125,638572.82387,3863412.433251,119.9,130.0,42.6,23.3,23.4,17.2,97.39,0.0485,97.5,8,3840,3840
4033,0.457,3936.0,4798.0,3971.0,4831.0,35.0,33.0,34.0,1.876,1.768,1.822,638575.985702,3863454.873637,124.6,125.0,49.5,28.0,29.6,22.2,76.01,0.0022,99.7,8,3840,3840
4034,0.4567,5323.0,3968.0,5360.0,4004.0,37.0,36.0,36.5,1.983,1.929,1.956,638650.369126,3863499.269924,135.8,147.5,67.6,33.0,31.4,32.8,91.62,0.0543,117.0,8,3840,3840
4035,0.4556,4233.0,5364.0,4265.0,5392.0,32.0,28.0,30.0,1.715,1.5,1.608,638591.821654,3863424.677731,109.4,112.1,44.0,29.6,28.4,23.4,70.68,0.0148,88.5,8,3840,3840
4036,0.4546,4912.0,4757.0,4946.0,4786.0,34.0,29.0,31.5,1.822,1.554,1.688,638628.263101,3863457.17785,112.8,120.5,54.6,27.8,29.0,20.3,73.74,0.0434,95.9,8,3840,3840
4037,0.4545,5333.0,4609.0,5356.0,4629.0,23.0,20.0,21.5,1.233,1.072,1.152,638650.529897,3863465.349767,135.8,144.8,48.5,25.5,25.2,16.2,105.4,0.0389,109.7,8,3840,3840
4038,0.4545,5472.0,4255.0,5496.0,4278.0,24.0,23.0,23.5,1.286,1.233,1.259,638658.005753,3863484.238954,135.4,145.4,68.6,32.4,30.7,31.5,86.87,0.0474,116.5,8,3840,3840
4039,0.4543,4565.0,5276.0,4612.0,5314.0,47.0,38.0,42.5,2.519,2.036,2.278,638610.015583,3863429.125397,105.4,117.5,33.9,32.2,32.3,16.7,95.56,0.0637,85.6,8,3840,3840
4040,0.4543,4678.0,5008.0,4710.0,5035.0,32.0,27.0,29.5,1.715,1.447,1.581,638615.669366,3863443.781263,137.1,144.3,56.2,33.7,33.2,23.5,95.22,0.0317,112.5,8,3840,3840
4041,0.4542,4225.0,5829.0,4261.0,5839.0,36.0,10.0,23.0,1.929,0.536,1.233,638591.500112,3863400.242357,107.6,106.9,45.6,15.9,18.5,14.1,60.59,-0.0042,86.7,8,3840,3840
4042,0.4541,4537.0,3934.0,4576.0,3966.0,39.0,32.0,35.5,2.09,1.715,1.902,638608.300691,3863501.199033,123.1,131.3,56.2,32.1,34.4,19.8,83.47,0.0418,103.5,8,3840,3840
4043,0.4538,5344.0,5098.0,5373.0,5122.0,29.0,24.0,26.5,1.554,1.286,1.42,638651.280162,3863439.038871,158.0,160.6,71.5,28.1,32.7,19.9,91.78,0.0105,130.0,8,3840,3840
4044,0.4535,4015.0,4189.0,4040.0,4212.0,25.0,23.0,24.0,1.34,1.233,1.286,638579.951389,3863487.775653,97.3,109.3,42.7,25.1,24.4,16.6,78.58,0.0731,83.1,8,3840,3840
4045,0.4534,4505.0,4656.0,4537.0,4685.0,32.0,29.0,30.5,1.715,1.554,1.634,638606.398233,3863462.590071,114.0,124.8,48.3,29.2,29.7,20.2,87.41,0.0567,95.7,8,3840,3840
4046,0.4534,3908.0,5109.0,3940.0,5142.0,32.0,33.0,32.5,1.715,1.768,1.742,638574.404786,3863438.208283,113.7,114.9,46.9,24.2,22.3,19.3,69.19,0.0065,91.9,8,3840,3840
4047,0.4534,4322.0,5056.0,4347.0,5080.0,25.0,24.0,24.5,1.34,1.286,1.313,638596.40363,3863441.289498,123.7,129.1,64.3,30.0,31.9,23.7,70.17,0.0285,105.7,8,3840,3840
4048,0.4531,4296.0,5293.0,4319.0,5318.0,23.0,25.0,24.0,1.233,1.34,1.286,638594.95669,3863428.562741,148.1,147.8,60.8,29.6,25.8,27.9,86.66,-0.0013,118.9,8,3840,3840
4049,0.4525,4985.0,5366.0,5007.0,5394.0,22.0,28.0,25.0,1.179,1.5,1.34,638631.853656,3863424.570558,142.7,146.5,56.8,24.0,28.0,17.3,93.45,0.0162,115.3,8,3840,3840
4050,0.4523,3964.0,4038.0,3988.0,4062.0,24.0,24.0,24.0,1.286,1.286,1.286,638577.191485,3863495.840398,189.5,177.1,169.0,33.7,35.3,36.6,-4.24,-0.0626,178.5,8,3840,3840
4051,0.4521,4637.0,4213.0,4680.0,4251.0,43.0,38.0,40.5,2.304,2.036,2.17,638613.766908,3863486.087683,141.4,151.7,59.5,33.8,34.3,21.8,102.45,0.0439,117.5,8,3840,3840
4052,0.4517,5684.0,4407.0,5709.0,4433.0,25.0,26.0,25.5,1.34,1.393,1.367,638669.393705,3863476.01345,100.4,115.4,39.0,23.7,25.2,14.3,91.36,0.0848,84.9,8,3840,3840
4053,0.4507,3919.0,4638.0,3948.0,4668.0,29.0,30.0,29.5,1.554,1.608,1.581,638574.913895,3863463.527832,108.0,114.3,43.8,27.1,27.0,24.7,76.77,0.0351,88.7,8,3840,3840
4054,0.45,3964.0,5627.0,3988.0,5649.0,24.0,22.0,23.0,1.286,1.179,1.233,638577.191485,3863410.745281,129.4,136.9,42.5,29.1,29.7,18.5,101.88,0.0335,102.9,8,3840,3840
4055,0.4492,5702.0,4591.0,5733.0,4619.0,31.0,28.0,29.5,1.661,1.5,1.581,638670.519103,3863466.099976,119.2,127.3,46.3,23.7,23.9,16.7,89.07,0.0403,97.6,8,3840,3840
4056,0.4488,4324.0,3911.0,4347.0,3934.0,23.0,23.0,23.0,1.233,1.233,1.233,638596.457221,3863502.672657,104.8,115.1,46.3,27.4,25.7,16.9,79.13,0.0593,88.7,8,3840,3840
4057,0.4486,5275.0,4887.0,5302.0,4915.0,27.0,28.0,27.5,1.447,1.5,1.474,638647.528837,3863450.238418,139.3,143.6,59.5,27.9,25.3,19.2,88.49,0.0193,114.1,8,3840,3840
4058,0.4486,5690.0,3997.0,5719.0,4020.0,29.0,23.0,26.0,1.554,1.233,1.393,638669.822428,3863498.064232,127.9,143.5,44.6,31.5,30.7,21.7,114.54,0.0688,105.3,8,3840,3840
4059,0.4486,4339.0,3950.0,4373.0,3980.0,34.0,30.0,32.0,1.822,1.608,1.715,638597.555823,3863500.395238,100.0,102.5,47.8,24.8,25.6,18.3,57.08,0.0155,83.4,8,3840,3840
4060,0.4485,4222.0,4517.0,4246.0,4543.0,24.0,26.0,25.0,1.286,1.393,1.34,638591.017799,3863470.118952,173.2,156.1,140.5,31.8,33.4,36.4,-1.52,-0.0905,156.6,8,3840,3840
4061,0.4477,5066.0,4453.0,5092.0,4479.0,26.0,26.0,26.0,1.393,1.393,1.393,638636.301656,3863473.548478,139.3,152.8,65.1,32.9,31.9,22.4,101.21,0.0593,119.1,8,3840,3840
4062,0.4469,4815.0,4705.0,4864.0,4748.0,49.0,43.0,46.0,2.626,2.304,2.465,638623.466764,3863459.589235,137.1,144.3,61.8,25.9,26.5,18.7,89.75,0.0327,114.4,8,3840,3840
4063,0.4468,4046.0,4892.0,4077.0,4925.0,31.0,33.0,32.0,1.661,1.768,1.715,638581.773461,3863449.83652,130.2,135.5,55.0,28.2,25.6,20.4,85.89,0.0254,106.9,8,3840,3840
4064,0.4466,4081.0,5708.0,4106.0,5730.0,25.0,22.0,23.5,1.34,1.179,1.259,638583.488353,3863406.404787,141.1,148.1,60.2,30.7,27.4,27.6,94.9,0.0305,116.5,8,3840,3840
4065,0.4465,5282.0,4984.0,5304.0,5004.0,22.0,20.0,21.0,1.179,1.072,1.125,638647.769994,3863445.254888,152.8,152.2,70.4,32.6,29.9,23.3,81.19,-0.0027,125.1,8,3840,3840
4066,0.4462,5293.0,5135.0,5314.0,5155.0,21.0,20.0,20.5,1.125,1.072,1.099,638648.332692,3863437.163349,127.4,135.6,57.6,26.7,28.5,16.0,86.1,0.0395,106.9,8,3840,3840
4067,0.4462,4225.0,5211.0,4258.0,5243.0,33.0,32.0,32.5,1.768,1.715,1.742,638591.419726,3863432.769269,128.0,133.6,46.8,32.5,31.1,21.9,92.35,0.0259,102.8,8,3840,3840
4068,0.4457,4729.0,4528.0,4769.0,4565.0,40.0,37.0,38.5,2.144,1.983,2.063,638618.616836,3863469.234777,128.7,130.8,59.8,31.3,30.7,22.0,73.0,0.0104,106.4,8,3840,3840
4069,0.4455,5207.0,3902.0,5247.0,3937.0,40.0,35.0,37.5,2.144,1.876,2.01,638644.23303,3863502.833416,88.0,105.4,33.7,28.4,27.4,16.6,89.15,0.1091,75.7,8,3840,3840
4070,0.4451,4478.0,3973.0,4507.0,4000.0,29.0,27.0,28.0,1.554,1.447,1.5,638604.870908,3863499.243131,109.5,127.3,45.9,31.7,32.2,21.7,99.14,0.093,94.2,8,3840,3840
4071,0.4449,4384.0,5202.0,4417.0,5236.0,33.0,34.0,33.5,1.768,1.822,1.795,638599.940594,3863433.19796,117.6,122.5,54.7,29.3,29.6,23.7,72.65,0.0263,98.2,8,3840,3840
4072,0.4446,5232.0,4800.0,5264.0,4830.0,32.0,30.0,31.0,1.715,1.608,1.661,638645.358427,3863454.846844,111.9,123.0,45.7,32.1,31.8,19.8,88.36,0.0585,93.5,8,3840,3840
4073,0.4446,4621.0,5447.0,4652.0,5464.0,31.0,17.0,24.0,1.661,0.911,1.286,638612.58792,3863420.524789,82.7,92.4,41.5,17.9,18.6,13.0,60.61,0.0727,72.2,8,3840,3840
4074,0.4441,5311.0,4701.0,5338.0,4714.0,27.0,13.0,20.0,1.447,0.697,1.072,638649.45809,3863460.607376,107.1,126.1,41.5,22.4,21.4,13.6,103.56,0.0992,91.6,8,3840,3840
4075,0.444,4590.0,5135.0,4614.0,5170.0,24.0,35.0,29.5,1.286,1.876,1.581,638610.739052,3863436.761452,144.1,149.7,63.1,22.8,23.1,18.9,92.18,0.0242,119.0,8,3840,3840
4076,0.4438,4574.0,5663.0,4595.0,5682.0,21.0,19.0,20.0,1.125,1.018,1.072,638609.801221,3863408.896552,135.7,143.0,58.6,25.9,25.0,22.2,91.63,0.0332,112.4,8,3840,3840
4077,0.4432,5334.0,5170.0,5353.0,5189.0,19.0,19.0,19.0,1.018,1.018,1.018,638650.476307,3863435.31462,141.6,151.2,63.0,25.8,25.8,17.3,97.83,0.042,118.6,8,3840,3840
4078,0.4423,4195.0,4135.0,4237.0,4173.0,42.0,38.0,40.0,2.251,2.036,2.144,638590.053172,3863490.267418,126.7,130.6,50.2,28.0,28.6,20.7,84.29,0.0188,102.5,8,3840,3840
4079,0.442,3999.0,4342.0,4026.0,4366.0,27.0,24.0,25.5,1.447,1.286,1.367,638579.147533,3863479.550149,98.8,109.5,41.8,25.5,26.7,14.3,78.44,0.0644,83.4,8,3840,3840
4080,0.4419,4439.0,5716.0,4471.0,5747.0,32.0,31.0,31.5,1.715,1.661,1.688,638602.861269,3863405.734957,118.8,127.3,48.0,28.7,26.9,24.3,87.8,0.0431,98.0,8,3840,3840
4081,0.4417,4770.0,4754.0,4797.0,4780.0,27.0,26.0,26.5,1.447,1.393,1.42,638620.465703,3863457.418988,101.4,115.8,40.5,25.0,23.8,17.7,89.66,0.0815,85.9,8,3840,3840
4082,0.4416,4767.0,4461.0,4809.0,4502.0,42.0,41.0,41.5,2.251,2.197,2.224,638620.70686,3863472.71789,148.3,156.5,74.6,30.2,31.2,29.1,90.13,0.0355,126.5,8,3840,3840
4083,0.4415,5148.0,4515.0,5172.0,4537.0,24.0,22.0,23.0,1.286,1.179,1.233,638640.642475,3863470.333298,120.0,131.9,50.4,29.0,26.4,22.3,93.48,0.0593,100.8,8,3840,3840
4084,0.4412,5475.0,4866.0,5499.0,4889.0,24.0,23.0,23.5,1.286,1.233,1.259,638658.166524,3863451.497697,129.5,134.3,60.2,20.7,21.7,18.0,79.03,0.0239,108.0,8,3840,3840
4085,0.4412,5371.0,4403.0,5411.0,4437.0,40.0,34.0,37.0,2.144,1.822,1.983,638653.021849,3863476.01345,153.8,158.9,61.0,30.2,28.8,22.8,102.96,0.0201,124.5,8,3840,3840
4086,0.441,4213.0,5038.0,4238.0,5061.0,25.0,23.0,24.0,1.34,1.233,1.286,638590.562281,3863442.280845,130.0,138.9,57.5,31.5,29.7,22.8,90.3,0.0421,108.8,8,3840,3840
4087,0.4404,4065.0,5595.0,4094.0,5624.0,29.0,29.0,29.0,1.554,1.554,1.554,638582.738088,3863412.272492,99.8,113.0,33.0,27.6,28.7,16.1,93.18,0.0733,81.9,8,3840,3840
4088,0.4403,3961.0,4460.0,3980.0,4479.0,19.0,19.0,19.0,1.018,1.018,1.018,638576.896738,3863473.360926,121.0,132.4,59.2,35.3,33.7,21.8,84.6,0.0588,104.2,8,3840,3840
4089,0.4401,4132.0,5153.0,4166.0,5186.0,34.0,33.0,33.5,1.822,1.768,1.795,638586.462618,3863435.850484,132.5,137.5,63.0,30.3,29.0,20.8,79.61,0.0244,111.0,8,3840,3840
4090,0.4398,4874.0,5348.0,4896.0,5369.0,22.0,21.0,21.5,1.179,1.125,1.152,638625.905125,3863425.722664,146.2,146.4,63.0,32.8,35.2,21.7,83.55,0.0006,118.5,8,3840,3840
4091,0.4391,4217.0,5174.0,4240.0,5196.0,23.0,22.0,22.5,1.233,1.179,1.206,638590.723052,3863435.019895,125.7,135.4,49.3,24.3,23.9,18.6,95.87,0.0459,103.5,8,3840,3840
4092,0.4385,4868.0,5312.0,4893.0,5338.0,25.0,26.0,25.5,1.34,1.393,1.367,638625.663969,3863427.517807,114.3,124.5,45.1,29.8,30.2,18.8,89.66,0.0528,94.7,8,3840,3840
4093,0.4385,5746.0,4217.0,5774.0,4249.0,28.0,32.0,30.0,1.5,1.715,1.608,638672.796693,3863486.034097,207.8,202.7,186.7,32.8,33.4,40.9,10.91,-0.0228,199.0,8,3840,3840
4094,0.4376,5060.0,5232.0,5093.0,5265.0,33.0,33.0,33.0,1.768,1.768,1.768,638636.16768,3863431.617163,133.0,137.2,55.4,22.2,23.5,18.3,86.08,0.0197,108.5,8,3840,3840
4095,0.4373,4901.0,5012.0,4942.0,5051.0,41.0,39.0,40.0,2.197,2.09,2.144,638627.861174,3863443.2454,146.1,148.6,68.1,25.8,33.0,17.1,82.93,0.0109,120.9,8,3840,3840
4096,0.4372,4868.0,5272.0,4888.0,5292.0,20.0,20.0,20.0,1.072,1.072,1.072,638625.529993,3863429.82202,109.0,118.7,44.9,26.0,28.7,17.4,83.53,0.0532,90.8,8,3840,3840
4097,0.4371,5504.0,4654.0,5533.0,4678.0,29.0,24.0,26.5,1.554,1.286,1.42,638659.854621,3863462.831209,116.7,129.4,35.7,34.3,33.5,18.4,106.43,0.0603,93.9,8,3840,3840
4098,0.4367,4378.0,5544.0,4403.0,5570.0,25.0,26.0,25.5,1.34,1.393,1.367,638599.404691,3863415.085775,110.8,122.3,38.9,25.6,25.8,15.0,94.93,0.0595,90.7,8,3840,3840
4099,0.4362,4686.0,3886.0,4714.0,3913.0,28.0,27.0,27.5,1.5,1.447,1.474,638615.990908,3863503.905143,88.0,104.0,38.3,25.6,27.9,15.7,81.75,0.1043,76.7,8,3840,3840
4100,0.436,4183.0,5771.0,4210.0,5795.0,27.0,24.0,25.5,1.447,1.286,1.367,638589.00816,3863402.975261,123.0,132.5,41.8,27.5,24.8,15.5,100.31,0.0449,99.1,8,3840,3840
4101,0.4353,3941.0,4681.0,3973.0,4710.0,32.0,29.0,30.5,1.715,1.554,1.634,638576.173268,3863461.250412,92.4,98.2,43.5,21.8,23.9,21.5,60.53,0.0397,78.0,8,3840,3840
4102,0.4348,5257.0,4157.0,5285.0,4179.0,28.0,22.0,25.0,1.5,1.179,1.34,638646.591006,3863489.517209,105.6,122.2,39.9,25.2,25.2,17.1,98.96,0.0884,89.2,8,3840,3840
4103,0.4342,4153.0,3884.0,4186.0,3913.0,33.0,29.0,31.0,1.768,1.554,1.661,638587.56122,3863503.95873,111.5,123.4,44.4,28.9,27.7,20.7,91.05,0.0628,93.1,8,3840,3840
4104,0.434,4725.0,5240.0,4761.0,5270.0,36.0,30.0,33.0,1.929,1.608,1.768,638618.295294,3863431.268851,113.0,124.9,51.4,25.0,25.4,20.6,85.4,0.0638,96.4,8,3840,3840
4105,0.434,4099.0,4744.0,4121.0,4765.0,22.0,21.0,21.5,1.179,1.125,1.152,638584.372594,3863458.088817,137.7,145.3,53.1,29.2,31.5,17.1,99.72,0.0328,112.0,8,3840,3840
4106,0.4338,5830.0,4631.0,5839.0,4658.0,9.0,27.0,18.0,0.482,1.447,0.965,638676.789175,3863463.983316,176.7,168.0,133.8,30.4,31.6,33.9,25.52,-0.0412,159.5,8,3840,3840
4107,0.4336,4001.0,5684.0,4029.0,5712.0,28.0,28.0,28.0,1.5,1.5,1.5,638579.281509,3863407.5301,121.6,130.7,37.2,35.6,33.6,20.3,102.59,0.0424,96.5,8,3840,3840
4108,0.4334,4290.0,3870.0,4322.0,3900.0,32.0,30.0,31.0,1.715,1.608,1.661,638594.876305,3863504.682145,138.5,141.9,61.0,22.7,25.7,17.3,84.32,0.0157,113.8,8,3840,3840
4109,0.4332,5127.0,5035.0,5159.0,5063.0,32.0,28.0,30.0,1.715,1.5,1.608,638639.731439,3863442.307639,120.0,135.5,49.1,25.5,24.9,17.3,101.84,0.0751,101.5,8,3840,3840
4110,0.4332,4057.0,5320.0,4083.0,5345.0,26.0,25.0,25.5,1.393,1.34,1.367,638582.228979,3863427.115909,120.5,130.4,49.1,22.9,23.4,22.2,91.13,0.0489,100.0,8,3840,3840
4111,0.433,4115.0,4890.0,4140.0,4916.0,25.0,26.0,25.5,1.34,1.393,1.367,638585.310425,3863450.131245,122.6,126.2,53.4,21.4,22.3,16.9,76.34,0.0182,100.7,8,3840,3840
4112,0.4327,4726.0,5389.0,4754.0,5416.0,28.0,27.0,27.5,1.5,1.447,1.474,638618.134523,3863423.364865,98.8,112.2,42.6,27.4,26.2,19.6,82.99,0.0796,84.5,8,3840,3840
4113,0.4326,4160.0,4480.0,4186.0,4508.0,26.0,28.0,27.0,1.393,1.5,1.447,638587.748787,3863472.048061,94.9,108.4,37.6,20.0,21.6,11.4,84.31,0.0813,80.3,8,3840,3840
4114,0.4326,5263.0,4591.0,5290.0,4619.0,27.0,28.0,27.5,1.447,1.5,1.474,638646.885753,3863466.099976,144.6,154.2,55.3,26.1,24.8,18.5,108.57,0.0395,118.0,8,3840,3840
4115,0.4326,5073.0,4222.0,5111.0,4257.0,38.0,35.0,36.5,2.036,1.876,1.956,638636.998331,3863485.685786,116.2,127.8,51.8,32.7,32.4,20.0,87.55,0.0603,98.6,8,3840,3840
4116,0.4325,4250.0,3956.0,4289.0,3987.0,39.0,31.0,35.0,2.09,1.661,1.876,638592.920257,3863500.046926,112.5,119.3,43.1,22.8,24.7,17.8,83.1,0.0362,91.6,8,3840,3840
4117,0.4322,4102.0,5064.0,4140.0,5099.0,38.0,35.0,36.5,2.036,1.876,1.956,638584.962088,3863440.566082,116.9,122.8,44.5,25.7,23.1,19.2,84.28,0.0306,94.7,8,3840,3840
4118,0.4321,5354.0,4485.0,5384.0,4513.0,30.0,28.0,29.0,1.608,1.5,1.554,638651.842861,3863471.780129,129.1,131.1,62.6,32.0,30.2,29.4,70.49,0.0102,107.6,8,3840,3840
4119,0.4316,4861.0,4776.0,4893.0,4801.0,32.0,25.0,28.5,1.715,1.34,1.527,638625.476402,3863456.266882,115.6,127.2,47.1,25.6,28.5,14.5,91.7,0.0593,96.7,8,3840,3840
4120,0.4309,4852.0,4604.0,4883.0,4632.0,31.0,28.0,29.5,1.661,1.5,1.581,638624.967294,3863465.403354,107.9,115.7,55.8,26.7,27.4,20.2,67.63,0.0463,93.1,8,3840,3840
4121,0.4308,4143.0,4099.0,4173.0,4131.0,30.0,32.0,31.0,1.608,1.715,1.661,638586.944931,3863492.357286,169.2,157.4,147.8,30.4,32.4,36.1,-2.3,-0.0663,158.1,8,3840,3840
4122,0.4307,4570.0,5388.0,4598.0,5414.0,28.0,26.0,27.0,1.5,1.393,1.447,638609.774426,3863423.445245,117.2,126.5,44.3,31.1,29.5,18.4,91.65,0.0471,96.0,8,3840,3840
4123,0.4305,5344.0,5138.0,5365.0,5160.0,21.0,22.0,21.5,1.125,1.179,1.152,638651.065801,3863436.949004,142.0,147.4,62.9,26.6,25.3,20.3,89.97,0.0241,117.4,8,3840,3840
4124,0.4301,5797.0,4689.0,5835.0,4723.0,38.0,34.0,36.0,2.036,1.822,1.929,638675.797754,3863460.687755,138.0,145.7,51.3,24.0,22.9,17.9,102.04,0.0329,111.7,8,3840,3840
4125,0.4293,4154.0,5817.0,4182.0,5840.0,28.0,23.0,25.5,1.5,1.233,1.367,638587.480835,3863400.537082,125.6,129.1,54.0,25.6,29.4,15.7,78.56,0.0173,102.9,8,3840,3840
4126,0.4292,4793.0,4248.0,4830.0,4285.0,37.0,37.0,37.0,1.983,1.983,1.983,638621.966234,3863484.238954,109.5,119.9,55.1,32.7,34.5,21.1,75.27,0.0597,94.8,8,3840,3840
4127,0.4292,5753.0,4423.0,5784.0,4455.0,31.0,32.0,31.5,1.661,1.715,1.688,638673.252211,3863474.99531,103.5,117.3,44.7,25.6,26.6,18.4,86.41,0.0784,88.5,8,3840,3840
4128,0.4291,5578.0,4241.0,5610.0,4275.0,32.0,34.0,33.0,1.715,1.822,1.768,638663.900693,3863484.694438,123.7,133.6,50.9,24.2,24.5,20.0,92.72,0.0483,102.7,8,3840,3840
4129,0.4291,4636.0,4493.0,4661.0,4517.0,25.0,24.0,24.5,1.34,1.286,1.313,638613.231004,3863471.458611,117.6,127.8,60.1,33.8,34.1,25.6,77.83,0.0551,101.8,8,3840,3840
4130,0.4288,5441.0,4676.0,5469.0,4702.0,28.0,26.0,27.0,1.5,1.393,1.447,638656.451632,3863461.598723,127.2,134.1,52.6,26.0,25.2,18.9,88.44,0.0331,104.7,8,3840,3840
4131,0.4287,4490.0,4342.0,4522.0,4373.0,32.0,31.0,31.5,1.715,1.661,1.688,638605.594378,3863479.362597,134.6,143.6,63.0,34.5,34.7,20.8,89.6,0.0418,113.7,8,3840,3840
4132,0.4277,4702.0,4767.0,4738.0,4804.0,36.0,37.0,36.5,1.929,1.983,1.956,638617.062715,3863456.427641,121.4,125.3,61.1,30.6,34.5,22.5,68.14,0.0209,102.6,8,3840,3840
4133,0.4272,4279.0,4569.0,4307.0,4595.0,28.0,26.0,27.0,1.5,1.393,1.447,638594.17963,3863467.332462,133.7,146.5,59.2,27.4,26.9,20.4,100.08,0.0578,113.1,8,3840,3840
4134,0.4269,4020.0,5342.0,4051.0,5373.0,31.0,31.0,31.0,1.661,1.661,1.661,638580.380112,3863425.776251,200.6,193.0,181.2,31.5,34.4,38.4,4.18,-0.0356,191.6,8,3840,3840
4135,0.4268,4743.0,4693.0,4783.0,4726.0,40.0,33.0,36.5,2.144,1.768,1.956,638619.367101,3863460.500203,119.4,131.6,49.1,30.6,31.3,18.4,94.63,0.0602,100.0,8,3840,3840
4136,0.4267,5029.0,4698.0,5060.0,4714.0,31.0,16.0,23.5,1.661,0.857,1.259,638634.452788,3863460.687755,110.4,120.1,54.0,33.5,35.5,21.6,75.66,0.0546,94.8,8,3840,3840
4137,0.4264,4032.0,3964.0,4061.0,3995.0,29.0,31.0,30.0,1.554,1.661,1.608,638580.969606,3863499.618236,130.4,138.2,56.7,16.5,18.6,14.5,89.32,0.0367,108.4,8,3840,3840
4138,0.4264,4053.0,5109.0,4079.0,5133.0,26.0,24.0,25.0,1.393,1.286,1.34,638582.014618,3863438.449422,112.1,123.2,50.7,24.9,25.5,19.7,83.72,0.0603,95.3,8,3840,3840
4139,0.4263,5616.0,5197.0,5643.0,5224.0,27.0,27.0,27.0,1.447,1.447,1.447,638665.803151,3863433.653444,136.5,139.1,59.9,24.7,29.6,15.8,81.78,0.0119,111.8,8,3840,3840
4140,0.4262,5278.0,5315.0,5302.0,5341.0,24.0,26.0,25.0,1.286,1.393,1.34,638647.609222,3863427.357048,125.7,131.7,65.0,22.3,23.7,18.6,72.72,0.0314,107.5,8,3840,3840
4141,0.425,3945.0,3904.0,3972.0,3931.0,27.0,27.0,27.0,1.447,1.447,1.447,638576.253654,3863502.940589,79.0,94.6,26.2,23.9,23.4,10.5,83.96,0.106,66.6,8,3840,3840
4142,0.4249,5654.0,3921.0,5680.0,3941.0,26.0,20.0,23.0,1.393,1.072,1.233,638667.812789,3863502.217173,132.5,134.7,52.0,33.3,29.3,20.0,84.87,0.0102,106.4,8,3840,3840
4143,0.4247,5114.0,4695.0,5137.0,4718.0,23.0,23.0,23.0,1.233,1.233,1.233,638638.793608,3863460.660962,92.3,99.1,40.7,27.5,26.4,17.8,65.32,0.0454,77.4,8,3840,3840
4144,0.4243,3980.0,4922.0,4018.0,4963.0,38.0,41.0,39.5,2.036,2.197,2.117,638578.424063,3863448.014584,129.9,135.0,55.6,24.2,22.9,18.7,84.52,0.0243,106.8,8,3840,3840
4145,0.4239,4630.0,3932.0,4668.0,3969.0,38.0,37.0,37.5,2.036,1.983,2.01,638613.2578,3863501.17224,101.9,117.9,47.8,30.9,32.0,17.8,85.97,0.0927,89.2,8,3840,3840
4146,0.4229,4055.0,5847.0,4076.0,5867.0,21.0,20.0,20.5,1.125,1.072,1.099,638581.987822,3863399.009871,120.6,128.2,48.8,31.1,31.0,21.9,86.93,0.0378,99.2,8,3840,3840
4147,0.4228,4452.0,5052.0,4496.0,5087.0,44.0,35.0,39.5,2.358,1.876,2.117,638603.879486,3863441.209118,122.2,139.5,54.7,28.1,27.9,20.4,102.02,0.0833,105.5,8,3840,3840
4148,0.4228,4882.0,4816.0,4917.0,4849.0,35.0,33.0,34.0,1.876,1.768,1.822,638626.682186,3863453.909082,87.0,100.9,39.1,20.7,22.1,14.0,75.66,0.0936,75.7,8,3840,3840
4149,0.4227,4811.0,4381.0,4837.0,4406.0,26.0,25.0,25.5,1.393,1.34,1.367,638622.636113,3863477.433488,107.7,118.5,44.1,27.8,29.3,18.0,85.25,0.0594,90.1,8,3840,3840
4150,0.4226,5527.0,5033.0,5549.0,5053.0,22.0,20.0,21.0,1.179,1.072,1.125,638660.899633,3863442.629157,146.5,151.9,62.2,25.9,26.2,17.4,95.17,0.023,120.2,8,3840,3840
4151,0.4225,4238.0,4490.0,4262.0,4513.0,24.0,23.0,23.5,1.286,1.233,1.259,638591.875245,3863471.646163,104.9,115.3,44.3,17.0,19.5,13.3,81.53,0.0595,88.2,8,3840,3840
4152,0.4224,4551.0,5084.0,4593.0,5117.0,42.0,33.0,37.5,2.251,1.768,2.01,638609.131342,3863439.547942,117.1,127.2,42.6,24.9,26.8,17.0,94.73,0.0502,95.6,8,3840,3840
4153,0.4223,5471.0,3889.0,5511.0,3925.0,40.0,36.0,38.0,2.144,1.929,2.036,638658.380886,3863503.503246,136.2,144.9,56.1,27.3,28.2,18.6,97.46,0.0385,112.4,8,3840,3840
4154,0.4221,4574.0,5596.0,4596.0,5615.0,22.0,19.0,20.5,1.179,1.018,1.099,638609.828016,3863412.486837,163.4,166.3,69.5,25.8,23.4,21.3,99.65,0.011,133.1,8,3840,3840
4155,0.4221,5776.0,3894.0,5805.0,3920.0,29.0,26.0,27.5,1.554,1.393,1.474,638674.431199,3863503.503246,118.0,121.6,51.0,25.7,24.9,22.4,74.34,0.0195,96.9,8,3840,3840
4156,0.422,4347.0,4972.0,4389.0,5009.0,42.0,37.0,39.5,2.251,1.983,2.117,638598.198907,3863445.44244,122.0,127.5,49.9,29.4,28.5,20.3,83.25,0.028,99.8,8,3840,3840
4157,0.4216,5127.0,4351.0,5155.0,4374.0,28.0,23.0,25.5,1.5,1.233,1.367,638639.624258,3863479.094665,134.5,150.2,52.0,27.2,27.1,20.9,113.94,0.0676,112.2,8,3840,3840
4158,0.4215,4455.0,4730.0,4489.0,4765.0,34.0,35.0,34.5,1.822,1.876,1.849,638603.772305,3863458.463922,110.2,121.4,47.9,30.4,29.4,21.3,84.86,0.0614,93.2,8,3840,3840
4159,0.4212,4534.0,5045.0,4558.0,5067.0,24.0,22.0,23.0,1.286,1.179,1.233,638607.737992,3863441.932534,102.1,114.3,39.9,23.8,26.8,14.5,86.55,0.0691,85.4,8,3840,3840
4160,0.4211,3840.0,4265.0,3859.0,4286.0,19.0,21.0,20.0,1.018,1.125,1.072,638570.412304,3863483.756677,122.4,133.4,54.7,29.4,29.1,20.7,89.74,0.0549,103.5,8,3840,3840
4161,0.4209,5477.0,5173.0,5499.0,5194.0,22.0,21.0,21.5,1.179,1.125,1.152,638658.220114,3863435.100275,92.5,105.7,40.1,25.6,24.0,14.9,78.73,0.0833,79.5,8,3840,3840
4162,0.4209,5712.0,4209.0,5742.0,4236.0,30.0,27.0,28.5,1.608,1.447,1.527,638671.028211,3863486.596754,143.2,150.3,54.7,27.2,27.2,17.1,102.63,0.0296,116.1,8,3840,3840
4163,0.4208,4869.0,4651.0,4909.0,4689.0,40.0,38.0,39.0,2.144,2.036,2.09,638626.119487,3863462.616864,116.9,127.2,58.2,29.6,29.7,21.8,79.28,0.0553,100.7,8,3840,3840
4164,0.4204,5376.0,5206.0,5400.0,5230.0,24.0,24.0,24.0,1.286,1.286,1.286,638652.861078,3863433.251546,138.9,145.4,64.2,32.2,28.7,25.4,87.78,0.0298,116.2,8,3840,3840
4165,0.42,4495.0,4004.0,4530.0,4037.0,35.0,33.0,34.0,1.876,1.768,1.822,638605.942715,3863497.421196,103.6,116.1,37.1,31.3,32.3,19.6,91.44,0.0682,85.6,8,3840,3840
4166,0.4199,3864.0,4978.0,3891.0,5004.0,27.0,26.0,26.5,1.447,1.393,1.42,638571.912834,3863445.415647,116.9,122.7,47.5,30.0,25.0,31.3,81.07,0.0306,95.7,8,3840,3840
4167,0.4193,4382.0,3913.0,4401.0,3932.0,19.0,19.0,19.0,1.018,1.018,1.018,638599.458281,3863502.672657,108.9,123.3,46.9,27.8,26.8,26.1,90.66,0.0775,93.0,8,3840,3840
4168,0.4193,4310.0,4478.0,4339.0,4503.0,29.0,25.0,27.0,1.554,1.34,1.447,638595.867727,3863472.235613,119.0,134.1,47.7,20.5,21.2,15.1,101.35,0.0733,100.3,8,3840,3840
4169,0.419,4216.0,3865.0,4248.0,3893.0,32.0,28.0,30.0,1.715,1.5,1.608,638590.910618,3863505.003663,136.1,144.8,60.2,29.7,28.2,21.2,93.34,0.0396,113.7,8,3840,3840
4170,0.419,5573.0,4649.0,5602.0,4671.0,29.0,22.0,25.5,1.554,1.179,1.367,638663.552356,3863463.152727,143.6,148.8,60.8,31.2,29.3,22.3,93.23,0.0225,117.7,8,3840,3840
4171,0.4188,5193.0,4720.0,5214.0,4741.0,21.0,21.0,21.0,1.125,1.125,1.125,638642.973656,3863459.37489,96.1,103.6,46.1,17.1,19.7,12.4,65.0,0.0488,81.9,8,3840,3840
4172,0.4184,4187.0,3968.0,4212.0,3991.0,25.0,23.0,24.0,1.34,1.233,1.286,638589.168931,3863499.618236,99.6,107.9,40.1,22.9,24.8,15.1,76.11,0.0496,82.5,8,3840,3840
4173,0.4177,4259.0,4529.0,4283.0,4553.0,24.0,24.0,24.0,1.286,1.286,1.286,638593.000642,3863469.529502,93.8,107.8,43.7,16.8,18.5,16.4,78.07,0.0883,81.8,8,3840,3840
4174,0.4175,4546.0,5465.0,4575.0,5491.0,29.0,26.0,27.5,1.554,1.393,1.474,638608.515052,3863419.319096,141.1,144.7,62.4,27.7,30.4,25.6,85.89,0.0162,116.0,8,3840,3840
4175,0.4175,3913.0,4891.0,3938.0,4917.0,25.0,26.0,25.5,1.34,1.393,1.367,638574.485172,3863450.077659,200.3,193.8,171.7,34.0,36.5,53.2,15.71,-0.029,188.6,8,3840,3840
4176,0.4172,4591.0,5533.0,4616.0,5558.0,25.0,25.0,25.0,1.34,1.34,1.34,638610.819438,3863415.702018,135.1,139.7,65.7,22.9,24.0,22.9,78.63,0.0221,113.5,8,3840,3840
4177,0.4162,4713.0,5430.0,4735.0,5451.0,22.0,21.0,21.5,1.179,1.125,1.152,638617.277077,3863421.328584,121.4,131.5,48.7,23.6,26.0,16.9,92.84,0.0492,100.5,8,3840,3840
4178,0.4162,3972.0,4576.0,3996.0,4598.0,24.0,22.0,23.0,1.286,1.179,1.233,638577.620208,3863467.06453,136.3,139.8,55.4,29.4,27.7,19.7,87.83,0.0157,110.5,8,3840,3840
4179,0.4159,4999.0,5488.0,5024.0,5511.0,25.0,23.0,24.0,1.34,1.233,1.286,638632.684306,3863418.16699,122.3,126.6,48.5,24.3,25.1,15.9,82.46,0.0215,99.1,8,3840,3840
4180,0.4149,4178.0,5850.0,4203.0,5875.0,25.0,25.0,25.0,1.34,1.34,1.34,638588.686618,3863398.715146,114.9,124.6,39.2,27.7,25.2,18.5,95.12,0.0487,92.9,8,3840,3840
4181,0.4146,5804.0,4383.0,5832.0,4408.0,28.0,25.0,26.5,1.5,1.34,1.42,638675.904934,3863477.326316,128.6,140.3,48.8,26.7,26.1,21.2,103.07,0.0528,105.9,8,3840,3840
4182,0.4146,4359.0,3873.0,4388.0,3898.0,29.0,25.0,27.0,1.554,1.34,1.447,638598.493654,3863504.655352,153.7,162.2,62.2,33.4,34.8,19.8,108.49,0.0336,126.0,8,3840,3840
4183,0.4142,4175.0,5409.0,4204.0,5442.0,29.0,33.0,31.0,1.554,1.768,1.661,638588.633028,3863422.132379,163.9,159.6,160.6,42.3,45.0,46.1,-5.33,-0.0264,161.4,8,3840,3840
4184,0.4141,5803.0,4541.0,5836.0,4574.0,33.0,33.0,33.0,1.768,1.768,1.768,638675.98532,3863468.645328,103.3,114.9,41.3,33.2,34.4,18.0,85.13,0.0652,86.5,8,3840,3840
4185,0.4136,5076.0,4608.0,5102.0,4632.0,26.0,24.0,25.0,1.393,1.286,1.34,638636.837559,3863465.296181,118.5,124.9,54.4,33.1,36.8,21.1,76.84,0.0339,99.3,8,3840,3840
4186,0.4128,4016.0,5828.0,4041.0,5839.0,25.0,11.0,18.0,1.34,0.589,0.965,638580.004979,3863400.26915,113.1,119.5,50.0,24.8,29.7,16.5,76.0,0.0352,94.2,8,3840,3840
4187,0.4127,4837.0,5377.0,4861.0,5400.0,24.0,23.0,23.5,1.286,1.233,1.259,638623.975872,3863424.115074,104.0,113.9,41.7,21.1,23.1,15.2,82.18,0.0563,86.6,8,3840,3840
4188,0.4113,3980.0,5113.0,4020.0,5151.0,40.0,38.0,39.0,2.144,2.036,2.09,638578.477654,3863437.859972,114.3,122.4,40.1,31.5,31.8,19.0,90.32,0.041,92.3,8,3840,3840
4189,0.4113,5371.0,4681.0,5399.0,4707.0,28.0,26.0,27.0,1.5,1.393,1.447,638652.700307,3863461.330791,139.7,148.6,53.6,30.2,28.6,25.5,103.96,0.0378,114.0,8,3840,3840
4190,0.4109,5767.0,4318.0,5796.0,4345.0,29.0,27.0,28.0,1.554,1.447,1.5,638673.948886,3863480.755842,132.1,140.8,59.4,25.3,24.2,21.3,90.15,0.0409,110.8,8,3840,3840
4191,0.4109,5231.0,5110.0,5252.0,5130.0,21.0,20.0,20.5,1.125,1.072,1.099,638645.01009,3863438.503008,129.3,134.5,65.7,28.1,30.9,19.7,73.95,0.0263,109.8,8,3840,3840
4192,0.4104,5473.0,4113.0,5503.0,4142.0,30.0,29.0,29.5,1.608,1.554,1.581,638658.220114,3863491.687456,109.2,117.7,52.7,28.0,28.3,25.8,73.58,0.049,93.2,8,3840,3840
4193,0.4101,3890.0,4237.0,3917.0,4261.0,27.0,24.0,25.5,1.447,1.286,1.367,638573.306184,3863485.176715,144.5,150.2,53.0,22.5,19.6,17.4,102.81,0.0234,115.9,8,3840,3840
4194,0.4101,4461.0,5193.0,4502.0,5230.0,41.0,37.0,39.0,2.197,1.983,2.09,638604.281414,3863433.599857,115.2,118.7,49.6,26.5,28.5,15.6,72.48,0.0187,94.5,8,3840,3840
4195,0.41,5386.0,4119.0,5432.0,4159.0,46.0,40.0,43.0,2.465,2.144,2.304,638653.986476,3863491.071214,149.6,156.1,67.1,30.5,27.7,21.9,95.41,0.0271,124.3,8,3840,3840
4196,0.41,5624.0,4590.0,5645.0,4609.0,21.0,19.0,20.0,1.125,1.018,1.072,638666.071103,3863466.394701,130.2,133.7,52.0,28.8,27.8,22.3,85.34,0.0169,105.3,8,3840,3840
4197,0.41,4370.0,4856.0,4398.0,4881.0,28.0,25.0,26.5,1.5,1.34,1.42,638599.056353,3863451.979974,112.2,123.4,52.1,35.1,35.6,24.5,82.42,0.061,95.9,8,3840,3840
4198,0.4091,5393.0,5131.0,5415.0,5147.0,22.0,16.0,19.0,1.179,0.857,1.018,638653.718524,3863437.484867,93.6,107.3,47.7,18.9,21.1,12.9,73.21,0.0891,82.9,8,3840,3840
4199,0.4089,4922.0,5313.0,4946.0,5338.0,24.0,25.0,24.5,1.286,1.34,1.313,638628.531053,3863427.491014,130.2,137.6,57.7,23.8,25.1,19.4,87.27,0.0352,108.5,8,3840,3840
4200,0.4088,3902.0,4111.0,3928.0,4140.0,26.0,29.0,27.5,1.393,1.554,1.474,638573.922473,3863491.794629,124.5,131.6,48.2,23.5,22.9,15.5,90.33,0.0338,101.4,8,3840,3840
4201,0.4085,3890.0,5064.0,3922.0,5089.0,32.0,25.0,28.5,1.715,1.34,1.527,638573.44016,3863440.834014,91.7,100.5,34.0,24.2,23.8,14.3,75.23,0.0553,75.4,8,3840,3840
4202,0.4079,4804.0,5158.0,4824.0,5179.0,20.0,21.0,20.5,1.072,1.125,1.099,638622.10021,3863435.90407,144.6,132.3,84.6,18.5,17.9,13.6,35.34,-0.064,120.5,8,3840,3840
4203,0.4077,5162.0,4419.0,5194.0,4448.0,32.0,29.0,30.5,1.715,1.554,1.634,638641.607102,3863475.290035,147.1,159.8,60.0,26.8,24.4,23.0,112.45,0.0512,122.3,8,3840,3840
4204,0.4076,5724.0,4528.0,5759.0,4562.0,35.0,34.0,34.5,1.876,1.822,1.849,638671.805272,3863469.315157,76.3,90.1,35.6,17.6,22.2,11.3,68.28,0.1054,67.3,8,3840,3840
4205,0.4076,4050.0,4422.0,4079.0,4448.0,29.0,26.0,27.5,1.554,1.393,1.474,638581.934232,3863475.209655,128.5,138.0,58.3,27.0,27.4,19.6,89.29,0.0459,108.2,8,3840,3840
4206,0.4073,4308.0,4606.0,4337.0,4633.0,29.0,27.0,28.0,1.554,1.447,1.5,638595.760546,3863465.322974,114.9,127.2,46.6,33.8,33.0,20.6,92.92,0.0629,96.2,8,3840,3840
4207,0.4072,4241.0,4619.0,4267.0,4648.0,26.0,29.0,27.5,1.393,1.554,1.474,638592.089606,3863464.572765,121.6,127.5,51.4,26.3,22.7,20.8,82.06,0.0298,100.2,8,3840,3840
4208,0.4072,4064.0,5446.0,4085.0,5467.0,21.0,21.0,21.0,1.125,1.125,1.125,638582.470136,3863420.471203,79.7,88.6,33.4,23.9,21.2,12.7,64.04,0.0657,67.2,8,3840,3840
4209,0.4071,4297.0,4242.0,4321.0,4268.0,24.0,26.0,25.0,1.286,1.393,1.34,638595.037076,3863484.855197,182.9,175.6,166.9,34.6,36.4,40.4,1.34,-0.0382,175.2,8,3840,3840
4210,0.407,4542.0,4445.0,4563.0,4465.0,21.0,20.0,20.5,1.125,1.072,1.099,638608.086329,3863474.137928,104.8,115.6,52.5,29.7,29.0,19.5,73.85,0.0642,91.0,8,3840,3840
4211,0.407,5525.0,4691.0,5555.0,4721.0,30.0,30.0,30.0,1.608,1.608,1.608,638661.006813,3863460.687755,134.6,136.6,59.2,21.6,26.3,16.7,79.4,0.0095,110.1,8,3840,3840
4212,0.4066,4234.0,3915.0,4264.0,3944.0,30.0,29.0,29.5,1.608,1.554,1.581,638591.821654,3863502.297553,126.1,126.4,66.3,21.2,24.2,18.7,60.42,0.0017,106.2,8,3840,3840
4213,0.4063,5325.0,4280.0,5353.0,4308.0,28.0,28.0,28.0,1.5,1.5,1.5,638650.23515,3863482.76533,153.6,158.4,72.6,26.8,27.8,16.6,90.7,0.0204,128.2,8,3840,3840
4214,0.4062,3954.0,5201.0,3978.0,5226.0,24.0,25.0,24.5,1.286,1.34,1.313,638576.655581,3863433.492685,120.8,119.7,44.6,28.2,29.7,21.8,73.94,-0.0057,95.0,8,3840,3840
4215,0.4061,5538.0,4992.0,5558.0,5010.0,20.0,18.0,19.0,1.072,0.965,1.018,638661.435536,3863444.879783,130.7,136.7,56.7,30.8,29.9,19.0,85.98,0.0286,108.0,8,3840,3840
4216,0.406,4898.0,4528.0,4941.0,4565.0,43.0,37.0,40.0,2.304,1.983,2.144,638627.753993,3863469.234777,110.9,122.3,51.7,28.6,29.3,18.9,82.1,0.0629,95.0,8,3840,3840
4217,0.4052,5310.0,5252.0,5335.0,5275.0,25.0,23.0,24.0,1.34,1.233,1.286,638649.350909,3863430.813367,122.8,133.7,52.3,17.7,19.7,12.7,92.26,0.0531,102.9,8,3840,3840
4218,0.405,5634.0,4048.0,5667.0,4078.0,33.0,30.0,31.5,1.768,1.608,1.688,638666.928549,3863495.143776,127.9,136.0,40.3,26.2,24.1,18.1,103.83,0.0362,101.4,8,3840,3840
4219,0.4049,4695.0,4202.0,4723.0,4228.0,28.0,26.0,27.0,1.5,1.393,1.447,638616.473221,3863486.998651,107.3,121.1,46.4,28.9,28.4,18.1,88.45,0.0757,91.6,8,3840,3840
4220,0.4046,4364.0,4164.0,4412.0,4207.0,48.0,43.0,45.5,2.572,2.304,2.438,638599.270715,3863488.579448,119.2,130.9,52.6,32.4,30.7,26.6,90.05,0.0593,100.9,8,3840,3840
4221,0.4044,3840.0,5477.0,3858.0,5500.0,18.0,23.0,20.5,0.965,1.233,1.099,638570.385509,3863418.756439,131.2,141.6,47.8,23.9,22.5,17.3,104.19,0.0463,106.9,8,3840,3840
4222,0.4041,4356.0,5254.0,4386.0,5283.0,30.0,29.0,29.5,1.608,1.554,1.581,638598.359679,3863430.545436,140.7,138.6,58.3,23.6,22.7,21.8,78.1,-0.0098,112.5,8,3840,3840
4223,0.4041,3973.0,5494.0,3996.0,5519.0,23.0,25.0,24.0,1.233,1.34,1.286,638577.647003,3863417.791885,108.7,117.4,44.3,25.8,25.1,20.4,81.85,0.0479,90.1,8,3840,3840
4224,0.4037,4017.0,4844.0,4060.0,4885.0,43.0,41.0,42.0,2.304,2.197,2.251,638580.540883,3863452.194319,116.9,123.3,51.2,25.9,26.0,20.6,78.44,0.0336,97.1,8,3840,3840
4225,0.4037,5458.0,4832.0,5483.0,4855.0,25.0,23.0,24.0,1.34,1.233,1.286,638657.282283,3863453.319633,137.3,145.9,54.4,25.3,25.1,15.7,100.13,0.0375,112.5,8,3840,3840
4226,0.4035,5016.0,4481.0,5050.0,4513.0,34.0,32.0,33.0,1.822,1.715,1.768,638633.836499,3863471.887302,103.7,118.1,46.5,26.9,27.1,17.2,86.03,0.0824,89.4,8,3840,3840
4227,0.403,4471.0,4610.0,4513.0,4647.0,42.0,37.0,39.5,2.251,1.983,2.117,638604.844112,3863464.840697,118.0,130.3,55.6,29.1,30.4,20.8,87.08,0.0643,101.3,8,3840,3840
4228,0.4027,4876.0,5094.0,4910.0,5133.0,34.0,39.0,36.5,1.822,2.09,1.956,638626.333848,3863438.851319,135.1,139.1,55.2,25.6,25.0,18.8,87.89,0.0184,109.8,8,3840,3840
4229,0.4026,4444.0,5014.0,4478.0,5042.0,34.0,28.0,31.0,1.822,1.5,1.661,638603.182811,3863443.432952,124.5,140.5,48.5,29.6,30.3,18.5,107.97,0.0738,104.5,8,3840,3840
4230,0.4023,5403.0,4899.0,5433.0,4927.0,30.0,28.0,29.0,1.608,1.5,1.554,638654.468789,3863449.595382,113.0,120.5,45.6,21.1,23.9,15.2,82.38,0.0397,93.0,8,3840,3840
4231,0.4023,4016.0,5388.0,4046.0,5411.0,30.0,23.0,26.5,1.608,1.233,1.42,638580.138955,3863423.525624,134.5,144.7,47.2,25.9,25.8,17.2,107.72,0.0438,108.8,8,3840,3840
4232,0.4022,4736.0,4162.0,4770.0,4192.0,34.0,30.0,32.0,1.822,1.608,1.715,638618.831197,3863489.034932,94.6,108.3,48.6,31.4,32.4,20.2,73.38,0.0886,83.8,8,3840,3840
4233,0.4021,4149.0,5009.0,4178.0,5034.0,29.0,25.0,27.0,1.554,1.34,1.447,638587.239678,3863443.781263,136.8,145.8,54.5,29.2,27.5,21.3,100.3,0.0395,112.3,8,3840,3840
4234,0.4015,3993.0,4442.0,4023.0,4474.0,30.0,32.0,31.0,1.608,1.715,1.661,638578.906377,3863473.977169,136.0,138.3,67.1,26.0,29.4,16.7,73.34,0.0106,113.8,8,3840,3840
4235,0.4013,5822.0,4280.0,5856.0,4314.0,34.0,34.0,34.0,1.822,1.822,1.822,638677.030332,3863482.604571,120.9,129.7,53.7,27.2,26.2,24.5,84.88,0.0448,101.4,8,3840,3840
4236,0.4012,4975.0,5326.0,4996.0,5344.0,21.0,18.0,19.5,1.125,0.965,1.045,638631.290957,3863426.981944,130.7,136.0,57.9,23.8,26.1,17.1,83.54,0.0258,108.2,8,3840,3840
4237,0.4009,4143.0,4590.0,4175.0,4616.0,32.0,26.0,29.0,1.715,1.393,1.554,638586.998521,3863466.207149,116.0,120.3,44.5,20.6,21.4,14.7,80.07,0.0224,93.6,8,3840,3840
4238,0.4008,5825.0,3858.0,5853.0,3883.0,28.0,25.0,26.5,1.5,1.34,1.42,638677.030332,3863505.459147,128.9,138.4,60.2,24.3,24.8,19.6,87.72,0.0461,109.2,8,3840,3840
4239,0.4007,3840.0,5056.0,3849.0,5084.0,9.0,28.0,18.5,0.482,1.5,0.991,638570.144352,3863441.182325,135.4,120.8,76.2,21.3,28.7,14.3,30.12,-0.0808,110.8,8,3840,3840
4240,0.4001,4809.0,4664.0,4839.0,4694.0,30.0,30.0,30.0,1.608,1.608,1.608,638622.636113,3863462.134587,102.5,119.9,49.4,20.8,21.4,15.7,87.93,0.1008,90.6,8,3840,3840
