id,img_timestamp,pose_timestamp,img_path,lat_deg,lon_deg,alt_m,x_m,y_m,z_m,roll_rad,pitch_rad,yaw_rad,toggle_enabled

0,1776961752.4350696,1776961752.620092,/home/sylva0/on_board/logs/images/0000000000.jpg,36.1773615,-78.0341226,12.867,5.795161247253418,-8.630914688110352,-12.867485046386719,-0.1751854419708252,-0.06622296571731567,1.7410330772399902,1
1,1776961753.2706213,1776961753.3093863,/home/sylva0/on_board/logs/images/0000000001.jpg,36.1773614,-78.0341084,12.944,5.736299514770508,-7.681716442108154,-12.916106224060059,-0.1142888143658638,-0.023425092920660973,1.7808371782302856,1
2,1776961754.2797627,1776961754.323786,/home/sylva0/on_board/logs/images/0000000002.jpg,36.1773622,-78.0340997,13.207,5.86929988861084,-6.5689697265625,-13.207099914550781,-0.07808578014373779,-0.02254754677414894,1.7507325410842896,1
3,1776961755.2900467,1776961755.3424506,/home/sylva0/on_board/logs/images/0000000003.jpg,36.1773636,-78.0340863,13.331,6.026034355163574,-5.346475601196289,-13.338638305664062,-0.039960119873285294,-0.013259131461381912,1.812191128730774,1
4,1776961756.3075533,1776961756.3731334,/home/sylva0/on_board/logs/images/0000000004.jpg,36.1773643,-78.0340739,13.487,6.1108808517456055,-4.255675315856934,-13.487626075744629,-0.004721185192465782,-0.04022664204239845,1.7406206130981445,1
5,1776961757.2949882,1776961757.3460808,/home/sylva0/on_board/logs/images/0000000005.jpg,36.1773645,-78.0340649,13.39,6.123359680175781,-3.4427356719970703,-13.390071868896484,-0.00568263279274106,0.0016408227384090424,1.7215875387191772,1
6,1776961758.3083234,1776961758.3704424,/home/sylva0/on_board/logs/images/0000000006.jpg,36.1773633,-78.0340622,13.329,5.997007369995117,-3.2007627487182617,-13.329964637756348,-0.020547449588775635,-0.03846607357263565,1.7475203275680542,1
7,1776961759.2928016,1776961759.3353143,/home/sylva0/on_board/logs/images/0000000007.jpg,36.1773617,-78.0340599,13.475,5.818063735961914,-2.9992828369140625,-13.47507095336914,-0.024788618087768555,-0.056107550859451294,1.7122780084609985,1
8,1776961760.3031845,1776961760.3515203,/home/sylva0/on_board/logs/images/0000000008.jpg,36.1773595,-78.0340607,13.538,5.567316055297852,-3.0675392150878906,-13.53803825378418,-0.04697912931442261,-0.08016525208950043,1.7245912551879883,1
9,1776961761.3119164,1776961761.368986,/home/sylva0/on_board/logs/images/0000000009.jpg,36.1773557,-78.0340566,13.695,5.149908065795898,-2.700751304626465,-13.695755958557129,-0.10030878335237503,-0.06705605983734131,1.7830034494400024,1
10,1776961762.3205802,1776961762.3821707,/home/sylva0/on_board/logs/images/0000000010.jpg,36.1773535,-78.0340518,13.795,4.898534774780273,-2.265988349914551,-13.795992851257324,-0.05710422992706299,-0.05015067756175995,1.7373534440994263,1
11,1776961763.303728,1776961763.347462,/home/sylva0/on_board/logs/images/0000000011.jpg,36.1773521,-78.0340454,13.945,4.748538017272949,-1.691697120666504,-13.945229530334473,-0.07293206453323364,-0.06431637704372406,1.7866348028182983,1
12,1776961764.313584,1776961764.3623772,/home/sylva0/on_board/logs/images/0000000012.jpg,36.1773511,-78.0340377,13.984,4.634654998779297,-0.9990396499633789,-13.9844331741333,-0.07027232646942139,-0.02834586426615715,1.763388752937317,1
13,1776961765.322579,1776961765.3790386,/home/sylva0/on_board/logs/images/0000000013.jpg,36.1773495,-78.0340272,14.224,4.461989402770996,-0.06206703186035156,-14.224809646606445,-0.07140848785638809,-0.045924894511699677,1.7921347618103027,1
14,1776961766.3068497,1776961766.3447397,/home/sylva0/on_board/logs/images/0000000014.jpg,36.1773492,-78.0340159,14.245,4.420403480529785,0.9605712890625,-14.245418548583984,-0.029290562495589256,-0.036218080669641495,1.7201964855194092,1
15,1776961767.3287587,1776961767.3867843,/home/sylva0/on_board/logs/images/0000000015.jpg,36.1773451,-78.0340039,14.34,3.9685468673706055,2.0313282012939453,-14.340706825256348,-0.07583816349506378,-0.01179125439375639,1.6930791139602661,1
16,1776961768.3160777,1776961768.3572595,/home/sylva0/on_board/logs/images/0000000016.jpg,36.1773482,-78.0339926,14.481,4.312262535095215,3.049724578857422,-14.481398582458496,-0.0054047126322984695,3.6874786019325256e-05,1.705962061882019,1
17,1776961769.326233,1776961769.3728988,/home/sylva0/on_board/logs/images/0000000017.jpg,36.1773491,-78.0339883,14.619,4.4119672775268555,3.434988021850586,-14.619331359863281,-0.01285400241613388,-0.021974967792630196,1.7980817556381226,1
18,1776961770.3342795,1776961770.388564,/home/sylva0/on_board/logs/images/0000000018.jpg,36.177347,-78.0339862,14.618,4.183009147644043,3.627634048461914,-14.618507385253906,-0.04344962164759636,-0.029473967850208282,1.769492268562317,1
19,1776961771.3410368,1776961771.4016821,/home/sylva0/on_board/logs/images/0000000019.jpg,36.1773456,-78.0339828,14.621,4.026549339294434,3.9328689575195312,-14.621639251708984,-0.05039966106414795,-0.0420718714594841,1.7181274890899658,1
20,1776961772.3292902,1776961772.3743386,/home/sylva0/on_board/logs/images/0000000020.jpg,36.1773426,-78.0339802,14.647,3.688521385192871,4.164588928222656,-14.647960662841797,-0.08582369238138199,-0.07065917551517487,1.7166420221328735,1
21,1776961773.3468666,1776961773.4068809,/home/sylva0/on_board/logs/images/0000000021.jpg,36.1773409,-78.033974,14.7,3.4969282150268555,4.718719482421875,-14.700942993164062,-0.08269563317298889,-0.03603164479136467,1.7741048336029053,1
22,1776961774.33617,1776961774.3813257,/home/sylva0/on_board/logs/images/0000000022.jpg,36.1773374,-78.0339633,14.926,3.1091384887695312,5.68402099609375,-14.926788330078125,-0.14618097245693207,-0.01587146893143654,1.7054640054702759,1
23,1776961775.3469439,1776961775.4031534,/home/sylva0/on_board/logs/images/0000000023.jpg,36.1773359,-78.0339506,15.307,2.945816993713379,6.822206497192383,-15.307003021240234,-0.09811810404062271,-0.0002295076847076416,1.6870275735855103,1
24,1776961776.3534594,1776961776.4156003,/home/sylva0/on_board/logs/images/0000000024.jpg,36.1773381,-78.0339378,15.623,3.185342788696289,7.9712982177734375,-15.623397827148438,-0.018498724326491356,-0.0005516111850738525,1.6754302978515625,1
25,1776961777.3375764,1776961777.3794582,/home/sylva0/on_board/logs/images/0000000025.jpg,36.1773354,-78.0339249,15.675,2.8862924575805664,9.132644653320312,-15.675617218017578,-0.15309114754199982,0.049434300512075424,1.6191099882125854,1
26,1776961778.351252,1776961778.4029756,/home/sylva0/on_board/logs/images/0000000026.jpg,36.177335,-78.0339183,15.519,2.842949867248535,9.730548858642578,-15.519302368164062,-0.07587412744760513,-0.007826500572264194,1.596405029296875,1
27,1776961779.355053,1776961779.406465,/home/sylva0/on_board/logs/images/0000000027.jpg,36.1773359,-78.0339126,15.465,2.947911262512207,10.236953735351562,-15.465719223022461,-0.03900284320116043,-0.01188765186816454,1.7500967979431152,1
28,1776961780.363831,1776961780.4231305,/home/sylva0/on_board/logs/images/0000000028.jpg,36.1773348,-78.0339135,15.363,2.8183279037475586,10.160844802856445,-15.363988876342773,-0.09838002175092697,-0.04660532996058464,1.7485687732696533,1
29,1776961781.348374,1776961781.3915257,/home/sylva0/on_board/logs/images/0000000029.jpg,36.1773338,-78.033911,15.338,2.70938777923584,10.384323120117188,-15.338464736938477,-0.09477248787879944,-0.05214320868253708,1.7430322170257568,1
30,1776961782.3581452,1776961782.4075317,/home/sylva0/on_board/logs/images/0000000030.jpg,36.1773311,-78.0339084,15.383,2.4675636291503906,10.534734725952148,-15.352764129638672,-0.09100497514009476,-0.05488726869225502,1.7585091590881348,1
31,1776961783.3709521,1776961783.4305997,/home/sylva0/on_board/logs/images/0000000031.jpg,36.1773278,-78.0339051,15.488,2.0455322265625,10.910957336425781,-15.488622665405273,-0.1522119641304016,-0.0415528379380703,1.724468469619751,1
32,1776961784.3621373,1776961784.411478,/home/sylva0/on_board/logs/images/0000000032.jpg,36.1773265,-78.0338961,15.644,1.9011011123657227,11.72396469116211,-15.64413833618164,-0.1117415800690651,-0.03999084606766701,1.7732033729553223,1
33,1776961785.3766403,1776961785.4357893,/home/sylva0/on_board/logs/images/0000000033.jpg,36.1773257,-78.0338856,15.761,1.8140525817871094,12.669395446777344,-15.761445999145508,-0.08214914798736572,-0.042626090347766876,1.7871428728103638,1
34,1776961786.3619804,1776961786.4026673,/home/sylva0/on_board/logs/images/0000000034.jpg,36.1773265,-78.0338738,15.839,1.892751693725586,13.723764419555664,-15.839588165283203,-0.06302390247583389,0.005206389352679253,1.7646173238754272,1
35,1776961787.3712964,1776961787.4180098,/home/sylva0/on_board/logs/images/0000000035.jpg,36.1773271,-78.0338673,16.06,1.9701204299926758,14.313848495483398,-16.060396194458008,-0.010493453592061996,-0.040196724236011505,1.8246235847473145,1
36,1776961788.3818262,1776961788.4353788,/home/sylva0/on_board/logs/images/0000000036.jpg,36.1773242,-78.0338577,16.307,1.6411399841308594,15.175359725952148,-16.307815551757812,-0.061277516186237335,-0.057793159037828445,1.8390909433364868,1
37,1776961789.3915038,1776961789.4536893,/home/sylva0/on_board/logs/images/0000000037.jpg,36.177321,-78.033849,16.354,1.2838554382324219,15.958084106445312,-16.354887008666992,-0.05155739188194275,-0.012596056796610355,2.0105185508728027,1
38,1776961790.3794732,1776961790.4282598,/home/sylva0/on_board/logs/images/0000000038.jpg,36.1773188,-78.0338486,16.262,1.0433731079101562,15.989557266235352,-16.262752532958984,-0.03257133811712265,-0.05497833713889122,-2.838923931121826,1
39,1776961791.3905425,1776961791.4471614,/home/sylva0/on_board/logs/images/0000000039.jpg,36.1773126,-78.0338496,16.127,0.35231685638427734,15.899667739868164,-16.127782821655273,0.04660949856042862,0.009897727519273758,-2.629031181335449,1
40,1776961792.3752375,1776961792.414239,/home/sylva0/on_board/logs/images/0000000040.jpg,36.1773085,-78.0338547,16.004,-0.1092996597290039,15.440067291259766,-16.004880905151367,-0.049280405044555664,0.04581182822585106,-2.815842866897583,1
41,1776961793.3855555,1776961793.4306283,/home/sylva0/on_board/logs/images/0000000041.jpg,36.1773073,-78.033857,16.019,-0.2345132827758789,15.233118057250977,-16.019887924194336,-0.05539298057556152,0.04063494876027107,-2.751194477081299,1
42,1776961794.3931773,1776961794.4431386,/home/sylva0/on_board/logs/images/0000000042.jpg,36.1773016,-78.0338581,16.12,-0.8767671585083008,15.136688232421875,-16.120073318481445,0.015536824241280556,0.002787066623568535,-2.8213725090026855,1
43,1776961795.4200573,1776961795.4913678,/home/sylva0/on_board/logs/images/0000000043.jpg,36.1772942,-78.03386,16.209,-1.7004823684692383,14.968568801879883,-16.209728240966797,-0.033841826021671295,0.014321215450763702,-2.8201727867126465,1
44,1776961796.403263,1776961796.4567266,/home/sylva0/on_board/logs/images/0000000044.jpg,36.1772848,-78.033863,16.182,-2.747687339782715,14.695257186889648,-16.182226181030273,-0.049545712769031525,0.038253773003816605,-2.857891082763672,1
45,1776961797.4116101,1776961797.4722095,/home/sylva0/on_board/logs/images/0000000045.jpg,36.1772717,-78.0338653,16.193,-4.198054313659668,14.492006301879883,-16.19319725036621,-0.042644813656806946,0.10529950261116028,-2.843169689178467,1
46,1776961798.394619,1776961798.438285,/home/sylva0/on_board/logs/images/0000000046.jpg,36.1772641,-78.0338625,16.281,-5.046572685241699,14.742752075195312,-16.281492233276367,0.09909937530755997,0.05929172411561012,-2.7673637866973877,1
47,1776961799.4039688,1776961799.4538474,/home/sylva0/on_board/logs/images/0000000047.jpg,36.1772567,-78.0338611,16.275,-5.876368522644043,14.866325378417969,-16.275691986083984,0.04931872338056564,-0.008744264021515846,-2.855055570602417,1
48,1776961800.4131837,1776961800.4679396,/home/sylva0/on_board/logs/images/0000000048.jpg,36.1772573,-78.0338603,16.38,-5.805123329162598,14.93632698059082,-16.38008689880371,0.03702705353498459,-0.034646473824977875,-2.821995973587036,1
49,1776961801.4382668,1776961801.5137308,/home/sylva0/on_board/logs/images/0000000049.jpg,36.1772534,-78.0338647,16.445,-6.242186546325684,14.542116165161133,-16.44586753845215,-0.023081395775079727,-0.0003018490970134735,-2.8572769165039062,1
50,1776961802.4222627,1776961802.4806168,/home/sylva0/on_board/logs/images/0000000050.jpg,36.1772488,-78.0338685,16.468,-6.749804496765137,14.203235626220703,-16.468233108520508,-0.0254531092941761,0.021843332797288895,-2.798588514328003,1
51,1776961803.4082367,1776961803.4478436,/home/sylva0/on_board/logs/images/0000000051.jpg,36.1772424,-78.0338726,16.321,-7.4676103591918945,13.834064483642578,-16.3215274810791,0.017206938937306404,0.03051210194826126,-2.865609645843506,1
52,1776961804.4165025,1776961804.461966,/home/sylva0/on_board/logs/images/0000000052.jpg,36.1772328,-78.0338755,16.248,-8.5315580368042,13.569570541381836,-16.248287200927734,-0.015113180503249168,0.007997391745448112,-2.808995008468628,1
53,1776961805.42858,1776961805.4809952,/home/sylva0/on_board/logs/images/0000000053.jpg,36.177225,-78.0338783,16.318,-9.39873218536377,13.320646286010742,-16.31800079345703,0.015552524477243423,-0.01359073631465435,-2.8442494869232178,1
54,1776961806.439011,1776961806.4994702,/home/sylva0/on_board/logs/images/0000000054.jpg,36.1772173,-78.0338834,16.276,-10.261570930480957,12.864007949829102,-16.276731491088867,-0.041507601737976074,0.015121497213840485,-2.82452392578125,1
55,1776961807.428851,1776961807.4756863,/home/sylva0/on_board/logs/images/0000000055.jpg,36.1772102,-78.0338847,16.31,-11.051648139953613,12.743366241455078,-16.3104248046875,0.003982629626989365,0.052528638392686844,-2.821197986602783,1
56,1776961808.441717,1776961808.4970288,/home/sylva0/on_board/logs/images/0000000056.jpg,36.1772012,-78.0338877,16.366,-12.046677589416504,12.479839324951172,-16.366657257080078,-0.03675384446978569,0.02154865488409996,-2.78556227684021,1
57,1776961809.4309745,1776961809.4733462,/home/sylva0/on_board/logs/images/0000000057.jpg,36.1771934,-78.0338889,16.23,-12.915060997009277,12.371570587158203,-16.230745315551758,0.010623358190059662,0.010784819722175598,-2.8218255043029785,1
58,1776961810.4404383,1776961810.487786,/home/sylva0/on_board/logs/images/0000000058.jpg,36.1771868,-78.0338929,16.198,-13.655200004577637,12.010734558105469,-16.19801902770996,-0.023292023688554764,0.023945506662130356,-2.842681884765625,1
59,1776961811.4498901,1776961811.5043583,/home/sylva0/on_board/logs/images/0000000059.jpg,36.1771828,-78.0338962,16.285,-14.102702140808105,11.708572387695312,-16.28590202331543,-0.059749819338321686,-0.0007201302796602249,-2.822256565093994,1
60,1776961812.4585695,1776961812.5182154,/home/sylva0/on_board/logs/images/0000000060.jpg,36.1771753,-78.033899,16.379,-14.929991722106934,11.457473754882812,-16.379566192626953,-0.04118167608976364,0.008168667554855347,-2.8052568435668945,1
61,1776961813.4434495,1776961813.4868248,/home/sylva0/on_board/logs/images/0000000061.jpg,36.1771671,-78.0338991,16.369,-15.841614723205566,11.452497482299805,-16.36989402770996,-0.01615995168685913,0.010579768568277359,-2.815791130065918,1
62,1776961814.4515138,1776961814.4979584,/home/sylva0/on_board/logs/images/0000000062.jpg,36.1771636,-78.0339023,16.326,-16.239234924316406,11.164571762084961,-16.32624626159668,-0.0378018356859684,-0.009076881222426891,-2.829036235809326,1
63,1776961815.4617522,1776961815.516919,/home/sylva0/on_board/logs/images/0000000063.jpg,36.177161,-78.0339058,16.308,-16.526302337646484,10.852006912231445,-16.308332443237305,-0.0440685898065567,-0.011654376052320004,-2.7970306873321533,1
64,1776961816.4719968,1776961816.535851,/home/sylva0/on_board/logs/images/0000000064.jpg,36.1771532,-78.0339066,16.347,-17.417953491210938,10.77552604675293,-16.347148895263672,-0.010790664702653885,0.016702286899089813,-2.778776168823242,1
65,1776961817.468774,1776961817.5255368,/home/sylva0/on_board/logs/images/0000000065.jpg,36.1771476,-78.033906,16.285,-18.012977600097656,10.827978134155273,-16.285978317260742,-0.019616473466157913,-0.028529688715934753,-2.857003688812256,1
66,1776961818.4544098,1776961818.4950933,/home/sylva0/on_board/logs/images/0000000066.jpg,36.1771441,-78.0339099,16.225,-18.416404724121094,10.478042602539062,-16.225175857543945,-0.05024164170026779,-0.0385337769985199,-2.822195291519165,1
67,1776961819.4666247,1776961819.5152783,/home/sylva0/on_board/logs/images/0000000067.jpg,36.1771406,-78.033913,16.143,-18.79446792602539,10.207279205322266,-16.143043518066406,-0.10513532906770706,-0.05970059707760811,-2.7349727153778076,1
68,1776961820.4728856,1776961820.526983,/home/sylva0/on_board/logs/images/0000000068.jpg,36.1771346,-78.0339172,16.217,-19.467464447021484,9.827009201049805,-16.21756935119629,-0.07192981243133545,0.005265137180685997,-2.8320999145507812,1
69,1776961821.4808865,1776961821.540277,/home/sylva0/on_board/logs/images/0000000069.jpg,36.1771243,-78.0339226,16.271,-20.614604949951172,9.340402603149414,-16.271284103393555,-0.09688817709684372,0.08312247693538666,-2.9246933460235596,1
70,1776961822.4657059,1776961822.5071485,/home/sylva0/on_board/logs/images/0000000070.jpg,36.1771144,-78.0339237,16.295,-21.715248107910156,9.238473892211914,-16.295467376708984,-0.06817388534545898,0.05860443785786629,-2.9552507400512695,1
71,1776961823.4753623,1776961823.5223107,/home/sylva0/on_board/logs/images/0000000071.jpg,36.1771079,-78.0339243,16.35,-22.436599731445312,9.18880844116211,-16.350360870361328,-0.03821921721100807,0.03637094795703888,-2.9509527683258057,1
72,1776961824.484774,1776961824.5390587,/home/sylva0/on_board/logs/images/0000000072.jpg,36.1770986,-78.0339251,16.317,-23.47195053100586,9.120065689086914,-16.31770896911621,-0.014941737055778503,-0.0024633388966321945,-2.9380435943603516,1
73,1776961825.530145,1776961825.6258316,/home/sylva0/on_board/logs/images/0000000073.jpg,36.1770924,-78.0339267,16.285,-24.158504486083984,8.973915100097656,-16.28522300720215,-0.06013667583465576,0.004845494404435158,-2.83825945854187,1
74,1776961826.4953008,1776961826.554587,/home/sylva0/on_board/logs/images/0000000074.jpg,36.1770853,-78.0339317,16.242,-24.946685791015625,8.523147583007812,-16.24215316772461,-0.042380284518003464,0.03231806680560112,-2.8623509407043457,1
75,1776961827.4797294,1776961827.5195422,/home/sylva0/on_board/logs/images/0000000075.jpg,36.1770768,-78.0339353,16.276,-25.893856048583984,8.199495315551758,-16.276811599731445,-0.03193645179271698,0.04995076730847359,-2.8545961380004883,1
76,1776961828.4970193,1776961828.553977,/home/sylva0/on_board/logs/images/0000000076.jpg,36.1770702,-78.0339357,16.342,-26.62940216064453,8.165849685668945,-16.342775344848633,-0.005929647013545036,0.028321251273155212,-2.81103515625,1
77,1776961829.4787536,1776961829.5167685,/home/sylva0/on_board/logs/images/0000000077.jpg,36.1770629,-78.0339388,16.257,-27.441505432128906,7.882078170776367,-16.257047653198242,-0.004740680567920208,0.02935612201690674,-2.8442516326904297,1
78,1776961830.485774,1776961830.5291457,/home/sylva0/on_board/logs/images/0000000078.jpg,36.1770561,-78.0339423,16.288,-28.204444885253906,7.566171646118164,-16.28801727294922,-0.01851598732173443,0.02047792077064514,-2.844907760620117,1
79,1776961831.4965394,1776961831.5477364,/home/sylva0/on_board/logs/images/0000000079.jpg,36.1770505,-78.0339476,16.263,-28.82311248779297,7.095909118652344,-16.263256072998047,-0.05710510164499283,0.01911746710538864,-2.8265554904937744,1
80,1776961832.5056086,1776961832.5628376,/home/sylva0/on_board/logs/images/0000000080.jpg,36.1770417,-78.0339527,16.256,-29.80447006225586,6.6358795166015625,-16.2567195892334,-0.053508155047893524,0.06434571743011475,-2.8486762046813965,1
81,1776961833.4884915,1776961833.5273762,/home/sylva0/on_board/logs/images/0000000081.jpg,36.1770333,-78.0339551,16.278,-30.74615478515625,6.416818618774414,-16.278778076171875,-0.025238532572984695,0.035240113735198975,-2.8426053524017334,1
82,1776961834.4974704,1776961834.5449584,/home/sylva0/on_board/logs/images/0000000082.jpg,36.1770246,-78.0339555,16.338,-31.705814361572266,6.386667251586914,-16.338680267333984,-0.018903588876128197,0.044947605580091476,-2.8388736248016357,1
83,1776961835.5079703,1776961835.5605178,/home/sylva0/on_board/logs/images/0000000083.jpg,36.177017,-78.0339566,16.459,-32.55678176879883,6.28380012512207,-16.4596004486084,0.03548175096511841,0.049351874738931656,-2.7805755138397217,1
84,1776961836.5149224,1776961836.5735848,/home/sylva0/on_board/logs/images/0000000084.jpg,36.1770121,-78.0339595,16.455,-33.10254669189453,6.027898788452148,-16.455883026123047,0.00921611487865448,0.03628017380833626,-2.8037924766540527,1
85,1776961837.4982357,1776961837.5380614,/home/sylva0/on_board/logs/images/0000000085.jpg,36.1770063,-78.0339646,16.377,-33.751224517822266,5.566770553588867,-16.377986907958984,-0.037814684212207794,0.024873826652765274,-2.7962145805358887,1
86,1776961838.510811,1776961838.5580037,/home/sylva0/on_board/logs/images/0000000086.jpg,36.1770001,-78.0339666,16.295,-34.436614990234375,5.389154434204102,-16.29515266418457,0.014763904735445976,-0.0016844701021909714,-2.8620920181274414,1
87,1776961839.517017,1776961839.5703764,/home/sylva0/on_board/logs/images/0000000087.jpg,36.1769931,-78.0339668,16.143,-35.22042465209961,5.369331359863281,-16.143770217895508,0.05811744183301926,0.018247298896312714,-2.760331153869629,1
88,1776961840.5234063,1776961840.5829957,/home/sylva0/on_board/logs/images/0000000088.jpg,36.1769868,-78.0339697,16.112,-35.91304397583008,5.110044479370117,-16.112077713012695,0.027082281187176704,0.01956302672624588,-2.734191656112671,1
89,1776961841.5090413,1776961841.5504875,/home/sylva0/on_board/logs/images/0000000089.jpg,36.1769794,-78.0339736,16.168,-36.7406005859375,4.753778457641602,-16.168325424194336,0.003675553947687149,0.01310528814792633,-2.788386106491089,1
90,1776961842.5184321,1776961842.5680523,/home/sylva0/on_board/logs/images/0000000090.jpg,36.1769733,-78.0339768,16.271,-37.42481994628906,4.472797393798828,-16.271312713623047,0.010826272889971733,-0.005625732243061066,-2.770172119140625,1
91,1776961843.5274339,1776961843.5853856,/home/sylva0/on_board/logs/images/0000000091.jpg,36.1769691,-78.0339794,16.123,-37.8881950378418,4.234777450561523,-16.123350143432617,-0.004467438906431198,-0.011382064782083035,-2.792449712753296,1
92,1776961844.552967,1776961844.6317031,/home/sylva0/on_board/logs/images/0000000092.jpg,36.1769609,-78.0339851,16.429,-38.79490661621094,3.723560333251953,-16.429954528808594,-0.030052131041884422,-0.00046906620264053345,-2.8310539722442627,1
93,1776961845.536703,1776961845.5989268,/home/sylva0/on_board/logs/images/0000000093.jpg,36.1769535,-78.0339869,16.526,-39.6185417175293,3.559988021850586,-16.526073455810547,-0.0027583828195929527,0.02409764751791954,-2.882300615310669,1
94,1776961846.5204535,1776961846.563613,/home/sylva0/on_board/logs/images/0000000094.jpg,36.1769449,-78.0339893,16.55,-40.57860565185547,3.3441200256347656,-16.550722122192383,-0.007863138802349567,0.009947255253791809,-2.8971664905548096,1
95,1776961847.5292377,1776961847.5763905,/home/sylva0/on_board/logs/images/0000000095.jpg,36.1769366,-78.0339895,16.434,-41.50132369995117,3.3252925872802734,-16.434154510498047,0.026868911460042,0.03500092774629593,-2.9431793689727783,1
96,1776961848.5395703,1776961848.593596,/home/sylva0/on_board/logs/images/0000000096.jpg,36.176932,-78.0339916,16.449,-42.0186882019043,3.1440582275390625,-16.449947357177734,0.030502645298838615,-0.009263063780963421,-2.774165391921997,1
97,1776961849.5489457,1776961849.609025,/home/sylva0/on_board/logs/images/0000000097.jpg,36.17693,-78.0339944,16.349,-42.24496078491211,2.8872222900390625,-16.349397659301758,-0.03994954377412796,-0.007896389812231064,-2.8632900714874268,1
98,1776961850.5405674,1776961850.5882509,/home/sylva0/on_board/logs/images/0000000098.jpg,36.1769258,-78.0339963,16.322,-42.70317459106445,2.7140045166015625,-16.322872161865234,-0.0013609277084469795,-0.01970759406685829,-2.8893332481384277,1
99,1776961851.5494132,1776961851.6053102,/home/sylva0/on_board/logs/images/0000000099.jpg,36.1769183,-78.0339991,16.392,-43.54625701904297,2.4689159393310547,-16.392763137817383,0.008598016574978828,-0.013235346414148808,-2.941140651702881,1
100,1776961852.56053,1776961852.6209915,/home/sylva0/on_board/logs/images/0000000100.jpg,36.176912,-78.0340021,16.404,-44.24346923828125,2.1976451873779297,-16.404821395874023,-0.07006673514842987,-0.04443494975566864,-2.92425537109375,1
101,1776961853.5423603,1776961853.585429,/home/sylva0/on_board/logs/images/0000000101.jpg,36.1769029,-78.0340033,16.421,-45.2585334777832,2.092144012451172,-16.42167854309082,-0.04857315868139267,-0.026574034243822098,-2.8272314071655273,1
102,1776961854.5531907,1776961854.602142,/home/sylva0/on_board/logs/images/0000000102.jpg,36.1768948,-78.034005,16.411,-46.156864166259766,1.9361076354980469,-16.41104507446289,0.01700393669307232,0.015680983662605286,-2.9815211296081543,1
103,1776961855.5785024,1776961855.648958,/home/sylva0/on_board/logs/images/0000000103.jpg,36.1768901,-78.0340091,16.401,-46.694969177246094,1.5542316436767578,-16.400894165039062,0.0037063267081975937,-0.06356634944677353,-3.010587692260742,1
104,1776961856.5632114,1776961856.6140966,/home/sylva0/on_board/logs/images/0000000104.jpg,36.1768807,-78.0340111,16.356,-47.73012924194336,1.387228012084961,-16.356525421142578,0.005670119076967239,-0.020779898390173912,-2.615323543548584,1
105,1776961857.5760412,1776961857.6355155,/home/sylva0/on_board/logs/images/0000000105.jpg,36.1768719,-78.034012,16.326,-48.71208190917969,1.3074893951416016,-16.32684326171875,0.0393725261092186,0.016981232911348343,-2.765679121017456,1
106,1776961858.5650618,1776961858.6129673,/home/sylva0/on_board/logs/images/0000000106.jpg,36.1768643,-78.0340171,16.28,-49.55035400390625,0.8450126647949219,-16.280345916748047,0.009846488013863564,0.032213933765888214,-2.7426373958587646,1
107,1776961859.5731678,1776961859.6288974,/home/sylva0/on_board/logs/images/0000000107.jpg,36.1768581,-78.0340178,16.28,-50.25526428222656,0.7876644134521484,-16.28364372253418,0.11306650191545486,-0.06040423735976219,-1.6411008834838867,1
108,1776961860.581798,1776961860.6412091,/home/sylva0/on_board/logs/images/0000000108.jpg,36.1768576,-78.0340191,16.44,-50.3013916015625,0.6710491180419922,-16.440587997436523,0.005641639232635498,-0.09031833708286285,-1.0977543592453003,1
109,1776961861.5720267,1776961861.6192057,/home/sylva0/on_board/logs/images/0000000109.jpg,36.1768609,-78.0340251,16.413,-49.92823028564453,0.12892532348632812,-16.413259506225586,0.05319051444530487,-0.10142244398593903,-1.338374137878418,1
110,1776961862.5843296,1776961862.6418903,/home/sylva0/on_board/logs/images/0000000110.jpg,36.1768685,-78.0340351,16.356,-49.08363342285156,-0.7688312530517578,-16.356884002685547,-0.03253453969955444,-0.04889887571334839,-1.342991828918457,1
111,1776961863.5705168,1776961863.6085606,/home/sylva0/on_board/logs/images/0000000111.jpg,36.1768727,-78.0340428,16.461,-48.616058349609375,-1.4619359970092773,-16.461532592773438,-0.0028814906254410744,-0.010401783511042595,-1.3211978673934937,1
112,1776961864.57937,1776961864.6241565,/home/sylva0/on_board/logs/images/0000000112.jpg,36.1768719,-78.0340518,16.273,-48.70832061767578,-2.271162986755371,-16.273664474487305,0.06199217587709427,-0.057098254561424255,-1.3031185865402222,1
113,1776961865.586172,1776961865.637271,/home/sylva0/on_board/logs/images/0000000113.jpg,36.1768746,-78.0340618,16.195,-48.40633773803711,-3.167046546936035,-16.195289611816406,0.031147094443440437,-0.05565669760107994,-1.2775516510009766,1
114,1776961866.6078753,1776961866.6782715,/home/sylva0/on_board/logs/images/0000000114.jpg,36.1768792,-78.0340732,16.264,-47.89619827270508,-4.207130432128906,-16.266250610351562,0.009122218936681747,-0.04893290624022484,-1.2808609008789062,1
115,1776961867.5955398,1776961867.6526792,/home/sylva0/on_board/logs/images/0000000115.jpg,36.1768817,-78.0340835,16.281,-47.608524322509766,-5.139683723449707,-16.279958724975586,0.04051871597766876,-0.06577932089567184,-1.2855726480484009,1
116,1776961868.5799217,1776961868.618528,/home/sylva0/on_board/logs/images/0000000116.jpg,36.1768834,-78.0340925,16.273,-47.42897415161133,-5.929232597351074,-16.27336311340332,0.048858918249607086,-0.04615612328052521,-1.2521758079528809,1
117,1776961869.5901601,1776961869.6352491,/home/sylva0/on_board/logs/images/0000000117.jpg,36.1768823,-78.0340972,16.207,-47.54728317260742,-6.345385551452637,-16.207979202270508,0.07575467973947525,-0.1527944654226303,-0.18984279036521912,1
118,1776961870.5970051,1776961870.6473522,/home/sylva0/on_board/logs/images/0000000118.jpg,36.1768808,-78.0340984,16.325,-47.71790313720703,-6.455745697021484,-16.32561683654785,-0.09607149660587311,-0.1475016176700592,0.6227278709411621,1
119,1776961871.6072903,1776961871.66806,/home/sylva0/on_board/logs/images/0000000119.jpg,36.1768884,-78.0341003,16.52,-46.865936279296875,-6.624611854553223,-16.520503997802734,0.01282920129597187,-0.1724199801683426,0.44490063190460205,1
120,1776961872.6058083,1776961872.6630385,/home/sylva0/on_board/logs/images/0000000120.jpg,36.1768989,-78.0340943,16.472,-45.70354461669922,-6.083719253540039,-16.472578048706055,0.01868644915521145,-0.15316733717918396,0.3311649262905121,1
121,1776961873.6175332,1776961873.6816425,/home/sylva0/on_board/logs/images/0000000121.jpg,36.1769027,-78.0340862,16.474,-45.277042388916016,-5.333815574645996,-16.474945068359375,-0.08512984216213226,-0.15875354409217834,0.36853814125061035,1
122,1776961874.5992043,1776961874.6450496,/home/sylva0/on_board/logs/images/0000000122.jpg,36.1769074,-78.0340801,16.457,-44.76045608520508,-4.814589500427246,-16.457597732543945,-0.04518396407365799,-0.11259099841117859,0.3656582534313202,1
123,1776961875.6064956,1776961875.6586957,/home/sylva0/on_board/logs/images/0000000123.jpg,36.1769181,-78.034082,16.506,-43.56681442260742,-4.978254318237305,-16.506752014160156,0.044496722519397736,-0.06566300988197327,0.37526392936706543,1
124,1776961876.6169949,1776961876.6750689,/home/sylva0/on_board/logs/images/0000000124.jpg,36.1769264,-78.0340792,16.418,-42.64229965209961,-4.7328901290893555,-16.418535232543945,0.0251817237585783,-0.12643972039222717,0.43315988779067993,1
125,1776961877.601584,1776961877.643444,/home/sylva0/on_board/logs/images/0000000125.jpg,36.1769332,-78.0340758,16.562,-42.21611404418945,-4.538049697875977,-16.625892639160156,0.029994336888194084,-0.09076286852359772,0.2947218716144562,1
126,1776961878.6164045,1776961878.6723988,/home/sylva0/on_board/logs/images/0000000126.jpg,36.1769411,-78.0340723,16.18,-41.00156021118164,-4.115348815917969,-16.18067169189453,0.03072558157145977,-0.026484915986657143,0.273957759141922,1
127,1776961879.6248755,1776961879.6845598,/home/sylva0/on_board/logs/images/0000000127.jpg,36.1769471,-78.0340709,16.149,-40.334903717041016,-3.983644485473633,-16.149192810058594,0.058639444410800934,-0.13450002670288086,0.3783496916294098,1
128,1776961880.6109943,1776961880.6519573,/home/sylva0/on_board/logs/images/0000000128.jpg,36.1769543,-78.0340699,16.331,-39.53246307373047,-3.8957862854003906,-16.331666946411133,0.05070572346448898,-0.14283527433872223,0.3606538772583008,1
129,1776961881.6199431,1776961881.6691573,/home/sylva0/on_board/logs/images/0000000129.jpg,36.1769595,-78.034066,16.304,-38.95429992675781,-3.5428857803344727,-16.304283142089844,0.005648134276270866,-0.15641774237155914,0.3345426321029663,1
130,1776961882.6292002,1776961882.686084,/home/sylva0/on_board/logs/images/0000000130.jpg,36.1769631,-78.0340612,16.141,-38.55537414550781,-3.1131248474121094,-16.1419620513916,-0.02403053268790245,-0.13517381250858307,0.2626442611217499,1
131,1776961883.6444125,1776961883.7119546,/home/sylva0/on_board/logs/images/0000000131.jpg,36.1769684,-78.0340605,16.082,-37.9676399230957,-3.0542783737182617,-16.08233070373535,0.01652473583817482,-0.11669720709323883,0.28485506772994995,1
132,1776961884.6298919,1776961884.6811426,/home/sylva0/on_board/logs/images/0000000132.jpg,36.1769757,-78.0340591,16.105,-37.15186309814453,-2.9204235076904297,-16.10573387145996,0.011449228972196579,-0.09981672465801239,0.2910762429237366,1
133,1776961885.6372685,1776961885.6957345,/home/sylva0/on_board/logs/images/0000000133.jpg,36.176981,-78.0340571,16.249,-36.56241989135742,-2.742661476135254,-16.249900817871094,0.015953442081809044,-0.1193801611661911,0.2893083095550537,1
134,1776961886.622808,1776961886.6612506,/home/sylva0/on_board/logs/images/0000000134.jpg,36.1769845,-78.0340563,16.38,-36.155860900878906,-2.6710939407348633,-16.38278579711914,0.024883171543478966,-0.12795157730579376,0.2781558036804199,1
135,1776961887.6317372,1776961887.6771939,/home/sylva0/on_board/logs/images/0000000135.jpg,36.1769903,-78.0340556,16.495,-35.53030776977539,-2.6111555099487305,-16.49529266357422,0.05385478585958481,-0.14561955630779266,0.2877529561519623,1
136,1776961888.6447082,1776961888.7001455,/home/sylva0/on_board/logs/images/0000000136.jpg,36.1769947,-78.0340511,16.66,-35.034969329833984,-2.208193778991699,-16.66008949279785,-0.03835117816925049,-0.12057779729366302,0.3006473779678345,1
137,1776961889.633296,1776961889.674782,/home/sylva0/on_board/logs/images/0000000137.jpg,36.1770001,-78.0340481,16.607,-34.434818267822266,-1.9395151138305664,-16.60773468017578,0.018043920397758484,-0.11323021352291107,0.23541778326034546,1
138,1776961890.641595,1776961890.6896892,/home/sylva0/on_board/logs/images/0000000138.jpg,36.1770067,-78.0340488,16.405,-33.70318603515625,-2.0003843307495117,-16.4050350189209,0.07405241578817368,-0.10759618878364563,0.2980285584926605,1
139,1776961891.6502662,1776961891.7049618,/home/sylva0/on_board/logs/images/0000000139.jpg,36.1770111,-78.0340465,16.414,-33.20846176147461,-1.7930364608764648,-16.414648056030273,0.0040483977645635605,-0.08994387090206146,0.3529618978500366,1
140,1776961892.658914,1776961892.7210362,/home/sylva0/on_board/logs/images/0000000140.jpg,36.1770153,-78.0340439,16.486,-32.741947174072266,-1.5590744018554688,-16.486326217651367,-0.0010345978662371635,-0.14018596708774567,0.33023276925086975,1
141,1776961893.6420724,1776961893.6849208,/home/sylva0/on_board/logs/images/0000000141.jpg,36.177018,-78.0340415,16.711,-32.438663482666016,-1.3433494567871094,-16.711803436279297,-0.011128331534564495,-0.1046118438243866,0.3339523673057556,1
142,1776961894.651112,1776961894.700673,/home/sylva0/on_board/logs/images/0000000142.jpg,36.1770208,-78.0340401,16.814,-32.13752365112305,-1.218947410583496,-16.814695358276367,-0.007971002720296383,-0.12931866943836212,0.37040549516677856,1
143,1776961895.659745,1776961895.7178445,/home/sylva0/on_board/logs/images/0000000143.jpg,36.1770244,-78.0340397,16.68,-31.722164154052734,-1.179574966430664,-16.67997932434082,0.02583584375679493,-0.14495378732681274,0.3719235062599182,1
144,1776961896.6424565,1776961896.681655,/home/sylva0/on_board/logs/images/0000000144.jpg,36.1770262,-78.0340361,16.58,-31.532176971435547,-0.8542041778564453,-16.58009910583496,-0.04618088901042938,-0.10339802503585815,0.29209136962890625,1
145,1776961897.6511292,1776961897.6975143,/home/sylva0/on_board/logs/images/0000000145.jpg,36.1770284,-78.0340368,16.6,-31.28313446044922,-0.9242315292358398,-16.60063934326172,0.03797285258769989,-0.14303068816661835,0.3301245868206024,1
146,1776961898.660506,1776961898.7151089,/home/sylva0/on_board/logs/images/0000000146.jpg,36.1770345,-78.034037,16.475,-30.607173919677734,-0.9382619857788086,-16.47515869140625,0.029799291864037514,-0.12909694015979767,0.3446226716041565,1
147,1776961899.6667123,1776961899.7265134,/home/sylva0/on_board/logs/images/0000000147.jpg,36.1770388,-78.0340329,16.346,-30.130565643310547,-0.5711479187011719,-16.34661865234375,-0.06339620053768158,-0.1066838949918747,0.3328084945678711,1
148,1776961900.6523008,1776961900.6937463,/home/sylva0/on_board/logs/images/0000000148.jpg,36.1770438,-78.0340284,16.302,-29.567325592041016,-0.16448020935058594,-16.302635192871094,-0.10081980377435684,-0.07326068729162216,0.40645918250083923,1
149,1776961901.6608763,1776961901.7108276,/home/sylva0/on_board/logs/images/0000000149.jpg,36.1770472,-78.034027,16.281,-29.192893981933594,-0.04484844207763672,-16.28173828125,-0.06140293926000595,-0.10027112066745758,0.3583066463470459,1
150,1776961902.6729832,1776961902.7320993,/home/sylva0/on_board/logs/images/0000000150.jpg,36.1770522,-78.0340285,16.299,-28.642162322998047,-0.17966651916503906,-16.29921531677246,-0.019532492384314537,-0.11532622575759888,0.3920157253742218,1
151,1776961903.6640778,1776961903.70899,/home/sylva0/on_board/logs/images/0000000151.jpg,36.1770527,-78.034028,16.347,-28.577072143554688,-0.13217544555664062,-16.34703826904297,-0.07274792343378067,-0.10982415080070496,0.39702892303466797,1
152,1776961904.688166,1776961904.7528002,/home/sylva0/on_board/logs/images/0000000152.jpg,36.1770553,-78.0340284,16.386,-28.290550231933594,-0.1633462905883789,-16.386394500732422,-0.028768077492713928,-0.10779981315135956,0.35394343733787537,1
153,1776961905.67309,1776961905.719107,/home/sylva0/on_board/logs/images/0000000153.jpg,36.1770585,-78.0340275,16.47,-27.932701110839844,-0.08570289611816406,-16.470661163330078,-0.01210748590528965,-0.11967895925045013,0.3086410164833069,1
154,1776961906.6843204,1776961906.7375062,/home/sylva0/on_board/logs/images/0000000154.jpg,36.1770607,-78.0340273,16.526,-27.685096740722656,-0.0673074722290039,-16.52679443359375,-0.019343970343470573,-0.11056442558765411,0.32927680015563965,1
155,1776961907.6935344,1776961907.7522266,/home/sylva0/on_board/logs/images/0000000155.jpg,36.1770629,-78.0340252,16.583,-27.450515747070312,0.12484455108642578,-16.583209991455078,-0.035224780440330505,-0.09446235001087189,0.2793314754962921,1
156,1776961908.675922,1776961908.716566,/home/sylva0/on_board/logs/images/0000000156.jpg,36.1770661,-78.0340237,16.618,-27.089771270751953,0.25354671478271484,-16.6181583404541,-0.017712242901325226,-0.11930288374423981,0.2591845691204071,1
157,1776961909.6856718,1776961909.7313302,/home/sylva0/on_board/logs/images/0000000157.jpg,36.1770708,-78.0340209,16.499,-26.566864013671875,0.506983757019043,-16.499805450439453,-0.03588949143886566,-0.11884546279907227,0.2936647832393646,1
158,1776961910.694409,1776961910.7494192,/home/sylva0/on_board/logs/images/0000000158.jpg,36.1770733,-78.0340188,16.479,-26.283458709716797,0.6969566345214844,-16.479055404663086,-0.021564394235610962,-0.10001763701438904,0.24582259356975555,1
159,1776961911.7042246,1776961911.7678535,/home/sylva0/on_board/logs/images/0000000159.jpg,36.1770746,-78.0340179,16.517,-26.14760971069336,0.7798194885253906,-16.517105102539062,-0.06751926243305206,-0.14840281009674072,0.27844589948654175,1
160,1776961912.6898885,1776961912.733004,/home/sylva0/on_board/logs/images/0000000160.jpg,36.1770783,-78.0340175,16.422,-25.73276138305664,0.8165988922119141,-16.422578811645508,-0.014744283631443977,-0.09143947064876556,0.35277247428894043,1
161,1776961913.6991029,1776961913.7484727,/home/sylva0/on_board/logs/images/0000000161.jpg,36.1770809,-78.0340182,16.508,-25.43834686279297,0.7466640472412109,-16.508169174194336,-0.001963818445801735,-0.08539910614490509,0.26302364468574524,1
162,1776961914.7048182,1776961914.759124,/home/sylva0/on_board/logs/images/0000000162.jpg,36.1770797,-78.0340176,16.333,-25.576129913330078,0.8004074096679688,-16.333126068115234,-0.013068771921098232,-0.1577855348587036,0.2065635323524475,1
163,1776961915.7134478,1776961915.7749162,/home/sylva0/on_board/logs/images/0000000163.jpg,36.177076,-78.0340155,16.393,-25.98636245727539,0.9907283782958984,-16.393766403198242,-0.04341035336256027,-0.15349487960338593,0.3155747354030609,1
164,1776961916.69812,1776961916.7433288,/home/sylva0/on_board/logs/images/0000000164.jpg,36.1770781,-78.0340157,16.455,-25.753761291503906,0.9756584167480469,-16.455989837646484,0.015645727515220642,-0.12017616629600525,0.22715091705322266,1
165,1776961917.7078443,1776961917.7591448,/home/sylva0/on_board/logs/images/0000000165.jpg,36.1770806,-78.0340164,16.717,-25.479354858398438,0.9079818725585938,-16.717927932739258,0.009192271158099174,-0.08768832683563232,0.346272736787796,1
166,1776961918.7158384,1776961918.774818,/home/sylva0/on_board/logs/images/0000000166.jpg,36.1770816,-78.0340144,16.755,-25.36858367919922,1.0937213897705078,-16.755081176757812,-0.07555034756660461,-0.1303863227367401,0.36453425884246826,1
167,1776961919.7256145,1776961919.7878113,/home/sylva0/on_board/logs/images/0000000167.jpg,36.1770821,-78.0340114,16.789,-25.30954360961914,1.3575439453125,-16.789794921875,-0.07549985498189926,-0.15798000991344452,0.3494454026222229,1
168,1776961920.7268476,1776961920.7884953,/home/sylva0/on_board/logs/images/0000000168.jpg,36.1770834,-78.0340136,16.669,-25.163158416748047,1.1670112609863281,-16.66944122314453,-0.05257808417081833,-0.1922430694103241,0.3377379775047302,1
169,1776961921.7105103,1776961921.7520685,/home/sylva0/on_board/logs/images/0000000169.jpg,36.1770853,-78.0340141,16.662,-24.95400619506836,1.1193523406982422,-16.662473678588867,-0.05356645584106445,-0.17354053258895874,0.31860342621803284,1
170,1776961922.718844,1776961922.7673905,/home/sylva0/on_board/logs/images/0000000170.jpg,36.1770866,-78.034015,16.434,-24.81179428100586,1.0414676666259766,-16.434707641601562,-0.006295656785368919,-0.1718701422214508,0.34357747435569763,1
171,1776961923.7278218,1776961923.7839487,/home/sylva0/on_board/logs/images/0000000171.jpg,36.1770845,-78.0340185,16.391,-25.038158416748047,0.7249526977539062,-16.391904830932617,0.02444574423134327,-0.19475656747817993,0.3103124499320984,1
172,1776961924.7408056,1776961924.805338,/home/sylva0/on_board/logs/images/0000000172.jpg,36.1770849,-78.0340163,16.41,-24.99356460571289,0.9223270416259766,-16.410858154296875,-0.038641344755887985,-0.15881717205047607,0.35092222690582275,1
173,1776961925.7275617,1776961925.7777042,/home/sylva0/on_board/logs/images/0000000173.jpg,36.1770908,-78.0340118,16.479,-24.33895492553711,1.3216514587402344,-16.479156494140625,-0.03633202612400055,-0.1413295716047287,0.32022759318351746,1
174,1776961926.7382302,1776961926.796341,/home/sylva0/on_board/logs/images/0000000174.jpg,36.1770968,-78.0340099,16.388,-23.667945861816406,1.5005531311035156,-16.3880672454834,-0.012478881515562534,-0.12142188847064972,0.3298165798187256,1
175,1776961927.7223475,1776961927.7644622,/home/sylva0/on_board/logs/images/0000000175.jpg,36.1771008,-78.0340084,16.312,-23.226715087890625,1.634063720703125,-16.31250762939453,-0.022290833294391632,-0.12666799128055573,0.32521528005599976,1
176,1776961928.7308714,1776961928.7786272,/home/sylva0/on_board/logs/images/0000000176.jpg,36.1771025,-78.0340067,16.341,-23.039730072021484,1.7867145538330078,-16.34168243408203,-0.035722650587558746,-0.1373586356639862,0.32616743445396423,1
177,1776961929.7372742,1776961929.791399,/home/sylva0/on_board/logs/images/0000000177.jpg,36.177101,-78.0340042,16.377,-23.203475952148438,2.0074634552001953,-16.377586364746094,-0.06323383003473282,-0.14413227140903473,0.31094902753829956,1
178,1776961930.748822,1776961930.8094118,/home/sylva0/on_board/logs/images/0000000178.jpg,36.1771037,-78.0340052,16.477,-22.899669647216797,1.9148578643798828,-16.477256774902344,0.007319731637835503,-0.13863062858581543,0.3277398943901062,1
179,1776961931.7489233,1776961931.8085594,/home/sylva0/on_board/logs/images/0000000179.jpg,36.1771096,-78.0340044,16.503,-22.24282455444336,1.9869651794433594,-16.503713607788086,-0.03967682272195816,-0.10058543086051941,0.34725141525268555,1
180,1776961932.7350912,1776961932.7747076,/home/sylva0/on_board/logs/images/0000000180.jpg,36.1771133,-78.0340035,16.532,-21.830265045166016,2.0693721771240234,-16.532772064208984,-0.0020272573456168175,-0.10392166674137115,0.3151269257068634,1
181,1776961933.7528653,1776961933.807828,/home/sylva0/on_board/logs/images/0000000181.jpg,36.177117,-78.0340014,16.445,-21.424617767333984,2.2562408447265625,-16.44546127319336,-0.043840400874614716,-0.11294153332710266,0.34985312819480896,1
182,1776961934.7445216,1776961934.7862248,/home/sylva0/on_board/logs/images/0000000182.jpg,36.1771189,-78.0340018,16.507,-21.215621948242188,2.228261947631836,-16.50798988342285,-0.006575734354555607,-0.12529689073562622,0.2844826877117157,1
183,1776961935.7526488,1776961935.8005626,/home/sylva0/on_board/logs/images/0000000183.jpg,36.1771202,-78.0340015,16.572,-21.069019317626953,2.2535762786865234,-16.57289695739746,-0.00901823304593563,-0.16933028399944305,0.32117462158203125,1
184,1776961936.7650943,1776961936.822816,/home/sylva0/on_board/logs/images/0000000184.jpg,36.17712,-78.0340011,16.573,-21.091644287109375,2.2881507873535156,-16.573585510253906,-0.03168262168765068,-0.17958594858646393,0.3096262514591217,1
185,1776961937.7673845,1776961937.8270013,/home/sylva0/on_board/logs/images/0000000185.jpg,36.1771213,-78.0340008,16.584,-20.941864013671875,2.309907913208008,-16.584026336669922,-0.02620229870080948,-0.1811850666999817,0.30671340227127075,1
186,1776961938.754449,1776961938.7987084,/home/sylva0/on_board/logs/images/0000000186.jpg,36.1771223,-78.0339995,16.532,-20.831707000732422,2.4307727813720703,-16.532033920288086,-0.023345284163951874,-0.1773826628923416,0.2998081147670746,1
187,1776961939.764287,1776961939.8141866,/home/sylva0/on_board/logs/images/0000000187.jpg,36.1771245,-78.0339988,16.53,-20.586647033691406,2.4974231719970703,-16.530033111572266,-0.013637453317642212,-0.17508715391159058,0.2852684259414673,1
188,1776961940.7715135,1776961940.825723,/home/sylva0/on_board/logs/images/0000000188.jpg,36.1771278,-78.0339994,16.372,-20.222293853759766,2.4405479431152344,-16.372255325317383,0.0035162679851055145,-0.1733003705739975,0.31733307242393494,1
189,1776961941.7814326,1776961941.841597,/home/sylva0/on_board/logs/images/0000000189.jpg,36.1771307,-78.0339965,16.423,-19.893260955810547,2.6990013122558594,-16.423410415649414,-0.03134467452764511,-0.1829032003879547,0.2986932098865509,1
190,1776961942.7672114,1776961942.8100278,/home/sylva0/on_board/logs/images/0000000190.jpg,36.1771332,-78.0339964,16.26,-19.621810913085938,2.709932327270508,-16.260303497314453,-0.016169287264347076,-0.15953195095062256,0.27952349185943604,1
191,1776961943.775903,1776961943.8233478,/home/sylva0/on_board/logs/images/0000000191.jpg,36.177134,-78.0339953,16.334,-19.52539825439453,2.808603286743164,-16.334318161010742,-0.023926418274641037,-0.1396990567445755,0.3086852431297302,1
192,1776961944.7859046,1776961944.8408864,/home/sylva0/on_board/logs/images/0000000192.jpg,36.1771334,-78.03399,16.51,-19.599258422851562,3.2885360717773438,-16.510814666748047,-0.048206426203250885,-0.14382125437259674,0.2875418961048126,1
193,1776961945.7964776,1776961945.8566751,/home/sylva0/on_board/logs/images/0000000193.jpg,36.1771373,-78.0339938,16.565,-19.16204071044922,2.94281005859375,-16.56534767150879,0.054397210478782654,-0.16777552664279938,0.3272319436073303,1
194,1776961946.7814503,1776961946.824172,/home/sylva0/on_board/logs/images/0000000194.jpg,36.177138,-78.0339956,16.446,-19.083938598632812,2.7799930572509766,-16.446428298950195,0.039790183305740356,-0.14625263214111328,0.24298088252544403,1
195,1776961947.790411,1776961947.8381495,/home/sylva0/on_board/logs/images/0000000195.jpg,36.1771373,-78.0339949,16.343,-19.162303924560547,2.8397884368896484,-16.343320846557617,0.028548849746584892,-0.14762766659259796,0.2574235498905182,1
196,1776961948.8044295,1776961948.863488,/home/sylva0/on_board/logs/images/0000000196.jpg,36.1771397,-78.0339944,16.399,-18.89694595336914,2.8924179077148438,-16.39962387084961,0.03776611387729645,-0.1583600491285324,0.28343454003334045,1
197,1776961949.791204,1776961949.8330815,/home/sylva0/on_board/logs/images/0000000197.jpg,36.1771429,-78.0339941,16.369,-18.541133880615234,2.919099807739258,-16.369457244873047,0.07043026387691498,-0.12208327651023865,0.2688570022583008,1
198,1776961950.8027658,1776961950.855422,/home/sylva0/on_board/logs/images/0000000198.jpg,36.1771465,-78.0339932,16.438,-18.133987426757812,2.9935035705566406,-16.438779830932617,0.08226193487644196,-0.14171095192432404,0.2960280179977417,1
199,1776961951.8172617,1776961951.8796427,/home/sylva0/on_board/logs/images/0000000199.jpg,36.1771492,-78.0339907,16.425,-17.83859634399414,3.2177791595458984,-16.42512321472168,0.04165288805961609,-0.11069974303245544,0.26745960116386414,1
200,1776961952.802669,1776961952.8481271,/home/sylva0/on_board/logs/images/0000000200.jpg,36.1771526,-78.0339858,16.524,-17.460254669189453,3.657644271850586,-16.524200439453125,-0.011022666469216347,-0.1082698255777359,0.3639703392982483,1
201,1776961953.820044,1776961953.8816502,/home/sylva0/on_board/logs/images/0000000201.jpg,36.1771534,-78.0339851,16.716,-17.368820190429688,3.722930908203125,-16.716503143310547,0.009886516258120537,-0.1327127367258072,0.32926270365715027,1
202,1776961954.8024836,1776961954.844699,/home/sylva0/on_board/logs/images/0000000202.jpg,36.1771519,-78.0339865,16.645,-17.54216766357422,3.597003936767578,-16.64506721496582,0.043117932975292206,-0.11685784161090851,0.3143092095851898,1
203,1776961955.8131962,1776961955.8640995,/home/sylva0/on_board/logs/images/0000000203.jpg,36.1771491,-78.0339868,16.629,-17.847991943359375,3.5716934204101562,-16.629735946655273,0.019234003499150276,-0.14669954776763916,0.3639305830001831,1
204,1776961956.8291416,1776961956.8902447,/home/sylva0/on_board/logs/images/0000000204.jpg,36.17715,-78.0339884,16.502,-17.754837036132812,3.4259891510009766,-16.502941131591797,0.04769819974899292,-0.13762885332107544,0.3277490437030792,1
205,1776961957.8141615,1776961957.8558626,/home/sylva0/on_board/logs/images/0000000205.jpg,36.1771484,-78.033988,16.477,-17.926319122314453,3.4621009826660156,-16.477636337280273,0.0024581793695688248,-0.17066411674022675,0.352977991104126,1
206,1776961958.8262868,1776961958.874846,/home/sylva0/on_board/logs/images/0000000206.jpg,36.1771474,-78.0339879,16.405,-18.037456512451172,3.4684886932373047,-16.405437469482422,-0.019165854901075363,-0.16843527555465698,0.34532037377357483,1
207,1776961959.8321047,1776961959.886136,/home/sylva0/on_board/logs/images/0000000207.jpg,36.17715,-78.0339876,16.338,-17.74694061279297,3.5018882751464844,-16.338062286376953,-0.005902158096432686,-0.14134082198143005,0.2503484785556793,1
208,1776961960.8174803,1776961960.8567307,/home/sylva0/on_board/logs/images/0000000208.jpg,36.1771529,-78.0339859,16.306,-17.428142547607422,3.6562957763671875,-16.306232452392578,-0.013195587322115898,-0.12605415284633636,0.3649956285953522,1
209,1776961961.8243842,1776961961.8689804,/home/sylva0/on_board/logs/images/0000000209.jpg,36.1771546,-78.0339847,16.269,-17.237415313720703,3.7572364807128906,-16.269977569580078,-0.019047629088163376,-0.10881730914115906,0.3326968252658844,1
210,1776961962.831449,1776961962.882549,/home/sylva0/on_board/logs/images/0000000210.jpg,36.1771538,-78.0339837,16.333,-17.33208465576172,3.8530216217041016,-16.333995819091797,-0.011107293888926506,-0.12850739061832428,0.2431827187538147,1
211,1776961963.8420744,1776961963.8992085,/home/sylva0/on_board/logs/images/0000000211.jpg,36.1771552,-78.033986,16.273,-17.169204711914062,3.642017364501953,-16.27359390258789,0.031759679317474365,-0.12475414574146271,0.24880357086658478,1
212,1776961964.8238363,1776961964.8610942,/home/sylva0/on_board/logs/images/0000000212.jpg,36.1771597,-78.0339837,16.452,-16.668411254882812,3.847078323364258,-16.452415466308594,-0.008074693381786346,-0.10451138019561768,0.30162501335144043,1
213,1776961965.8348749,1776961965.8792388,/home/sylva0/on_board/logs/images/0000000213.jpg,36.1771625,-78.0339859,16.473,-16.356101989746094,3.6482505798339844,-16.473791122436523,0.05685465782880783,-0.13801822066307068,0.3088498115539551,1
214,1776961966.8449795,1776961966.896273,/home/sylva0/on_board/logs/images/0000000214.jpg,36.1771615,-78.0339845,16.467,-16.464645385742188,3.7791080474853516,-16.46718978881836,0.023473607376217842,-0.1529584378004074,0.22294139862060547,1
215,1776961967.8537507,1776961967.9108713,/home/sylva0/on_board/logs/images/0000000215.jpg,36.1771628,-78.033983,16.581,-16.3287353515625,3.910137176513672,-16.58146095275879,0.006726542487740517,-0.12365715205669403,0.28746265172958374,1
216,1776961968.8374252,1776961968.875441,/home/sylva0/on_board/logs/images/0000000216.jpg,36.1771651,-78.0339854,16.613,-16.07082748413086,3.695974349975586,-16.61359405517578,0.07367529720067978,-0.151423841714859,0.2899632453918457,1
217,1776961969.8581572,1776961969.9148273,/home/sylva0/on_board/logs/images/0000000217.jpg,36.1771693,-78.0339833,16.626,-15.603407859802246,3.888813018798828,-16.62660026550293,0.06282354891300201,-0.1245478093624115,0.3049067258834839,1
218,1776961970.848625,1776961970.8910007,/home/sylva0/on_board/logs/images/0000000218.jpg,36.1771722,-78.0339803,16.651,-15.282454490661621,4.158060073852539,-16.651578903198242,-0.008111845701932907,-0.13607856631278992,0.38116028904914856,1
219,1776961971.8571634,1776961971.9047053,/home/sylva0/on_board/logs/images/0000000219.jpg,36.1771774,-78.0339775,16.603,-14.700947761535645,4.405235290527344,-16.603702545166016,0.004011359065771103,-0.10110892355442047,0.3288978040218353,1
220,1776961972.8660684,1776961972.9198694,/home/sylva0/on_board/logs/images/0000000220.jpg,36.1771809,-78.0339758,16.582,-14.31318187713623,4.564023971557617,-16.582019805908203,-0.0033165141940116882,-0.11668840050697327,0.30340299010276794,1
221,1776961973.8767567,1776961973.9380772,/home/sylva0/on_board/logs/images/0000000221.jpg,36.1771838,-78.0339754,16.462,-13.992459297180176,4.59657096862793,-16.462398529052734,0.024088365957140923,-0.09917405247688293,0.23225852847099304,1
222,1776961974.8597994,1776961974.9019659,/home/sylva0/on_board/logs/images/0000000222.jpg,36.1771866,-78.0339751,16.374,-13.679940223693848,4.623910903930664,-16.374353408813477,0.04336228966712952,-0.10934782028198242,0.27136045694351196,1
223,1776961975.8672934,1776961975.9161909,/home/sylva0/on_board/logs/images/0000000223.jpg,36.1771881,-78.0339745,16.605,-13.503020286560059,4.675804138183594,-16.60578727722168,0.03679925203323364,-0.12066550552845001,0.41956788301467896,1
224,1776961976.8765395,1776961976.934427,/home/sylva0/on_board/logs/images/0000000224.jpg,36.177188,-78.0339732,16.687,-13.519658088684082,4.790212631225586,-16.68756103515625,-0.013770278543233871,-0.15311294794082642,0.4119113087654114,1
225,1776961977.8862224,1776961977.9487643,/home/sylva0/on_board/logs/images/0000000225.jpg,36.1771887,-78.0339735,16.716,-13.442320823669434,4.767078399658203,-16.71692657470703,-0.009224068373441696,-0.16750411689281464,0.3638695478439331,1
226,1776961978.8705997,1776961978.9131875,/home/sylva0/on_board/logs/images/0000000226.jpg,36.1771881,-78.0339706,16.676,-13.510430335998535,5.029172897338867,-16.676006317138672,-0.05042601376771927,-0.13638313114643097,0.32550951838493347,1
227,1776961979.8796947,1776961979.928962,/home/sylva0/on_board/logs/images/0000000227.jpg,36.1771893,-78.0339692,16.57,-13.36984920501709,5.152536392211914,-16.57052230834961,-0.06570810079574585,-0.11446945369243622,0.25540217757225037,1
228,1776961980.8898332,1776961980.9440966,/home/sylva0/on_board/logs/images/0000000228.jpg,36.1771887,-78.0339693,16.493,-13.437056541442871,5.142667770385742,-16.493314743041992,-0.06416033953428268,-0.09547606110572815,0.28484365344047546,1
229,1776961981.8989112,1776961981.9593537,/home/sylva0/on_board/logs/images/0000000229.jpg,36.1771888,-78.0339723,16.464,-13.430798530578613,4.878932952880859,-16.464807510375977,-0.006326787639409304,-0.11115847527980804,0.3594021201133728,1
230,1776961982.8824925,1776961982.9263618,/home/sylva0/on_board/logs/images/0000000230.jpg,36.1771903,-78.0339745,16.391,-13.267325401306152,4.677446365356445,-16.391321182250977,0.03964530676603317,-0.10537678003311157,0.34941527247428894,1
231,1776961983.8896203,1776961983.940586,/home/sylva0/on_board/logs/images/0000000231.jpg,36.177192,-78.0339733,16.467,-13.070479393005371,4.784395217895508,-16.46749496459961,0.025474494323134422,-0.11301285028457642,0.34201568365097046,1
232,1776961984.9008021,1776961984.9607687,/home/sylva0/on_board/logs/images/0000000232.jpg,36.1771928,-78.0339746,16.522,-12.989901542663574,4.667058944702148,-16.52273941040039,0.0720798596739769,-0.15259957313537598,0.3605847954750061,1
233,1776961985.8923192,1776961985.942474,/home/sylva0/on_board/logs/images/0000000233.jpg,36.1771959,-78.0339697,16.448,-12.645010948181152,5.107473373413086,-16.448246002197266,-0.010951120406389236,-0.10150149464607239,0.3368369936943054,1
234,1776961986.8987584,1776961986.952733,/home/sylva0/on_board/logs/images/0000000234.jpg,36.1772,-78.0339675,16.483,-12.178437232971191,5.302911758422852,-16.483993530273438,0.015439614653587341,-0.09956932067871094,0.3694518804550171,1
235,1776961987.909083,1776961987.970857,/home/sylva0/on_board/logs/images/0000000235.jpg,36.1772012,-78.033967,16.492,-12.055144309997559,5.350833892822266,-16.49225616455078,0.02481386996805668,-0.1386903077363968,0.31574946641921997,1
236,1776961988.8927455,1776961988.9348342,/home/sylva0/on_board/logs/images/0000000236.jpg,36.1772025,-78.033966,16.451,-11.910956382751465,5.437891006469727,-16.45117950439453,0.027595510706305504,-0.10839830338954926,0.26624706387519836,1
237,1776961989.8996582,1776961989.9487383,/home/sylva0/on_board/logs/images/0000000237.jpg,36.1771998,-78.0339636,16.45,-12.205859184265137,5.658363342285156,-16.450109481811523,-0.03127273917198181,-0.15624351799488068,0.321277916431427,1
238,1776961990.9148974,1776961990.9784095,/home/sylva0/on_board/logs/images/0000000238.jpg,36.1772013,-78.0339634,16.409,-12.044671058654785,5.678672790527344,-16.409835815429688,-0.018890324980020523,-0.14507834613323212,0.31653666496276855,1
239,1776961991.9019156,1776961991.9472778,/home/sylva0/on_board/logs/images/0000000239.jpg,36.1772018,-78.0339647,16.398,-11.981915473937988,5.558616638183594,-16.398944854736328,0.00655747577548027,-0.13623054325580597,0.27599048614501953,1
240,1776961992.9108865,1776961992.9649496,/home/sylva0/on_board/logs/images/0000000240.jpg,36.1772022,-78.0339643,16.407,-11.943591117858887,5.59637451171875,-16.407909393310547,-0.0009411927312612534,-0.11330150067806244,0.3384436070919037,1
241,1776961993.917344,1776961993.974972,/home/sylva0/on_board/logs/images/0000000241.jpg,36.177205,-78.0339652,16.378,-11.632636070251465,5.51591682434082,-16.378564834594727,0.021782247349619865,-0.10760490596294403,0.3417571485042572,1
242,1776961994.902191,1776961994.9444025,/home/sylva0/on_board/logs/images/0000000242.jpg,36.1772087,-78.033965,16.314,-11.212798118591309,5.527381896972656,-16.314966201782227,0.013453131541609764,-0.11372445523738861,0.30690404772758484,1
243,1776961995.9110935,1776961995.9607167,/home/sylva0/on_board/logs/images/0000000243.jpg,36.1772107,-78.0339643,16.413,-10.993002891540527,5.596715927124023,-16.413969039916992,-0.009537454694509506,-0.12319706380367279,0.32311108708381653,1
244,1776961996.916451,1776961996.9715512,/home/sylva0/on_board/logs/images/0000000244.jpg,36.1772156,-78.0339635,16.329,-10.444008827209473,5.667106628417969,-16.329477310180664,0.029658833518624306,-0.10744655132293701,0.2746833264827728,1
245,1776961997.9012737,1776961997.9395878,/home/sylva0/on_board/logs/images/0000000245.jpg,36.1772176,-78.0339633,16.181,-10.215792655944824,5.683296203613281,-16.177499771118164,0.038214750587940216,-0.12169240415096283,0.2523770332336426,1
246,1776961998.9098141,1776961998.9554775,/home/sylva0/on_board/logs/images/0000000246.jpg,36.1772244,-78.0339619,16.188,-9.473162651062012,5.809654235839844,-16.188697814941406,0.04339377582073212,-0.1038484275341034,0.29229313135147095,1
247,1776961999.9183817,1776961999.9718447,/home/sylva0/on_board/logs/images/0000000247.jpg,36.1772273,-78.0339576,16.243,-9.14841365814209,6.193138122558594,-16.24307632446289,-0.008586442098021507,-0.11301825940608978,0.2732059359550476,1
248,1776962000.926227,1776962000.9871247,/home/sylva0/on_board/logs/images/0000000248.jpg,36.1772291,-78.0339547,16.389,-8.94821834564209,6.456993103027344,-16.389205932617188,-0.015338266268372536,-0.10149924457073212,0.289090096950531,1
249,1776962001.91929,1776962001.9727724,/home/sylva0/on_board/logs/images/0000000249.jpg,36.1772309,-78.0339548,16.558,-8.739899635314941,6.444974899291992,-16.55848503112793,0.012414049357175827,-0.1141255795955658,0.3123635947704315,1
250,1776962002.9252353,1776962002.9830835,/home/sylva0/on_board/logs/images/0000000250.jpg,36.1772339,-78.0339539,16.638,-8.408413887023926,6.531473159790039,-16.638469696044922,0.004681427031755447,-0.10843861103057861,0.3650442063808441,1
251,1776962003.9094453,1776962003.9477677,/home/sylva0/on_board/logs/images/0000000251.jpg,36.1772387,-78.0339541,16.643,-7.871657371520996,6.512493133544922,-16.643997192382812,0.03301755338907242,-0.09843742847442627,0.37305620312690735,1
252,1776962004.9188313,1776962004.9656658,/home/sylva0/on_board/logs/images/0000000252.jpg,36.1772407,-78.0339528,16.506,-7.648354530334473,6.624240875244141,-16.50661849975586,0.016766807064414024,-0.11507822573184967,0.30282706022262573,1
253,1776962005.9297628,1776962005.9828424,/home/sylva0/on_board/logs/images/0000000253.jpg,36.1772413,-78.0339519,16.452,-7.581709861755371,6.703792572021484,-16.452329635620117,-0.0037213442847132683,-0.11045579612255096,0.29692843556404114,1
254,1776962006.9499936,1776962007.01922,/home/sylva0/on_board/logs/images/0000000254.jpg,36.1772416,-78.0339517,16.489,-7.550082206726074,6.727350234985352,-16.48935890197754,0.014551270753145218,-0.11630174517631531,0.30219802260398865,1
255,1776962007.9398458,1776962007.9941144,/home/sylva0/on_board/logs/images/0000000255.jpg,36.1772441,-78.0339511,16.474,-7.279507637023926,6.77569580078125,-16.474760055541992,-0.009951609186828136,-0.08686700463294983,0.3250002861022949,1
256,1776962008.9487767,1776962009.01108,/home/sylva0/on_board/logs/images/0000000256.jpg,36.1772486,-78.0339503,16.395,-6.776364326477051,6.854961395263672,-16.395944595336914,0.04109271615743637,-0.1314297467470169,0.39400264620780945,1
257,1776962009.9318476,1776962009.974926,/home/sylva0/on_board/logs/images/0000000257.jpg,36.1772512,-78.0339505,16.293,-6.479729652404785,6.829189300537109,-16.293153762817383,0.04733315855264664,-0.1159890741109848,0.26165905594825745,1
258,1776962010.9389198,1776962010.9885616,/home/sylva0/on_board/logs/images/0000000258.jpg,36.1772547,-78.033947,16.179,-6.09102725982666,7.151819229125977,-16.179729461669922,0.008601279929280281,-0.11180196702480316,0.26810169219970703,1
259,1776962011.9503903,1776962012.0073323,/home/sylva0/on_board/logs/images/0000000259.jpg,36.1772561,-78.0339453,16.194,-5.937432289123535,7.298648834228516,-16.19427490234375,0.028433559462428093,-0.11197121441364288,0.27885621786117554,1
260,1776962012.941602,1776962012.988407,/home/sylva0/on_board/logs/images/0000000260.jpg,36.1772585,-78.0339428,16.242,-5.669716835021973,7.5235137939453125,-16.242582321166992,-0.005111361388117075,-0.10169544816017151,0.2923806607723236,1
261,1776962013.9514675,1776962014.00367,/home/sylva0/on_board/logs/images/0000000261.jpg,36.1772613,-78.0339439,16.214,-5.363282203674316,7.427120208740234,-16.214162826538086,0.001111842691898346,-0.11485062539577484,0.37251296639442444,1
262,1776962014.9624455,1776962015.0217605,/home/sylva0/on_board/logs/images/0000000262.jpg,36.1772665,-78.0339441,16.243,-4.785872459411621,7.4109039306640625,-16.243873596191406,0.01583169214427471,-0.10295107960700989,0.3215382397174835,1
263,1776962015.9481115,1776962015.9889405,/home/sylva0/on_board/logs/images/0000000263.jpg,36.1772738,-78.0339415,16.265,-3.967595100402832,7.645660400390625,-16.265932083129883,0.0027846377342939377,-0.06987471878528595,0.413982629776001,1
264,1776962016.9547052,1776962017.0012822,/home/sylva0/on_board/logs/images/0000000264.jpg,36.1772771,-78.0339391,16.322,-3.6018152236938477,7.858203887939453,-16.322669982910156,-0.03946634754538536,-0.0746488943696022,0.3344579339027405,1
265,1776962017.9791012,1776962018.049868,/home/sylva0/on_board/logs/images/0000000265.jpg,36.1772807,-78.0339382,16.32,-3.1991758346557617,7.94244384765625,-16.320343017578125,0.013898001983761787,-0.10107962787151337,0.32082849740982056,1
266,1776962018.9620872,1776962019.0136678,/home/sylva0/on_board/logs/images/0000000266.jpg,36.177284,-78.0339366,16.31,-2.831059455871582,8.08675765991211,-16.310081481933594,0.02089654467999935,-0.08735698461532593,0.3296149671077728,1
267,1776962019.9715507,1776962020.027454,/home/sylva0/on_board/logs/images/0000000267.jpg,36.1772852,-78.0339369,16.302,-2.695254325866699,8.054744720458984,-16.302791595458984,0.021007830277085304,-0.1173412948846817,0.4198618233203888,1
268,1776962020.955894,1776962020.995022,/home/sylva0/on_board/logs/images/0000000268.jpg,36.1772872,-78.0339342,16.329,-2.479170799255371,8.301153182983398,-16.329187393188477,0.00954386591911316,-0.10203906893730164,0.3713151812553406,1
269,1776962021.9672642,1776962022.0158472,/home/sylva0/on_board/logs/images/0000000269.jpg,36.177291,-78.0339317,16.453,-2.0586442947387695,8.518621444702148,-16.453357696533203,0.016133058816194534,-0.11777655780315399,0.38118472695350647,1
270,1776962022.9803166,1776962023.040814,/home/sylva0/on_board/logs/images/0000000270.jpg,36.1772917,-78.0339291,16.443,-1.9797677993774414,8.757774353027344,-16.44310188293457,-0.009238552302122116,-0.08288361132144928,0.3505687713623047,1
271,1776962023.9803212,1776962024.0365922,/home/sylva0/on_board/logs/images/0000000271.jpg,36.1772932,-78.0339294,16.399,-1.8035173416137695,8.729312896728516,-16.399953842163086,0.019787998870015144,-0.09718553721904755,0.3331819474697113,1
272,1776962024.9661622,1776962025.0053663,/home/sylva0/on_board/logs/images/0000000272.jpg,36.1772942,-78.0339282,16.423,-1.699051856994629,8.833536148071289,-16.423114776611328,-0.007279010955244303,-0.0866803526878357,0.3570197820663452,1
273,1776962025.9759798,1776962026.023953,/home/sylva0/on_board/logs/images/0000000273.jpg,36.1772952,-78.0339294,16.392,-1.5839529037475586,8.726079940795898,-16.39231300354004,0.03999499976634979,-0.04809189960360527,0.3243354260921478,1
274,1776962026.9865503,1776962027.039828,/home/sylva0/on_board/logs/images/0000000274.jpg,36.1772971,-78.0339296,16.17,-1.3698453903198242,8.713727951049805,-16.170682907104492,-0.015513524413108826,-0.16644257307052612,0.3638859689235687,1
275,1776962027.9947162,1776962028.0529714,/home/sylva0/on_board/logs/images/0000000275.jpg,36.177297,-78.0339286,16.061,-1.3833227157592773,8.798032760620117,-16.061614990234375,-0.015052380040287971,-0.11846098303794861,0.30029916763305664,1
276,1776962028.9777405,1776962029.016141,/home/sylva0/on_board/logs/images/0000000276.jpg,36.1773015,-78.0339274,16.233,-0.8901700973510742,8.910871505737305,-16.233261108398438,-0.01167201530188322,-0.06683949381113052,0.29883962869644165,1
277,1776962029.9889746,1776962030.0355427,/home/sylva0/on_board/logs/images/0000000277.jpg,36.1773028,-78.0339265,16.414,-0.7390432357788086,8.992486953735352,-16.41455078125,0.0006863316521048546,-0.12677860260009766,0.27709633111953735,1
278,1776962030.999041,1776962031.0526748,/home/sylva0/on_board/logs/images/0000000278.jpg,36.1773034,-78.0339261,16.443,-0.6712141036987305,9.023542404174805,-16.443710327148438,-0.008704711683094501,-0.13304367661476135,0.2636726498603821,1
279,1776962032.0071168,1776962032.064631,/home/sylva0/on_board/logs/images/0000000279.jpg,36.1773072,-78.033924,16.377,-0.24971389770507812,9.216608047485352,-16.37795066833496,-0.02018740586936474,-0.10327659547328949,0.2600477337837219,1
280,1776962032.9922779,1776962033.0297766,/home/sylva0/on_board/logs/images/0000000280.jpg,36.1773131,-78.0339249,16.316,0.4091463088989258,9.136007308959961,-16.316076278686523,0.01892438717186451,-0.11235824227333069,0.32162076234817505,1
281,1776962033.9998913,1776962034.042766,/home/sylva0/on_board/logs/images/0000000281.jpg,36.1773174,-78.0339235,16.406,0.8859262466430664,9.257308959960938,-16.406984329223633,0.004937618970870972,-0.10802845656871796,0.3011349141597748,1
282,1776962035.0242503,1776962035.0871048,/home/sylva0/on_board/logs/images/0000000282.jpg,36.1773183,-78.0339229,16.319,0.9899501800537109,9.313138961791992,-16.31976318359375,0.04418022930622101,-0.12262292206287384,0.2828391194343567,1
283,1776962036.0111294,1776962036.0586872,/home/sylva0/on_board/logs/images/0000000283.jpg,36.1773179,-78.0339213,16.281,0.9433860778808594,9.460832595825195,-16.28135108947754,0.027206560596823692,-0.11275717616081238,0.2522674798965454,1
284,1776962037.021184,1776962037.0757027,/home/sylva0/on_board/logs/images/0000000284.jpg,36.1773175,-78.0339215,16.338,0.8916034698486328,9.440299987792969,-16.338003158569336,0.026496825739741325,-0.14316247403621674,0.3000287115573883,1
285,1776962038.028677,1776962038.0884883,/home/sylva0/on_board/logs/images/0000000285.jpg,36.1773187,-78.0339195,16.281,1.0257549285888672,9.615076065063477,-16.281230926513672,-0.02122269943356514,-0.11900337040424347,0.28818121552467346,1
286,1776962039.0165858,1776962039.0585008,/home/sylva0/on_board/logs/images/0000000286.jpg,36.1773217,-78.033917,16.129,1.365910530090332,9.846237182617188,-16.129268646240234,-0.011272489093244076,-0.1108347624540329,0.25745049118995667,1
287,1776962040.0269237,1776962040.0771582,/home/sylva0/on_board/logs/images/0000000287.jpg,36.1773262,-78.0339156,16.061,1.8655509948730469,9.973962783813477,-16.06173324584961,-0.01688232645392418,-0.13284245133399963,0.34620553255081177,1
288,1776962041.0428333,1776962041.1053398,/home/sylva0/on_board/logs/images/0000000288.jpg,36.177331,-78.0339188,16.073,2.27042293548584,9.775609970092773,-16.107284545898438,0.08992088586091995,-0.1237259954214096,0.217607781291008,1
289,1776962042.0229907,1776962042.0669744,/home/sylva0/on_board/logs/images/0000000289.jpg,36.1773356,-78.0339216,15.876,2.9065027236938477,9.428642272949219,-15.876409530639648,0.09070424735546112,-0.09324753284454346,-0.09529358148574829,1
290,1776962043.0327196,1776962043.0831401,/home/sylva0/on_board/logs/images/0000000290.jpg,36.1773422,-78.0339242,16.247,3.644442558288574,9.199594497680664,-16.24749183654785,-0.014009056612849236,-0.029038840904831886,-1.2375478744506836,1
291,1776962044.04183,1776962044.097331,/home/sylva0/on_board/logs/images/0000000291.jpg,36.1773461,-78.0339323,16.451,4.075590133666992,8.470178604125977,-16.4512882232666,-0.007412050385028124,0.02008863165974617,-1.3475302457809448,1
292,1776962045.0263553,1776962045.0658758,/home/sylva0/on_board/logs/images/0000000292.jpg,36.1773462,-78.0339397,16.496,4.093097686767578,7.802824020385742,-16.496463775634766,0.06768172979354858,0.02121354267001152,-1.1173664331436157,1
293,1776962046.0399203,1776962046.0895538,/home/sylva0/on_board/logs/images/0000000293.jpg,36.1773435,-78.0339489,16.427,3.792417526245117,6.979560852050781,-16.427104949951172,0.1197158619761467,0.027446631342172623,-1.249045491218567,1
294,1776962047.0494566,1776962047.1083727,/home/sylva0/on_board/logs/images/0000000294.jpg,36.1773427,-78.0339536,16.405,3.6976022720336914,6.556396484375,-16.405094146728516,0.09936714917421341,0.09471051394939423,-1.230926752090454,1
295,1776962048.0350647,1776962048.07659,/home/sylva0/on_board/logs/images/0000000295.jpg,36.1773409,-78.0339548,16.392,3.4985227584838867,6.444063186645508,-16.39244270324707,0.10200082510709763,0.0712859034538269,-1.2235090732574463,1
296,1776962049.0437994,1776962049.092604,/home/sylva0/on_board/logs/images/0000000296.jpg,36.1773371,-78.0339559,16.348,3.074164390563965,6.346891403198242,-16.348487854003906,0.1197369173169136,0.06857024133205414,-1.1930180788040161,1
297,1776962050.0516894,1776962050.1055214,/home/sylva0/on_board/logs/images/0000000297.jpg,36.1773354,-78.0339569,16.298,2.8835363388061523,6.2547149658203125,-16.298641204833984,0.11716880649328232,0.09139096736907959,-1.20066499710083,1
298,1776962051.0746,1776962051.1458764,/home/sylva0/on_board/logs/images/0000000298.jpg,36.1773351,-78.0339563,16.483,2.852938652038574,6.315996170043945,-16.487281799316406,0.12561023235321045,0.04698262736201286,-1.1992331743240356,1
299,1776962052.0565066,1776962052.105675,/home/sylva0/on_board/logs/images/0000000299.jpg,36.1773365,-78.0339553,16.572,3.0183401107788086,6.399030685424805,-16.57391357421875,0.09666837751865387,0.029013853520154953,-1.2097923755645752,1
300,1776962053.0664394,1776962053.1218038,/home/sylva0/on_board/logs/images/0000000300.jpg,36.1773406,-78.033955,16.477,3.4720458984375,6.430614471435547,-16.477468490600586,0.08646886795759201,0.03918085992336273,-1.2942864894866943,1
301,1776962054.0763597,1776962054.1392267,/home/sylva0/on_board/logs/images/0000000301.jpg,36.1773452,-78.0339533,16.518,3.976595878601074,6.578666687011719,-16.518373489379883,0.018937380984425545,-0.022013399749994278,-1.278944492340088,1
302,1776962055.0573428,1776962055.1004262,/home/sylva0/on_board/logs/images/0000000302.jpg,36.1773452,-78.0339558,16.557,3.9778642654418945,6.357166290283203,-16.5576114654541,0.10649644583463669,-0.022339748218655586,-1.195862054824829,1
303,1776962056.0661871,1776962056.1151857,/home/sylva0/on_board/logs/images/0000000303.jpg,36.1773461,-78.0339561,16.48,4.076112747192383,6.330299377441406,-16.480533599853516,0.09590382128953934,-0.05318068712949753,-1.244889497756958,1
304,1776962057.0944529,1776962057.1670635,/home/sylva0/on_board/logs/images/0000000304.jpg,36.1773485,-78.0339575,16.503,4.351981163024902,6.201208114624023,-16.503293991088867,0.08334663510322571,-0.06380248069763184,-1.279360294342041,1
305,1776962058.0786464,1776962058.131442,/home/sylva0/on_board/logs/images/0000000305.jpg,36.1773501,-78.0339614,16.456,4.524467468261719,5.850627899169922,-16.45677375793457,0.09157752245664597,-0.06327450275421143,-1.3325793743133545,1
306,1776962059.0868936,1776962059.146251,/home/sylva0/on_board/logs/images/0000000306.jpg,36.1773517,-78.0339651,16.147,4.70506477355957,5.518537521362305,-16.14776039123535,0.06803975254297256,-0.048317186534404755,-1.2921509742736816,1
307,1776962060.072381,1776962060.1151001,/home/sylva0/on_board/logs/images/0000000307.jpg,36.17735,-78.0339676,16.064,4.511455535888672,5.301483154296875,-16.064434051513672,0.10492801666259766,-0.05199400335550308,-1.2476027011871338,1
308,1776962061.0799599,1776962061.1278021,/home/sylva0/on_board/logs/images/0000000308.jpg,36.1773502,-78.0339694,16.027,4.537618637084961,5.137907028198242,-16.02786636352539,0.08553202450275421,-0.02267475612461567,-1.2403334379196167,1
309,1776962062.088913,1776962062.1412606,/home/sylva0/on_board/logs/images/0000000309.jpg,36.1773512,-78.0339704,15.972,4.646770477294922,5.04557991027832,-15.97218132019043,0.06555339694023132,-0.019767990335822105,-1.2706456184387207,1
310,1776962063.0981612,1776962063.1563737,/home/sylva0/on_board/logs/images/0000000310.jpg,36.1773535,-78.0339754,16.098,4.899805068969727,4.591653823852539,-16.0987606048584,0.061653390526771545,-0.04909814894199371,-1.3887550830841064,1
311,1776962064.081871,1776962064.1233575,/home/sylva0/on_board/logs/images/0000000311.jpg,36.1773516,-78.033978,16.148,4.69326114654541,4.36515998840332,-16.148147583007812,0.10628826916217804,-0.06406961381435394,-1.3341665267944336,1
312,1776962065.0902214,1776962065.13881,/home/sylva0/on_board/logs/images/0000000312.jpg,36.1773505,-78.03398,16.214,4.57084846496582,4.182586669921875,-16.214548110961914,0.10704173147678375,-0.024060828611254692,-1.2247487306594849,1
313,1776962066.1025152,1776962066.1577625,/home/sylva0/on_board/logs/images/0000000313.jpg,36.1773506,-78.0339829,16.204,4.582418441772461,3.916240692138672,-16.206363677978516,0.1312251091003418,-0.006297679618000984,-1.2096288204193115,1
314,1776962067.1111522,1776962067.1699877,/home/sylva0/on_board/logs/images/0000000314.jpg,36.1773522,-78.0339834,16.19,4.762656211853027,3.878507614135742,-16.19045639038086,0.11232243478298187,-0.0001995321363210678,-1.1943124532699585,1
315,1776962068.098252,1776962068.141593,/home/sylva0/on_board/logs/images/0000000315.jpg,36.1773545,-78.0339856,16.151,5.013849258422852,3.683195114135742,-16.15119171142578,0.09524346143007278,-0.02886027842760086,-1.2592880725860596,1
316,1776962069.1133008,1776962069.167547,/home/sylva0/on_board/logs/images/0000000316.jpg,36.1773572,-78.0339905,16.198,5.310508728027344,3.2426795959472656,-16.198272705078125,0.08442199975252151,0.005203768610954285,-1.2184021472930908,1
317,1776962070.1245317,1776962070.183967,/home/sylva0/on_board/logs/images/0000000317.jpg,36.1773584,-78.0339953,16.289,5.444907188415527,2.8098506927490234,-16.28929901123047,0.07145364582538605,0.0086333267390728,-1.2736704349517822,1
318,1776962071.1075118,1776962071.1488857,/home/sylva0/on_board/logs/images/0000000318.jpg,36.1773565,-78.0339997,16.232,5.232586860656738,2.4167098999023438,-16.232742309570312,-0.027669019997119904,-0.002998465672135353,-2.64389967918396,1
319,1776962072.1166775,1776962072.164871,/home/sylva0/on_board/logs/images/0000000319.jpg,36.1773511,-78.0340041,16.188,4.626768112182617,2.0056838989257812,-16.18360137939453,-0.06067561358213425,-0.03271547704935074,3.0946266651153564,1
320,1776962073.1378276,1776962073.2034237,/home/sylva0/on_board/logs/images/0000000320.jpg,36.1773417,-78.0340088,16.047,3.585803985595703,1.5967140197753906,-16.047842025756836,-0.10920137912034988,0.05198115482926369,-3.0765461921691895,1
321,1776962074.127828,1776962074.1809194,/home/sylva0/on_board/logs/images/0000000321.jpg,36.1773325,-78.0340088,16.114,2.552553176879883,1.5980720520019531,-16.115652084350586,-0.017200740054249763,0.04451129212975502,-2.9193007946014404,1
322,1776962075.1349285,1776962075.192176,/home/sylva0/on_board/logs/images/0000000322.jpg,36.1773217,-78.0340097,16.154,1.3652706146240234,1.5183086395263672,-16.154130935668945,0.007478576153516769,0.06900814175605774,-2.9131765365600586,1
323,1776962076.1198869,1776962076.1584136,/home/sylva0/on_board/logs/images/0000000323.jpg,36.1773132,-78.034014,16.204,0.4194793701171875,1.1304759979248047,-16.20460319519043,0.0012244759127497673,0.05865442380309105,-2.8420162200927734,1
324,1776962077.1283917,1776962077.1737516,/home/sylva0/on_board/logs/images/0000000324.jpg,36.1773058,-78.0340181,16.341,-0.40529918670654297,0.7583122253417969,-16.341360092163086,-0.023163460195064545,0.0947529524564743,-2.8188228607177734,1
325,1776962078.1419716,1776962078.1989639,/home/sylva0/on_board/logs/images/0000000325.jpg,36.1772979,-78.0340231,16.314,-1.286208152770996,0.31157684326171875,-16.314727783203125,-0.003962531685829163,0.07211141288280487,-2.836055040359497,1
326,1776962079.129623,1776962079.1707,/home/sylva0/on_board/logs/images/0000000326.jpg,36.1772929,-78.0340252,16.135,-1.8471651077270508,0.12182807922363281,-16.135417938232422,0.00963686779141426,0.01212778314948082,-2.8881020545959473,1
327,1776962080.1413715,1776962080.188301,/home/sylva0/on_board/logs/images/0000000327.jpg,36.1772846,-78.0340267,16.09,-2.766364097595215,-0.014492034912109375,-16.090839385986328,0.03883713483810425,0.04353300854563713,-2.8397927284240723,1
328,1776962081.1503186,1776962081.202483,/home/sylva0/on_board/logs/images/0000000328.jpg,36.1772784,-78.0340309,16.106,-3.458359718322754,-0.39501953125,-16.106740951538086,-0.00747727369889617,0.07270786166191101,-2.8383395671844482,1
329,1776962082.1597025,1776962082.2178297,/home/sylva0/on_board/logs/images/0000000329.jpg,36.1772689,-78.0340354,16.02,-4.511109352111816,-0.7929277420043945,-16.020313262939453,0.029581556096673012,0.05252224579453468,-2.854419469833374,1
330,1776962083.14542,1776962083.184183,/home/sylva0/on_board/logs/images/0000000330.jpg,36.1772601,-78.0340412,16.005,-5.498824119567871,-1.3203544616699219,-16.005056381225586,-0.04762625694274902,0.08318479359149933,-2.8261642456054688,1
331,1776962084.1635823,1776962084.2179334,/home/sylva0/on_board/logs/images/0000000331.jpg,36.1772532,-78.0340435,15.972,-6.264220237731934,-1.5246286392211914,-15.972818374633789,-0.0012620128691196442,0.019565708935260773,-2.8014731407165527,1
332,1776962085.1718066,1776962085.231039,/home/sylva0/on_board/logs/images/0000000332.jpg,36.1772459,-78.0340459,16.097,-7.069252967834473,-1.7406282424926758,-16.097415924072266,0.0322830006480217,0.07705481350421906,-2.8178772926330566,1
333,1776962086.1558206,1776962086.1970873,/home/sylva0/on_board/logs/images/0000000333.jpg,36.1772356,-78.03405,16.173,-8.225714683532715,-2.1056013107299805,-16.173978805541992,0.01792076602578163,0.06990215182304382,-2.8275399208068848,1
334,1776962087.1665316,1776962087.2144632,/home/sylva0/on_board/logs/images/0000000334.jpg,36.1772266,-78.0340542,16.167,-9.226387977600098,-2.4828338623046875,-16.167415618896484,0.03908373415470123,0.11916778981685638,-2.9658823013305664,1
335,1776962088.172635,1776962088.2250643,/home/sylva0/on_board/logs/images/0000000335.jpg,36.1772199,-78.0340613,15.904,-9.970086097717285,-3.124359130859375,-15.904308319091797,-0.09585534781217575,0.02655532956123352,-2.976536989212036,1
336,1776962089.1929936,1776962089.2645726,/home/sylva0/on_board/logs/images/0000000336.jpg,36.1772099,-78.0340656,15.922,-11.082215309143066,-3.5090646743774414,-15.922052383422852,-0.1279171258211136,0.13187913596630096,-2.841320514678955,1
337,1776962090.1737266,1776962090.2251184,/home/sylva0/on_board/logs/images/0000000337.jpg,36.1772043,-78.0340692,15.956,-11.709193229675293,-3.836531639099121,-15.956653594970703,-0.12131266295909882,0.12083615362644196,-2.86893367767334,1
338,1776962091.182336,1776962091.2386017,/home/sylva0/on_board/logs/images/0000000338.jpg,36.1771941,-78.0340699,15.996,-12.837946891784668,-3.8908958435058594,-15.99650764465332,-0.07367265224456787,0.11506740748882294,-2.950953960418701,1
339,1776962092.1655242,1776962092.2034895,/home/sylva0/on_board/logs/images/0000000339.jpg,36.1771841,-78.0340703,16.073,-13.957489967346191,-3.929098129272461,-16.073091506958008,-0.06291215866804123,0.14829860627651215,-2.8576552867889404,1
340,1776962093.1751647,1776962093.2223005,/home/sylva0/on_board/logs/images/0000000340.jpg,36.1771743,-78.0340708,16.242,-15.045855522155762,-3.976470947265625,-16.24264907836914,-0.03250344842672348,0.1167912632226944,-2.8633975982666016,1
341,1776962094.1820545,1776962094.2356591,/home/sylva0/on_board/logs/images/0000000341.jpg,36.1771675,-78.0340733,16.315,-15.805022239685059,-4.203765869140625,-16.315975189208984,-0.03810512647032738,0.12069889903068542,-2.8726308345794678,1
342,1776962095.1913273,1776962095.2497418,/home/sylva0/on_board/logs/images/0000000342.jpg,36.1771573,-78.034077,16.469,-16.938304901123047,-4.535222053527832,-16.469078063964844,-0.020785346627235413,0.11413402855396271,-2.8184006214141846,1
343,1776962096.1773276,1776962096.216561,/home/sylva0/on_board/logs/images/0000000343.jpg,36.1771492,-78.0340829,16.379,-17.838760375976562,-5.064409255981445,-16.379968643188477,-0.0509205088019371,0.06861555576324463,-2.83632755279541,1
344,1776962097.1865547,1776962097.2349517,/home/sylva0/on_board/logs/images/0000000344.jpg,36.1771447,-78.0340894,16.459,-18.341381072998047,-5.643335342407227,-16.459047317504883,-0.09248346835374832,0.055664923042058945,-2.811279535293579,1
345,1776962098.1933851,1776962098.2462697,/home/sylva0/on_board/logs/images/0000000345.jpg,36.1771365,-78.0340933,16.408,-19.257598876953125,-5.996040344238281,-16.408771514892578,-0.09142608940601349,0.03908033296465874,-2.841756582260132,1
346,1776962099.202229,1776962099.262673,/home/sylva0/on_board/logs/images/0000000346.jpg,36.177126,-78.0340927,16.323,-20.422706604003906,-5.941444396972656,-16.323081970214844,-0.044326722621917725,0.1025305688381195,-2.862619400024414,1
347,1776962100.1861987,1776962100.2271287,/home/sylva0/on_board/logs/images/0000000347.jpg,36.1771161,-78.0340962,16.47,-21.52410125732422,-6.256023406982422,-16.470699310302734,-0.05918753892183304,0.12718358635902405,-2.739072799682617,1
348,1776962101.1941576,1776962101.2425277,/home/sylva0/on_board/logs/images/0000000348.jpg,36.1771107,-78.034102,16.424,-22.12078094482422,-6.776198387145996,-16.42481231689453,-0.07685890048742294,0.043270889669656754,-2.8266279697418213,1
349,1776962102.2077153,1776962102.2646031,/home/sylva0/on_board/logs/images/0000000349.jpg,36.1771027,-78.0341057,16.2,-23.013092041015625,-7.108734130859375,-16.200916290283203,-0.09727362543344498,0.05396418645977974,-2.875922203063965,1
350,1776962103.2142792,1776962103.2743003,/home/sylva0/on_board/logs/images/0000000350.jpg,36.1770911,-78.0341085,16.123,-24.303810119628906,-7.364358901977539,-16.123090744018555,-0.027089929208159447,0.11068375408649445,-2.764035940170288,1
351,1776962104.1992085,1776962104.2419436,/home/sylva0/on_board/logs/images/0000000351.jpg,36.1770838,-78.0341101,16.184,-24.901363372802734,-7.5281195640563965,-16.179569244384766,-0.030989142134785652,0.07576504349708557,-2.7750179767608643,1
352,1776962105.21547,1776962105.2686353,/home/sylva0/on_board/logs/images/0000000352.jpg,36.1770769,-78.034109,16.083,-25.890880584716797,-7.404776573181152,-16.08306884765625,0.04727880656719208,0.11528484523296356,-2.833735942840576,1
353,1776962106.2254074,1776962106.2872384,/home/sylva0/on_board/logs/images/0000000353.jpg,36.1770693,-78.0341128,16.012,-26.729034423828125,-7.753692150115967,-16.012638092041016,0.0099590253084898,0.09468181431293488,-2.7858762741088867,1
354,1776962107.2075076,1776962107.2502747,/home/sylva0/on_board/logs/images/0000000354.jpg,36.1770632,-78.0341193,15.951,-27.412776947021484,-8.333356857299805,-15.951780319213867,-0.030222687870264053,0.08298192918300629,-2.8339266777038574,1
355,1776962108.2182684,1776962108.2694054,/home/sylva0/on_board/logs/images/0000000355.jpg,36.1770549,-78.0341257,16.042,-28.333831787109375,-8.905866622924805,-16.042024612426758,-0.06090403348207474,0.07962138950824738,-2.835344076156616,1
356,1776962109.2278552,1776962109.2834063,/home/sylva0/on_board/logs/images/0000000356.jpg,36.1770496,-78.0341311,15.85,-28.929367065429688,-9.393178939819336,-15.850740432739258,-0.07675281167030334,0.0793125182390213,-2.8338088989257812,1
357,1776962110.2255173,1776962110.2756944,/home/sylva0/on_board/logs/images/0000000357.jpg,36.1770399,-78.0341308,15.814,-30.006214141845703,-9.368362426757812,-15.814741134643555,-0.013033758848905563,0.11380082368850708,-2.885838747024536,1
358,1776962111.2378902,1776962111.2993314,/home/sylva0/on_board/logs/images/0000000358.jpg,36.1770273,-78.03413,16.084,-31.409709930419922,-9.299531936645508,-16.08445930480957,0.025920579209923744,0.09708912670612335,-2.7758302688598633,1
359,1776962112.2211144,1776962112.26232,/home/sylva0/on_board/logs/images/0000000359.jpg,36.1770178,-78.0341353,16.36,-32.46135711669922,-9.769584655761719,-16.36087989807129,-0.03199685364961624,0.13595914840698242,-2.806325674057007,1
360,1776962113.2332428,1776962113.2836442,/home/sylva0/on_board/logs/images/0000000360.jpg,36.1770156,-78.0341414,16.365,-32.71173095703125,-10.323959350585938,-16.36586570739746,-0.10430676490068436,0.06167363002896309,-2.7803587913513184,1
361,1776962114.2378588,1776962114.2924697,/home/sylva0/on_board/logs/images/0000000361.jpg,36.1770083,-78.0341455,16.375,-33.52840805053711,-10.685050010681152,-16.375450134277344,-0.06817720085382462,0.06791576743125916,-2.860837936401367,1
362,1776962115.2226527,1776962115.2605166,/home/sylva0/on_board/logs/images/0000000362.jpg,36.1769978,-78.0341476,16.208,-34.69105529785156,-10.8764066696167,-16.208816528320312,-0.03129515051841736,0.10996222496032715,-2.8738183975219727,1
363,1776962116.241296,1776962116.2940466,/home/sylva0/on_board/logs/images/0000000363.jpg,36.1769875,-78.0341468,16.262,-35.84224319458008,-10.804067611694336,-16.262475967407227,0.04040127247571945,0.08106136322021484,-2.846547842025757,1
364,1776962117.2508988,1776962117.307638,/home/sylva0/on_board/logs/images/0000000364.jpg,36.1769797,-78.0341512,16.327,-36.711448669433594,-11.198503494262695,-16.327651977539062,-0.0426107682287693,0.041415195912122726,-2.8121442794799805,1
365,1776962118.2342572,1776962118.2722957,/home/sylva0/on_board/logs/images/0000000365.jpg,36.1769724,-78.0341541,16.347,-37.51445770263672,-11.464208602905273,-16.347213745117188,-0.014827359467744827,0.06444209814071655,-2.849060535430908,1
366,1776962119.2443004,1776962119.2877808,/home/sylva0/on_board/logs/images/0000000366.jpg,36.1769635,-78.0341576,16.165,-38.5112419128418,-11.775177955627441,-16.16542625427246,-0.07091157883405685,-0.0042133629322052,-2.8013439178466797,1
367,1776962120.2529082,1776962120.304885,/home/sylva0/on_board/logs/images/0000000367.jpg,36.1769548,-78.0341615,16.095,-39.47469711303711,-12.123908042907715,-16.095666885375977,-0.06216958910226822,0.06927965581417084,-2.886803150177002,1
368,1776962121.2670655,1776962121.3302548,/home/sylva0/on_board/logs/images/0000000368.jpg,36.1769478,-78.0341656,15.992,-40.253021240234375,-12.498461723327637,-15.992803573608398,-0.08231254667043686,0.022071324288845062,-2.9277737140655518,1
369,1776962122.266767,1776962122.3281677,/home/sylva0/on_board/logs/images/0000000369.jpg,36.1769396,-78.0341695,16.028,-41.1671028137207,-12.840920448303223,-16.028770446777344,-0.054462939500808716,0.0646783858537674,-2.841548204421997,1
370,1776962123.2530148,1776962123.2989244,/home/sylva0/on_board/logs/images/0000000370.jpg,36.1769278,-78.0341703,16.347,-42.481300354003906,-12.91723918914795,-16.347225189208984,0.013538630679249763,0.0493081770837307,-2.695661783218384,1
371,1776962124.2614887,1776962124.3134196,/home/sylva0/on_board/logs/images/0000000371.jpg,36.1769177,-78.03417,16.535,-43.606319427490234,-12.885357856750488,-16.53529167175293,0.14736707508563995,0.09715065360069275,-2.7575294971466064,1
372,1776962125.271163,1776962125.328413,/home/sylva0/on_board/logs/images/0000000372.jpg,36.1769126,-78.0341727,16.316,-44.18130874633789,-13.129661560058594,-16.316129684448242,0.024863475933670998,0.04578964784741402,-2.8544936180114746,1
373,1776962126.257684,1776962126.298534,/home/sylva0/on_board/logs/images/0000000373.jpg,36.1769106,-78.0341799,16.046,-44.39466857910156,-13.777271270751953,-16.046123504638672,-0.09349595010280609,0.0657937228679657,-2.796318292617798,1
374,1776962127.2655814,1776962127.310879,/home/sylva0/on_board/logs/images/0000000374.jpg,36.1769098,-78.034185,15.944,-44.48900604248047,-14.234367370605469,-15.94488525390625,0.029802804812788963,0.09084276854991913,-1.97238290309906,1
375,1776962128.2758515,1776962128.3272674,/home/sylva0/on_board/logs/images/0000000375.jpg,36.1769053,-78.0341912,16.062,-44.98772048950195,-14.79361343383789,-16.062074661254883,0.1604297012090683,-0.15685206651687622,-0.9561347961425781,1
376,1776962129.2842336,1776962129.3422348,/home/sylva0/on_board/logs/images/0000000376.jpg,36.1769076,-78.0342116,16.407,-44.731040954589844,-16.63811492919922,-16.40707015991211,0.2552000880241394,0.06299607455730438,-1.1722064018249512,1
377,1776962130.2685921,1776962130.3069646,/home/sylva0/on_board/logs/images/0000000377.jpg,36.1769144,-78.0342163,16.488,-43.974117279052734,-17.062854766845703,-16.488401412963867,0.08917644619941711,0.03357655927538872,-1.0785733461380005,1
378,1776962131.278883,1776962131.3222516,/home/sylva0/on_board/logs/images/0000000378.jpg,36.1769196,-78.0342236,16.495,-43.40104675292969,-17.71553611755371,-16.49578857421875,0.05239684879779816,0.028429172933101654,-1.0892269611358643,1
379,1776962132.2906027,1776962132.3408437,/home/sylva0/on_board/logs/images/0000000379.jpg,36.1769216,-78.0342313,16.386,-43.179176330566406,-18.40345001220703,-16.386873245239258,0.10534580796957016,0.018509946763515472,-1.0548222064971924,1
380,1776962133.3067446,1776962133.3683767,/home/sylva0/on_board/logs/images/0000000380.jpg,36.1769215,-78.0342398,16.323,-43.18110656738281,-19.16692352294922,-16.323158264160156,0.12471040338277817,0.04676428064703941,-1.139566421508789,1
381,1776962134.2915606,1776962134.338082,/home/sylva0/on_board/logs/images/0000000381.jpg,36.1769186,-78.0342426,16.269,-43.505733489990234,-19.418441772460938,-16.269855499267578,0.19592344760894775,-0.02600390836596489,-1.1094573736190796,1
382,1776962135.30034,1776962135.3514411,/home/sylva0/on_board/logs/images/0000000382.jpg,36.1769157,-78.0342428,16.192,-43.83448791503906,-19.439077377319336,-16.19061851501465,0.20607350766658783,-0.03572407364845276,-1.1208256483078003,1
383,1776962136.3094006,1776962136.366553,/home/sylva0/on_board/logs/images/0000000383.jpg,36.1769187,-78.0342417,16.027,-43.50047302246094,-19.343660354614258,-16.027984619140625,0.1370072215795517,-0.039834994822740555,-1.1253283023834229,1
384,1776962137.2937512,1776962137.3299756,/home/sylva0/on_board/logs/images/0000000384.jpg,36.1769206,-78.0342466,16.221,-43.291690826416016,-19.7823486328125,-16.22126579284668,0.16682618856430054,-0.010219785384833813,-1.1315661668777466,1
385,1776962138.3093514,1776962138.3573298,/home/sylva0/on_board/logs/images/0000000385.jpg,36.1769237,-78.0342532,16.16,-42.938232421875,-20.37810516357422,-16.16074562072754,0.13282731175422668,-0.009015638381242752,-1.14400053024292,1
386,1776962139.3232636,1776962139.3796601,/home/sylva0/on_board/logs/images/0000000386.jpg,36.1769251,-78.0342567,16.023,-42.781429290771484,-20.685596466064453,-16.023725509643555,0.2141747772693634,0.0097213014960289,-0.8517383337020874,1
387,1776962140.3076658,1776962140.3471098,/home/sylva0/on_board/logs/images/0000000387.jpg,36.176925,-78.0342547,15.866,-42.79367446899414,-20.512144088745117,-15.86646842956543,0.015299409627914429,-0.1305784434080124,0.17249131202697754,1
388,1776962141.3146145,1776962141.35939,/home/sylva0/on_board/logs/images/0000000388.jpg,36.176924,-78.0342576,16.027,-42.90365219116211,-20.771894454956055,-16.027463912963867,0.0020341556519269943,-0.2442653775215149,0.3961007297039032,1
389,1776962142.322635,1776962142.3730974,/home/sylva0/on_board/logs/images/0000000389.jpg,36.1769286,-78.0342612,16.086,-42.40113067626953,-21.09194564819336,-16.086397171020508,0.05308482050895691,-0.22518378496170044,0.3233601450920105,1
390,1776962143.3336766,1776962143.3919084,/home/sylva0/on_board/logs/images/0000000390.jpg,36.1769346,-78.0342582,16.114,-41.72951126098633,-20.823772430419922,-16.114946365356445,0.004267089068889618,-0.20354002714157104,0.374632865190506,1
391,1776962144.3271394,1776962144.378412,/home/sylva0/on_board/logs/images/0000000391.jpg,36.1769433,-78.0342538,16.318,-40.75466537475586,-20.432043075561523,-16.318960189819336,0.019325947389006615,-0.18834374845027924,0.3704466223716736,1
392,1776962145.315408,1776962145.354688,/home/sylva0/on_board/logs/images/0000000392.jpg,36.1769493,-78.0342482,16.385,-40.09379577636719,-19.92930793762207,-16.38532066345215,-0.031429193913936615,-0.14841428399085999,0.35501524806022644,1
393,1776962146.324666,1776962146.370614,/home/sylva0/on_board/logs/images/0000000393.jpg,36.1769597,-78.0342442,16.332,-38.934635162353516,-19.567087173461914,-16.332298278808594,0.03070584498345852,-0.19124984741210938,0.32134073972702026,1
394,1776962147.3324273,1776962147.3851948,/home/sylva0/on_board/logs/images/0000000394.jpg,36.1769653,-78.0342437,16.189,-38.30950164794922,-19.51751708984375,-16.189064025878906,-0.0017612827941775322,-0.1683529019355774,0.2925076186656952,1
395,1776962148.3400464,1776962148.400137,/home/sylva0/on_board/logs/images/0000000395.jpg,36.1769724,-78.0342443,16.162,-37.52030563354492,-19.571582794189453,-16.162025451660156,0.04999957233667374,-0.16825313866138458,0.3142029345035553,1
396,1776962149.327013,1776962149.3691647,/home/sylva0/on_board/logs/images/0000000396.jpg,36.1769772,-78.0342426,16.182,-36.980899810791016,-19.418437957763672,-16.182161331176758,0.03060622699558735,-0.18299323320388794,0.31186366081237793,1
397,1776962150.3373055,1776962150.3854635,/home/sylva0/on_board/logs/images/0000000397.jpg,36.1769823,-78.0342411,16.146,-36.413414001464844,-19.284013748168945,-16.146663665771484,0.04929588735103607,-0.17223748564720154,0.2686348855495453,1
398,1776962151.3457162,1776962151.3981838,/home/sylva0/on_board/logs/images/0000000398.jpg,36.1769864,-78.0342393,16.099,-35.96116638183594,-19.12586212158203,-16.099685668945312,0.0003600800409913063,-0.17336606979370117,0.2854677438735962,1
399,1776962152.3537278,1776962152.4133108,/home/sylva0/on_board/logs/images/0000000399.jpg,36.1769923,-78.034234,15.846,-35.306602478027344,-18.65125274658203,-15.846954345703125,0.020075513049960136,-0.14385290443897247,0.22186894714832306,1
400,1776962153.339038,1776962153.3796165,/home/sylva0/on_board/logs/images/0000000400.jpg,36.1769978,-78.0342309,16.069,-34.694541931152344,-18.372055053710938,-16.06911277770996,0.02678578533232212,-0.17540456354618073,0.30752888321876526,1
401,1776962154.347041,1776962154.3949964,/home/sylva0/on_board/logs/images/0000000401.jpg,36.1770064,-78.0342299,16.435,-33.73993682861328,-18.284189224243164,-16.435977935791016,0.04993987828493118,-0.16633561253547668,0.34452497959136963,1
402,1776962155.3701599,1776962155.4410574,/home/sylva0/on_board/logs/images/0000000402.jpg,36.1770141,-78.034228,16.513,-32.87664794921875,-18.113027572631836,-16.513011932373047,0.0445210337638855,-0.1284535527229309,0.30845436453819275,1
403,1776962156.3585486,1776962156.4131393,/home/sylva0/on_board/logs/images/0000000403.jpg,36.1770214,-78.0342229,16.571,-32.065364837646484,-17.64920997619629,-16.571189880371094,-0.02565274015069008,-0.09775927662849426,0.32241541147232056,1
404,1776962157.365727,1776962157.4242644,/home/sylva0/on_board/logs/images/0000000404.jpg,36.1770258,-78.0342217,16.474,-31.575435638427734,-17.542991638183594,-16.474380493164062,0.0439930185675621,-0.11440987884998322,0.31950312852859497,1
405,1776962158.3504086,1776962158.3891542,/home/sylva0/on_board/logs/images/0000000405.jpg,36.17703,-78.0342213,16.457,-31.110286712646484,-17.506662368774414,-16.457775115966797,0.031012533232569695,-0.15244977176189423,0.3596751391887665,1
406,1776962159.3613963,1776962159.4059455,/home/sylva0/on_board/logs/images/0000000406.jpg,36.1770346,-78.034218,16.386,-30.60028839111328,-17.2119083404541,-16.38620376586914,-0.0028252555057406425,-0.15159469842910767,0.34708771109580994,1
407,1776962160.3694491,1776962160.4215496,/home/sylva0/on_board/logs/images/0000000407.jpg,36.1770386,-78.0342155,16.266,-30.153583526611328,-16.988378524780273,-16.2668514251709,-0.03638080507516861,-0.13399896025657654,0.33409422636032104,1
408,1776962161.3784559,1776962161.4371715,/home/sylva0/on_board/logs/images/0000000408.jpg,36.1770419,-78.0342166,16.248,-29.784656524658203,-17.086618423461914,-16.24811363220215,-0.027857212349772453,-0.16600923240184784,0.3708024322986603,1
409,1776962162.3671484,1776962162.4093707,/home/sylva0/on_board/logs/images/0000000409.jpg,36.1770462,-78.0342155,16.261,-29.30077362060547,-16.99104118347168,-16.26156997680664,0.0126449353992939,-0.1530933678150177,0.32120925188064575,1
410,1776962163.3798337,1776962163.4338126,/home/sylva0/on_board/logs/images/0000000410.jpg,36.1770503,-78.0342104,16.126,-28.851482391357422,-16.53188133239746,-16.126895904541016,-0.02901252917945385,-0.11270815134048462,0.29938653111457825,1
411,1776962164.4003117,1776962164.4733098,/home/sylva0/on_board/logs/images/0000000411.jpg,36.1770496,-78.0342093,16.129,-28.92507553100586,-16.43460464477539,-16.1290225982666,-0.01158835832029581,-0.15124526619911194,0.29093849658966064,1
412,1776962165.3881445,1776962165.4470994,/home/sylva0/on_board/logs/images/0000000412.jpg,36.1770547,-78.0342082,16.226,-28.36098861694336,-16.33326530456543,-16.226360321044922,0.011852607131004333,-0.14282800257205963,0.3600268065929413,1
413,1776962166.3874865,1776962166.4449332,/home/sylva0/on_board/logs/images/0000000413.jpg,36.1770584,-78.0342055,16.263,-27.944988250732422,-16.091474533081055,-16.263511657714844,-0.022257927805185318,-0.15659083425998688,0.3358849287033081,1
414,1776962167.3701131,1776962167.4090612,/home/sylva0/on_board/logs/images/0000000414.jpg,36.1770604,-78.0342037,16.256,-27.722946166992188,-15.927626609802246,-16.256263732910156,-0.04097888618707657,-0.15668730437755585,0.3502529263496399,1
415,1776962168.37952,1776962168.4265082,/home/sylva0/on_board/logs/images/0000000415.jpg,36.1770638,-78.0342043,16.199,-27.343883514404297,-15.980741500854492,-16.199962615966797,0.042626745998859406,-0.21390609443187714,0.3349013030529022,1
416,1776962169.3908782,1776962169.4471352,/home/sylva0/on_board/logs/images/0000000416.jpg,36.1770687,-78.0342059,16.275,-26.80170440673828,-16.124713897705078,-16.275131225585938,0.050297655165195465,-0.2250470072031021,0.3737642168998718,1
417,1776962170.3981552,1776962170.4579387,/home/sylva0/on_board/logs/images/0000000417.jpg,36.1770746,-78.0342035,16.159,-26.14017105102539,-15.904736518859863,-16.15921401977539,0.030860958620905876,-0.18663756549358368,0.37943577766418457,1
418,1776962171.381376,1776962171.4217663,/home/sylva0/on_board/logs/images/0000000418.jpg,36.1770785,-78.0341993,16.065,-25.711811065673828,-15.532105445861816,-16.065813064575195,-0.016106074675917625,-0.212834894657135,0.33847206830978394,1
419,1776962172.3908381,1776962172.4388008,/home/sylva0/on_board/logs/images/0000000419.jpg,36.1770797,-78.0341982,15.902,-25.571575164794922,-15.429582595825195,-15.902276992797852,-0.008263347670435905,-0.1845049113035202,0.3087034523487091,1
420,1776962173.39985,1776962173.4550545,/home/sylva0/on_board/logs/images/0000000420.jpg,36.1770803,-78.0341968,15.776,-25.51095199584961,-15.295575141906738,-15.776906967163086,-0.06654655933380127,-0.15885023772716522,0.3761007785797119,1
421,1776962174.4104557,1776962174.4714448,/home/sylva0/on_board/logs/images/0000000421.jpg,36.1770798,-78.0341975,15.803,-25.567035675048828,-15.369540214538574,-15.803115844726562,-0.0029083136469125748,-0.18083006143569946,0.31054526567459106,1
422,1776962175.3942978,1776962175.4365523,/home/sylva0/on_board/logs/images/0000000422.jpg,36.1770828,-78.0341978,16.181,-25.23040008544922,-15.399951934814453,-16.181779861450195,0.015496831387281418,-0.18557099997997284,0.32596948742866516,1
423,1776962176.4033628,1776962176.4490213,/home/sylva0/on_board/logs/images/0000000423.jpg,36.1770876,-78.034194,16.361,-24.693164825439453,-15.04604434967041,-16.361955642700195,-0.03265311196446419,-0.18768945336341858,0.3213658332824707,1
424,1776962177.4159112,1776962177.4703507,/home/sylva0/on_board/logs/images/0000000424.jpg,36.1770917,-78.0341922,16.53,-24.241729736328125,-14.880579948425293,-16.53069496154785,-0.017180820927023888,-0.1860855668783188,0.32936421036720276,1
425,1776962178.422688,1776962178.4813554,/home/sylva0/on_board/logs/images/0000000425.jpg,36.1770947,-78.0341902,16.469,-23.908203125,-14.70733642578125,-16.46980094909668,-0.005582091398537159,-0.17328615486621857,0.3120495676994324,1
426,1776962179.4082265,1776962179.4476628,/home/sylva0/on_board/logs/images/0000000426.jpg,36.1770995,-78.034187,16.472,-23.366291046142578,-14.419032096862793,-16.47210693359375,-0.05846359580755234,-0.1570684313774109,0.3367236852645874,1
427,1776962180.4174235,1776962180.4639277,/home/sylva0/on_board/logs/images/0000000427.jpg,36.1771027,-78.0341852,16.351,-23.015026092529297,-14.254317283630371,-16.35198402404785,-0.042967699468135834,-0.15074916183948517,0.35698023438453674,1
428,1776962181.4264264,1776962181.4789295,/home/sylva0/on_board/logs/images/0000000428.jpg,36.1771098,-78.034188,16.176,-22.222209930419922,-14.51149845123291,-16.17670440673828,0.05861687660217285,-0.13799569010734558,0.2921578288078308,1
429,1776962182.4366307,1776962182.496917,/home/sylva0/on_board/logs/images/0000000429.jpg,36.1771151,-78.0341836,16.38,-21.639034271240234,-14.107379913330078,-16.380138397216797,-0.04118283838033676,-0.1631242334842682,0.3297252655029297,1
430,1776962183.420072,1776962183.4578204,/home/sylva0/on_board/logs/images/0000000430.jpg,36.1771193,-78.0341816,16.278,-21.164344787597656,-13.933566093444824,-16.278545379638672,-0.026389680802822113,-0.13307364284992218,0.341903954744339,1
431,1776962184.4289155,1776962184.4751394,/home/sylva0/on_board/logs/images/0000000431.jpg,36.1771266,-78.0341809,16.131,-20.35584259033203,-13.867557525634766,-16.131086349487305,0.013228701427578926,-0.1600971817970276,0.328651487827301,1
432,1776962185.4354534,1776962185.4873867,/home/sylva0/on_board/logs/images/0000000432.jpg,36.1771329,-78.0341791,16.161,-19.656612396240234,-13.706806182861328,-16.161779403686523,0.03149852156639099,-0.1502746194601059,0.3287696838378906,1
433,1776962186.4440427,1776962186.5014012,/home/sylva0/on_board/logs/images/0000000433.jpg,36.177137,-78.0341754,16.155,-19.193115234375,-13.376873016357422,-16.15596580505371,0.0057360026985406876,-0.20004060864448547,0.33065009117126465,1
434,1776962187.42879,1776962187.4704118,/home/sylva0/on_board/logs/images/0000000434.jpg,36.1771422,-78.0341717,16.176,-18.622676849365234,-13.042515754699707,-16.176990509033203,0.012314274907112122,-0.19035224616527557,0.28807052969932556,1
435,1776962188.4388707,1776962188.4892905,/home/sylva0/on_board/logs/images/0000000435.jpg,36.1771472,-78.0341689,16.133,-18.06426239013672,-12.789867401123047,-16.133079528808594,0.016634037718176842,-0.14037226140499115,0.24077191948890686,1
436,1776962189.4466794,1776962189.5019283,/home/sylva0/on_board/logs/images/0000000436.jpg,36.1771531,-78.0341654,16.214,-17.388919830322266,-12.467387199401855,-16.21603012084961,0.01230037584900856,-0.1431727260351181,0.3013032376766205,1
437,1776962190.4568992,1776962190.518498,/home/sylva0/on_board/logs/images/0000000437.jpg,36.1771603,-78.034162,16.257,-16.60342025756836,-12.170571327209473,-16.25710678100586,-0.03003418631851673,-0.11264872550964355,0.36203187704086304,1
438,1776962191.4406686,1776962191.4821727,/home/sylva0/on_board/logs/images/0000000438.jpg,36.1771663,-78.0341614,16.385,-15.935967445373535,-12.118363380432129,-16.385793685913086,0.043761178851127625,-0.1561686098575592,0.3629958927631378,1
439,1776962192.4487214,1776962192.4978082,/home/sylva0/on_board/logs/images/0000000439.jpg,36.1771717,-78.0341602,16.376,-15.330634117126465,-12.005830764770508,-16.376123428344727,0.019907431676983833,-0.15797340869903564,0.33448219299316406,1
440,1776962193.4568486,1776962193.513019,/home/sylva0/on_board/logs/images/0000000440.jpg,36.1771811,-78.0341579,16.309,-14.292569160461426,-11.799476623535156,-16.30942726135254,0.02262152172625065,-0.08445317298173904,0.3580096960067749,1
441,1776962194.4398212,1776962194.4770815,/home/sylva0/on_board/logs/images/0000000441.jpg,36.1771866,-78.0341552,16.162,-13.680069923400879,-11.559453964233398,-16.162460327148438,0.0027967216446995735,-0.14548204839229584,0.32662224769592285,1
442,1776962195.4497213,1776962195.4941537,/home/sylva0/on_board/logs/images/0000000442.jpg,36.1771902,-78.0341536,16.114,-13.277251243591309,-11.419981956481934,-16.11472511291504,0.006767632439732552,-0.17901511490345,0.32565417885780334,1
443,1776962196.4609115,1776962196.5112689,/home/sylva0/on_board/logs/images/0000000443.jpg,36.1771929,-78.034151,16.119,-12.971522331237793,-11.178244590759277,-16.119613647460938,-0.03781542181968689,-0.1564262956380844,0.3169272243976593,1
444,1776962197.4806376,1776962197.5495007,/home/sylva0/on_board/logs/images/0000000444.jpg,36.1771961,-78.0341496,16.18,-12.62252140045166,-11.057648658752441,-16.180992126464844,-0.012227813713252544,-0.15379564464092255,0.34251639246940613,1
445,1776962198.4706497,1776962198.5245018,/home/sylva0/on_board/logs/images/0000000445.jpg,36.1772005,-78.0341492,16.328,-12.130228996276855,-11.021327018737793,-16.32843017578125,-0.0027594855055212975,-0.1540822684764862,0.32643720507621765,1
446,1776962199.4792342,1776962199.5374784,/home/sylva0/on_board/logs/images/0000000446.jpg,36.1772065,-78.034146,16.16,-11.465163230895996,-10.73112678527832,-16.160661697387695,-0.006509904284030199,-0.14489740133285522,0.3151435852050781,1
447,1776962200.463778,1776962200.5047834,/home/sylva0/on_board/logs/images/0000000447.jpg,36.1772091,-78.0341425,16.073,-11.171992301940918,-10.42294692993164,-16.073780059814453,-0.014469713903963566,-0.15417532622814178,0.3227345049381256,1
448,1776962201.4722867,1776962201.5206063,/home/sylva0/on_board/logs/images/0000000448.jpg,36.1772126,-78.0341395,16.159,-10.776713371276855,-10.145936965942383,-16.159282684326172,-0.014421559870243073,-0.15074235200881958,0.3309246003627777,1
449,1776962202.4819741,1776962202.5352738,/home/sylva0/on_board/logs/images/0000000449.jpg,36.1772169,-78.0341379,16.166,-10.297257423400879,-10.00613021850586,-16.166837692260742,-0.008567074313759804,-0.14452619850635529,0.31471511721611023,1
450,1776962203.4928126,1776962203.5527701,/home/sylva0/on_board/logs/images/0000000450.jpg,36.1772221,-78.0341357,16.205,-9.724579811096191,-9.811559677124023,-16.205324172973633,-0.027635782957077026,-0.1236814558506012,0.3258187770843506,1
451,1776962204.4772213,1776962204.5174506,/home/sylva0/on_board/logs/images/0000000451.jpg,36.1772283,-78.0341348,16.116,-9.035178184509277,-9.72879409790039,-16.116003036499023,-0.014879786409437656,-0.13755010068416595,0.36358529329299927,1
452,1776962205.4838986,1776962205.5308368,/home/sylva0/on_board/logs/images/0000000452.jpg,36.1772322,-78.0341333,16.156,-8.5958833694458,-9.590274810791016,-16.15624237060547,-0.031216632574796677,-0.15702639520168304,0.33920297026634216,1
453,1776962206.4910328,1776962206.543968,/home/sylva0/on_board/logs/images/0000000453.jpg,36.1772368,-78.0341337,16.243,-8.088290214538574,-9.625402450561523,-16.243244171142578,0.009105760604143143,-0.12723030149936676,0.3298095762729645,1
454,1776962207.5007486,1776962207.5617976,/home/sylva0/on_board/logs/images/0000000454.jpg,36.1772411,-78.0341324,16.089,-7.608160972595215,-9.514554977416992,-16.089141845703125,0.01723737083375454,-0.2155381590127945,0.3574153780937195,1
455,1776962208.4950163,1776962208.5513265,/home/sylva0/on_board/logs/images/0000000455.jpg,36.1772465,-78.0341278,15.983,-7.009991645812988,-9.102375030517578,-15.983898162841797,-0.014894614927470684,-0.2006199061870575,0.3176952600479126,1
456,1776962209.4836178,1776962209.524321,/home/sylva0/on_board/logs/images/0000000456.jpg,36.1772532,-78.0341243,16.3,-6.257330894470215,-8.782197952270508,-16.300058364868164,-0.005769187118858099,-0.192139133810997,0.3134298622608185,1
457,1776962210.4950156,1776962210.5430355,/home/sylva0/on_board/logs/images/0000000457.jpg,36.1772598,-78.0341237,16.401,-5.5297040939331055,-8.729642868041992,-16.401838302612305,0.04673219472169876,-0.1461222618818283,0.3091059625148773,1
458,1776962211.502944,1776962211.5575454,/home/sylva0/on_board/logs/images/0000000458.jpg,36.1772614,-78.0341213,16.552,-5.347062110900879,-8.51689338684082,-16.552261352539062,-0.05294176936149597,-0.21731823682785034,0.3288975954055786,1
459,1776962212.5125837,1776962212.5764337,/home/sylva0/on_board/logs/images/0000000459.jpg,36.1772665,-78.0341179,16.489,-4.7812700271606445,-8.205330848693848,-16.489900588989258,-0.02761329710483551,-0.19284112751483917,0.3183174133300781,1
460,1776962213.494403,1776962213.54006,/home/sylva0/on_board/logs/images/0000000460.jpg,36.1772723,-78.0341162,16.386,-4.137734413146973,-8.053863525390625,-16.386953353881836,-0.019875433295965195,-0.17044246196746826,0.37106069922447205,1
461,1776962214.5185256,1776962214.5844862,/home/sylva0/on_board/logs/images/0000000461.jpg,36.1772764,-78.0341117,16.415,-3.678896903991699,-7.650373935699463,-16.415355682373047,-0.07890971004962921,-0.18184755742549896,0.3067758083343506,1
462,1776962215.5082772,1776962215.5610707,/home/sylva0/on_board/logs/images/0000000462.jpg,36.1772795,-78.0341119,16.431,-3.3367605209350586,-7.671627998352051,-16.431779861450195,-0.049885690212249756,-0.19379976391792297,0.35290729999542236,1
463,1776962216.5234895,1776962216.5869377,/home/sylva0/on_board/logs/images/0000000463.jpg,36.1772865,-78.0341096,16.193,-2.5516557693481445,-7.459916114807129,-16.193161010742188,-0.08723431080579758,-0.15762263536453247,0.34047919511795044,1
464,1776962217.504675,1776962217.5486064,/home/sylva0/on_board/logs/images/0000000464.jpg,36.1772934,-78.0341073,16.264,-1.7897920608520508,-7.255060195922852,-16.26469612121582,-0.08447007089853287,-0.14299392700195312,0.28991764783859253,1
465,1776962218.5152822,1776962218.5668998,/home/sylva0/on_board/logs/images/0000000465.jpg,36.1773022,-78.0341052,16.256,-0.8042325973510742,-7.069216728210449,-16.25687599182129,0.017220593988895416,-0.11689884960651398,0.3415408432483673,1
466,1776962219.5257134,1776962219.5831742,/home/sylva0/on_board/logs/images/0000000466.jpg,36.1773076,-78.034104,15.952,-0.20543861389160156,-6.963126182556152,-15.952119827270508,-0.0009346567094326019,-0.11165261268615723,0.36836519837379456,1
467,1776962220.5305305,1776962220.587431,/home/sylva0/on_board/logs/images/0000000467.jpg,36.1773119,-78.0341014,16.221,0.27206897735595703,-6.7300519943237305,-16.221315383911133,0.03223799169063568,-0.17207437753677368,0.2769937515258789,1
468,1776962221.5182815,1776962221.5625641,/home/sylva0/on_board/logs/images/0000000468.jpg,36.1773166,-78.0341006,16.203,0.7993202209472656,-6.654492378234863,-16.20349884033203,0.027288975194096565,-0.1519930511713028,0.34467965364456177,1
469,1776962222.52636,1776962222.5754476,/home/sylva0/on_board/logs/images/0000000469.jpg,36.177323,-78.0340989,16.232,1.5048294067382812,-6.500543594360352,-16.232961654663086,0.010461453348398209,-0.16035521030426025,0.3165591061115265,1
470,1776962223.53686,1776962223.5927303,/home/sylva0/on_board/logs/images/0000000470.jpg,36.1773257,-78.0340896,16.334,1.804203987121582,-5.663948059082031,-16.334726333618164,-0.11445557326078415,-0.14883437752723694,0.279402494430542,1
471,1776962224.5463207,1776962224.607243,/home/sylva0/on_board/logs/images/0000000471.jpg,36.177331,-78.0340853,16.394,2.4043216705322266,-5.278264999389648,-16.394718170166016,-0.10519316792488098,-0.08910694718360901,0.30751219391822815,1
472,1776962225.5321689,1776962225.5743864,/home/sylva0/on_board/logs/images/0000000472.jpg,36.1773331,-78.0340864,16.15,2.635854721069336,-5.3752336502075195,-16.144458770751953,-0.09788139164447784,-0.11019998788833618,0.4076401889324188,1
473,1776962226.5415864,1776962226.5900328,/home/sylva0/on_board/logs/images/0000000473.jpg,36.1773332,-78.0340887,16.056,2.6444406509399414,-5.583924293518066,-16.05672264099121,-0.0383952371776104,-0.17283836007118225,0.35489320755004883,1
474,1776962227.5501623,1776962227.6026602,/home/sylva0/on_board/logs/images/0000000474.jpg,36.1773345,-78.0340908,16.145,2.7899818420410156,-5.769084930419922,-16.14568328857422,-0.04453801363706589,-0.17649023234844208,0.3501725196838379,1
475,1776962228.5590367,1776962228.6190562,/home/sylva0/on_board/logs/images/0000000475.jpg,36.1773385,-78.0340927,16.029,3.23738956451416,-5.947013854980469,-16.02968406677246,0.0370970144867897,-0.161686971783638,0.29543155431747437,1
476,1776962229.5469356,1776962229.590585,/home/sylva0/on_board/logs/images/0000000476.jpg,36.1773417,-78.0340912,16.017,3.590648651123047,-5.811129570007324,-16.01742935180664,0.037893347442150116,-0.18299958109855652,0.2948634922504425,1
477,1776962230.5538187,1776962230.5995347,/home/sylva0/on_board/logs/images/0000000477.jpg,36.1773459,-78.0340863,16.063,4.057188034057617,-5.3648223876953125,-16.063430786132812,0.015080597251653671,-0.16835114359855652,0.30528369545936584,1
478,1776962231.5683146,1776962231.6257083,/home/sylva0/on_board/logs/images/0000000478.jpg,36.1773509,-78.0340838,16.191,4.611044883728027,-5.145073890686035,-16.191503524780273,0.037394650280475616,-0.1649138331413269,0.2962374985218048,1
479,1776962232.5563142,1776962232.5984466,/home/sylva0/on_board/logs/images/0000000479.jpg,36.1773571,-78.0340825,16.175,5.318521499633789,-5.020666122436523,-16.17729949951172,0.060759685933589935,-0.14335978031158447,0.2532043755054474,1
480,1776962233.5647078,1776962233.611958,/home/sylva0/on_board/logs/images/0000000480.jpg,36.1773629,-78.0340803,16.213,5.947094917297363,-4.8302202224731445,-16.213542938232422,0.06221094727516174,-0.15366703271865845,0.28204649686813354,1
481,1776962234.574566,1776962234.6284654,/home/sylva0/on_board/logs/images/0000000481.jpg,36.1773681,-78.0340784,16.252,6.529559135437012,-4.663235664367676,-16.252750396728516,0.061261340975761414,-0.16119101643562317,0.3242209553718567,1
482,1776962235.585847,1776962235.6485136,/home/sylva0/on_board/logs/images/0000000482.jpg,36.1773713,-78.0340759,16.368,6.886501312255859,-4.43309211730957,-16.36896514892578,0.09949061274528503,-0.1904764026403427,0.2793741524219513,1
483,1776962236.5709176,1776962236.6165068,/home/sylva0/on_board/logs/images/0000000483.jpg,36.1773774,-78.0340743,16.293,7.563366889953613,-4.295008659362793,-16.293588638305664,0.06518885493278503,-0.16207394003868103,0.24537302553653717,1
484,1776962237.5929837,1776962237.659729,/home/sylva0/on_board/logs/images/0000000484.jpg,36.1773832,-78.0340733,16.365,8.20492935180664,-4.197474479675293,-16.36549186706543,0.06079509109258652,-0.13217423856258392,-0.15985381603240967,1
485,1776962238.575738,1776962238.6251028,/home/sylva0/on_board/logs/images/0000000485.jpg,36.1773879,-78.0340808,16.355,8.736257553100586,-4.876516342163086,-16.35540771484375,0.024027088657021523,0.00850188173353672,-1.3622007369995117,1
486,1776962239.5839705,1776962239.6394043,/home/sylva0/on_board/logs/images/0000000486.jpg,36.1773922,-78.0340885,16.295,9.212132453918457,-5.568757057189941,-16.29573631286621,0.054781146347522736,0.036755893379449844,-1.1192289590835571,1
487,1776962240.5936956,1776962240.6563244,/home/sylva0/on_board/logs/images/0000000487.jpg,36.1773934,-78.0340959,16.39,9.347024917602539,-6.233284950256348,-16.390687942504883,0.07450100779533386,0.004582926630973816,-1.1270688772201538,1
488,1776962241.5756507,1776962241.6167846,/home/sylva0/on_board/logs/images/0000000488.jpg,36.1773905,-78.0341037,16.35,9.025068283081055,-6.935582160949707,-16.350736618041992,0.1390126347541809,0.04243110492825508,-1.1475069522857666,1
489,1776962242.5849824,1776962242.6344702,/home/sylva0/on_board/logs/images/0000000489.jpg,36.1773884,-78.0341066,16.491,8.786520004272461,-7.196707725524902,-16.491411209106445,0.14730630815029144,0.015234127640724182,-1.1617287397384644,1
490,1776962243.6057591,1776962243.6743786,/home/sylva0/on_board/logs/images/0000000490.jpg,36.1773904,-78.0341086,16.525,8.854727745056152,-7.364102363586426,-16.54974365234375,0.15866370499134064,0.026499509811401367,-1.191260814666748,1
491,1776962244.5948648,1776962244.6495852,/home/sylva0/on_board/logs/images/0000000491.jpg,36.1773933,-78.0341097,16.531,9.335172653198242,-7.47048807144165,-16.53154945373535,0.12478803843259811,-0.05009245127439499,-1.1827458143234253,1
492,1776962245.6054838,1776962245.665125,/home/sylva0/on_board/logs/images/0000000492.jpg,36.1773971,-78.0341136,16.34,9.75881576538086,-7.823963642120361,-16.34081268310547,0.07833272218704224,-0.052646704018116,-1.2399994134902954,1
493,1776962246.5871375,1776962246.6240797,/home/sylva0/on_board/logs/images/0000000493.jpg,36.1773998,-78.0341224,16.212,10.062962532043457,-8.60947322845459,-16.212797164916992,0.04776252061128616,0.0018602386116981506,-1.2184184789657593,1
494,1776962247.5997486,1776962247.646715,/home/sylva0/on_board/logs/images/0000000494.jpg,36.1773997,-78.0341311,16.18,10.050942420959473,-9.398077011108398,-16.180335998535156,0.1285385638475418,-0.010415462777018547,-1.1851755380630493,1
495,1776962248.6084266,1776962248.6591148,/home/sylva0/on_board/logs/images/0000000495.jpg,36.1773984,-78.0341364,15.954,9.990108489990234,-9.81184196472168,-16.030078887939453,0.14039358496665955,0.0014570672065019608,-1.2239110469818115,1
496,1776962249.6334648,1776962249.7070398,/home/sylva0/on_board/logs/images/0000000496.jpg,36.1773978,-78.03414,15.945,9.829493522644043,-10.189910888671875,-15.94583511352539,0.17644242942333221,0.02048930898308754,-1.2427120208740234,1
497,1776962250.6199155,1776962250.6748376,/home/sylva0/on_board/logs/images/0000000497.jpg,36.1774014,-78.0341406,16.14,10.237903594970703,-10.244800567626953,-16.140541076660156,0.11601578444242477,-0.04045036435127258,-1.2299319505691528,1
498,1776962251.629169,1776962251.6889515,/home/sylva0/on_board/logs/images/0000000498.jpg,36.1774042,-78.0341448,16.172,10.545381546020508,-10.627456665039062,-16.17275619506836,0.10860683768987656,-0.04368412867188454,-1.3352066278457642,1
499,1776962252.615452,1776962252.6577203,/home/sylva0/on_board/logs/images/0000000499.jpg,36.1774065,-78.0341507,16.252,10.808812141418457,-11.151992797851562,-16.252410888671875,0.07689410448074341,0.013306714594364166,-1.482606291770935,1
500,1776962253.6237407,1776962253.668643,/home/sylva0/on_board/logs/images/0000000500.jpg,36.177405,-78.0341551,16.131,10.634258270263672,-11.551100730895996,-16.131986618041992,-0.014064112678170204,-0.02060370147228241,-2.7447896003723145,1
501,1776962254.637322,1776962254.6911597,/home/sylva0/on_board/logs/images/0000000501.jpg,36.1773952,-78.0341626,16.105,9.541834831237793,-12.2222900390625,-16.105688095092773,-0.07234510779380798,0.1147470772266388,-3.0039775371551514,1
502,1776962255.6452403,1776962255.7034836,/home/sylva0/on_board/logs/images/0000000502.jpg,36.1773868,-78.0341634,15.971,8.613018035888672,-12.301048278808594,-15.971921920776367,-0.00024368148297071457,0.07268647849559784,-2.7927474975585938,1
503,1776962256.6339393,1776962256.6774604,/home/sylva0/on_board/logs/images/0000000503.jpg,36.1773785,-78.0341655,16.102,7.687305450439453,-12.484566688537598,-16.102354049682617,-0.001935092732310295,0.08562138676643372,-2.8340682983398438,1
504,1776962257.652409,1776962257.7091897,/home/sylva0/on_board/logs/images/0000000504.jpg,36.1773717,-78.0341681,16.268,6.928614616394043,-12.716413497924805,-16.268529891967773,0.008586274459958076,0.025050662457942963,-2.810148239135742,1
505,1776962258.6413193,1776962258.6857507,/home/sylva0/on_board/logs/images/0000000505.jpg,36.1773599,-78.0341732,16.276,5.613027572631836,-13.174124717712402,-16.276063919067383,0.00364043191075325,0.10674773156642914,-2.805582284927368,1
506,1776962259.6487236,1776962259.6962993,/home/sylva0/on_board/logs/images/0000000506.jpg,36.1773523,-78.0341735,16.187,4.771446228027344,-13.204505920410156,-16.187557220458984,0.04203367233276367,0.04332434758543968,-2.840796947479248,1
507,1776962260.6658874,1776962260.729103,/home/sylva0/on_board/logs/images/0000000507.jpg,36.1773462,-78.0341801,16.213,4.091362953186035,-13.798324584960938,-16.21333885192871,-0.053407371044158936,0.12381574511528015,-2.8396565914154053,1
508,1776962261.6508708,1776962261.6957302,/home/sylva0/on_board/logs/images/0000000508.jpg,36.1773419,-78.0341851,16.069,3.614643096923828,-14.245441436767578,-16.069503784179688,-0.054736971855163574,0.042988236993551254,-2.8252322673797607,1
509,1776962262.6594067,1776962262.7108698,/home/sylva0/on_board/logs/images/0000000509.jpg,36.1773385,-78.0341872,16.008,3.2391605377197266,-14.431510925292969,-16.008710861206055,-0.03550698608160019,0.02542954683303833,-2.906066656112671,1
510,1776962263.669733,1776962263.7265644,/home/sylva0/on_board/logs/images/0000000510.jpg,36.1773307,-78.0341897,15.919,2.3648366928100586,-14.661137580871582,-15.919578552246094,-0.035346049815416336,0.05714666470885277,-2.8764615058898926,1
511,1776962264.683188,1776962264.7475188,/home/sylva0/on_board/logs/images/0000000511.jpg,36.1773197,-78.0341916,15.959,1.142496109008789,-14.830734252929688,-15.959192276000977,0.0301347803324461,0.09593357145786285,-2.797696352005005,1
512,1776962265.6627047,1776962265.7057521,/home/sylva0/on_board/logs/images/0000000512.jpg,36.1773103,-78.0341959,16.078,0.09920024871826172,-15.218343734741211,-16.078737258911133,0.0043305568397045135,0.11063039302825928,-2.7757833003997803,1
513,1776962266.6732478,1776962266.7252576,/home/sylva0/on_board/logs/images/0000000513.jpg,36.1773032,-78.034201,16.235,-0.6915311813354492,-15.680950164794922,-16.235641479492188,0.017376279458403587,0.08923554420471191,-2.7994790077209473,1
514,1776962267.6801307,1776962267.7373433,/home/sylva0/on_board/logs/images/0000000514.jpg,36.1772964,-78.0342036,16.42,-1.4494657516479492,-15.91676139831543,-16.420900344848633,0.03541417419910431,0.09585481882095337,-2.8008508682250977,1
515,1776962268.667428,1776962268.705824,/home/sylva0/on_board/logs/images/0000000515.jpg,36.1772869,-78.0342084,16.355,-2.511033058166504,-16.351016998291016,-16.355722427368164,-0.006483972072601318,0.09266477823257446,-2.785804510116577,1
516,1776962269.6742764,1776962269.7193894,/home/sylva0/on_board/logs/images/0000000516.jpg,36.177277,-78.0342123,16.2,-3.613682746887207,-16.703472137451172,-16.200950622558594,0.02067059464752674,0.11556008458137512,-2.825469493865967,1
517,1776962270.6833146,1776962270.73269,/home/sylva0/on_board/logs/images/0000000517.jpg,36.1772698,-78.0342182,16.232,-4.431574821472168,-17.239822387695312,-16.233566284179688,-0.035297080874443054,0.06401300430297852,-2.834233045578003,1
518,1776962271.7013345,1776962271.7658436,/home/sylva0/on_board/logs/images/0000000518.jpg,36.1772622,-78.0342222,16.303,-5.2592973709106445,-17.590002059936523,-16.3039608001709,-0.023208137601614,0.05688996985554695,-2.774538993835449,1
519,1776962272.6867049,1776962272.7325726,/home/sylva0/on_board/logs/images/0000000519.jpg,36.1772541,-78.0342257,16.248,-5.882805824279785,-17.785316467285156,-16.278934478759766,-0.00951174832880497,0.05636145547032356,-2.7966597080230713,1
520,1776962273.6950855,1776962273.7466018,/home/sylva0/on_board/logs/images/0000000520.jpg,36.177247,-78.0342295,16.133,-6.950503349304199,-18.243501663208008,-16.1336727142334,-0.011823697946965694,0.106016144156456,-2.797886848449707,1
521,1776962274.7035904,1776962274.7607467,/home/sylva0/on_board/logs/images/0000000521.jpg,36.1772405,-78.034233,16.136,-7.6730146408081055,-18.557538986206055,-16.13677978515625,-0.040913671255111694,0.06579208374023438,-2.82100772857666,1
522,1776962275.6878493,1776962275.7281585,/home/sylva0/on_board/logs/images/0000000522.jpg,36.1772313,-78.0342381,16.081,-8.696623802185059,-19.020824432373047,-16.0819149017334,-0.0528348833322525,0.10103738307952881,-2.8326215744018555,1
523,1776962276.6992917,1776962276.7474792,/home/sylva0/on_board/logs/images/0000000523.jpg,36.1772243,-78.0342422,15.962,-9.476962089538574,-19.390703201293945,-15.962512969970703,-0.06107986718416214,0.05437097325921059,-2.8415513038635254,1
524,1776962277.7130551,1776962277.7743678,/home/sylva0/on_board/logs/images/0000000524.jpg,36.1772157,-78.0342416,15.916,-10.434565544128418,-19.33342170715332,-15.9168701171875,-0.011890656314790249,0.06915512681007385,-2.8042714595794678,1
525,1776962278.6981826,1776962278.7406328,/home/sylva0/on_board/logs/images/0000000525.jpg,36.1772113,-78.0342432,15.932,-10.928982734680176,-19.47310447692871,-15.93227767944336,-0.05762139707803726,0.03505980595946312,-2.94093918800354,1
526,1776962279.707396,1776962279.7587113,/home/sylva0/on_board/logs/images/0000000526.jpg,36.1772038,-78.0342489,16.024,-11.7567720413208,-19.9874324798584,-16.024682998657227,-0.09132523089647293,0.06463639438152313,-2.832653760910034,1
527,1776962280.7161345,1776962280.7712595,/home/sylva0/on_board/logs/images/0000000527.jpg,36.1771944,-78.0342485,16.073,-12.807135581970215,-19.94883155822754,-16.073476791381836,0.06552625447511673,0.06873060762882233,-2.7518396377563477,1
528,1776962281.7016985,1776962281.7408855,/home/sylva0/on_board/logs/images/0000000528.jpg,36.1771839,-78.0342541,16.26,-13.976405143737793,-20.451671600341797,-16.260658264160156,-0.013112653978168964,0.1316036880016327,-2.7900047302246094,1
529,1776962282.712759,1776962282.7578638,/home/sylva0/on_board/logs/images/0000000529.jpg,36.1771716,-78.0342587,16.33,-15.342791557312012,-20.86867904663086,-16.33060073852539,0.048616327345371246,0.20578864216804504,-2.7755062580108643,1
530,1776962283.7189775,1776962283.7697659,/home/sylva0/on_board/logs/images/0000000530.jpg,36.1771687,-78.0342623,16.294,-15.66740894317627,-21.191650390625,-16.294015884399414,-0.02502908930182457,0.06694045662879944,-2.767341375350952,1
531,1776962284.7263918,1776962284.7836683,/home/sylva0/on_board/logs/images/0000000531.jpg,36.1771623,-78.0342636,16.181,-16.387733459472656,-21.319711685180664,-16.178438186645508,0.01998552866280079,0.05571625754237175,-2.743406295776367,1
532,1776962285.7129793,1776962285.7535696,/home/sylva0/on_board/logs/images/0000000532.jpg,36.1771542,-78.0342688,16.001,-17.285541534423828,-21.77539825439453,-16.00176239013672,0.018615134060382843,0.0852494090795517,-2.7613701820373535,1
533,1776962286.7182837,1776962286.7624295,/home/sylva0/on_board/logs/images/0000000533.jpg,36.1771489,-78.0342753,15.822,-17.877662658691406,-22.360288619995117,-15.822023391723633,-0.0428139828145504,0.05575567111372948,-2.7544121742248535,1
534,1776962287.730647,1776962287.7825084,/home/sylva0/on_board/logs/images/0000000534.jpg,36.1771449,-78.0342785,15.845,-18.313838958740234,-22.64893341064453,-15.845588684082031,-0.0012389374896883965,0.05470776930451393,-2.807399272918701,1
535,1776962288.7559237,1776962288.8277137,/home/sylva0/on_board/logs/images/0000000535.jpg,36.177137,-78.0342815,16.048,-19.20069122314453,-22.92140769958496,-16.04848289489746,-0.05922392010688782,0.07308351993560791,-2.7847325801849365,1
536,1776962289.7379403,1776962289.7918098,/home/sylva0/on_board/logs/images/0000000536.jpg,36.177126,-78.0342838,16.406,-20.42113494873047,-23.128063201904297,-16.406705856323242,0.016560368239879608,0.08339793980121613,-2.744549512863159,1
537,1776962290.7483969,1776962290.8082812,/home/sylva0/on_board/logs/images/0000000537.jpg,36.1771149,-78.0342869,16.547,-21.65963363647461,-23.400432586669922,-16.547189712524414,0.014034325256943703,0.0869256854057312,-2.7803843021392822,1
538,1776962291.7331457,1776962291.7774384,/home/sylva0/on_board/logs/images/0000000538.jpg,36.1771096,-78.0342857,16.498,-22.103656768798828,-23.236629486083984,-16.510202407836914,0.08920342475175858,0.03730291873216629,-2.7953100204467773,1
539,1776962292.7407684,1776962292.791136,/home/sylva0/on_board/logs/images/0000000539.jpg,36.1771071,-78.0342928,16.452,-22.52373504638672,-23.936092376708984,-16.452224731445312,-0.08303366601467133,0.009825173765420914,-2.789517879486084,1
540,1776962293.748286,1776962293.8056233,/home/sylva0/on_board/logs/images/0000000540.jpg,36.1771015,-78.0342975,16.336,-23.14822769165039,-24.352872848510742,-16.336875915527344,-0.004341966472566128,0.06526543200016022,-2.8104453086853027,1
541,1776962294.743259,1776962294.7884133,/home/sylva0/on_board/logs/images/0000000541.jpg,36.177093,-78.0342975,16.143,-24.099681854248047,-24.356224060058594,-16.143863677978516,0.047003522515296936,0.07191896438598633,-2.815973997116089,1
542,1776962295.7550578,1776962295.8115964,/home/sylva0/on_board/logs/images/0000000542.jpg,36.1770846,-78.0343011,16.024,-25.02843475341797,-24.679916381835938,-16.0245304107666,0.012997422367334366,0.07869347929954529,-2.7520947456359863,1
543,1776962296.7433257,1776962296.783031,/home/sylva0/on_board/logs/images/0000000543.jpg,36.1770758,-78.0343067,16.003,-26.00989532470703,-25.179229736328125,-16.00345802307129,0.03158833831548691,0.08939313888549805,-2.766859531402588,1
544,1776962297.752872,1776962297.8013484,/home/sylva0/on_board/logs/images/0000000544.jpg,36.1770696,-78.0343113,16.086,-26.696422576904297,-25.596343994140625,-16.0866641998291,-0.047803156077861786,0.07891014218330383,-2.8284945487976074,1
545,1776962298.7663193,1776962298.8234234,/home/sylva0/on_board/logs/images/0000000545.jpg,36.1770617,-78.0343159,16.06,-27.580413818359375,-26.00650978088379,-16.060274124145508,-0.03531856834888458,0.05665655806660652,-2.7613415718078613,1
546,1776962299.7700925,1776962299.830441,/home/sylva0/on_board/logs/images/0000000546.jpg,36.1770524,-78.0343183,15.965,-28.615524291992188,-26.22608184814453,-15.96534538269043,-0.046090543270111084,0.0075658466666936874,-2.8841540813446045,1
547,1776962300.7548275,1776962300.797248,/home/sylva0/on_board/logs/images/0000000547.jpg,36.1770437,-78.0343208,16.0,-29.57917022705078,-26.45317840576172,-16.0001277923584,-0.033460453152656555,0.0015297196805477142,-2.844574213027954,1
548,1776962301.7643347,1776962301.8136435,/home/sylva0/on_board/logs/images/0000000548.jpg,36.177036,-78.0343232,16.059,-30.443984985351562,-26.660877227783203,-16.05929183959961,-0.03436172008514404,-0.00853424146771431,-2.797065258026123,1
549,1776962302.777171,1776962302.8340695,/home/sylva0/on_board/logs/images/0000000549.jpg,36.1770292,-78.0343248,16.108,-31.218704223632812,-26.80980682373047,-16.111366271972656,-0.020050179213285446,0.005006343126296997,-2.858330249786377,1
550,1776962303.7662373,1776962303.809147,/home/sylva0/on_board/logs/images/0000000550.jpg,36.1770187,-78.0343286,16.089,-32.36591720581055,-27.154254913330078,-16.089597702026367,0.03193425387144089,0.04523936286568642,-2.7556777000427246,1
551,1776962304.7760224,1776962304.8240435,/home/sylva0/on_board/logs/images/0000000551.jpg,36.1770104,-78.0343326,15.844,-33.2863883972168,-27.509843826293945,-15.844974517822266,-0.016303785145282745,0.07305797934532166,-2.714601993560791,1
552,1776962305.8011553,1776962305.8701766,/home/sylva0/on_board/logs/images/0000000552.jpg,36.1770011,-78.0343358,15.841,-34.320709228515625,-27.798446655273438,-15.841897964477539,0.06156080961227417,0.05816088244318962,-2.7275760173797607,1
553,1776962306.7884364,1776962306.841786,/home/sylva0/on_board/logs/images/0000000553.jpg,36.1769956,-78.0343447,15.861,-34.933448791503906,-28.59583282470703,-15.861639022827148,-0.02026425302028656,0.06516098976135254,-2.755011796951294,1
554,1776962307.7995,1776962307.858991,/home/sylva0/on_board/logs/images/0000000554.jpg,36.1769849,-78.0343484,15.966,-36.1280632019043,-28.926576614379883,-15.966630935668945,0.030725421383976936,0.1356971114873886,-2.8025150299072266,1
555,1776962308.782853,1776962308.8239162,/home/sylva0/on_board/logs/images/0000000555.jpg,36.1769774,-78.0343504,16.057,-36.96205520629883,-29.10706329345703,-16.057191848754883,0.03853821009397507,0.09685029089450836,-2.7166483402252197,1
556,1776962309.7893507,1776962309.835826,/home/sylva0/on_board/logs/images/0000000556.jpg,36.1769689,-78.0343546,15.972,-37.905277252197266,-29.488956451416016,-15.972475051879883,0.05058550834655762,0.0912514179944992,-2.7274692058563232,1
557,1776962310.7985854,1776962310.8539069,/home/sylva0/on_board/logs/images/0000000557.jpg,36.1769602,-78.0343551,16.051,-38.87392807006836,-29.53338050842285,-16.05154037475586,0.07182391732931137,0.06324417889118195,-2.772474527359009,1
558,1776962311.812933,1776962311.8794248,/home/sylva0/on_board/logs/images/0000000558.jpg,36.1769547,-78.0343588,15.991,-39.485321044921875,-29.86788558959961,-15.991195678710938,0.11769584566354752,0.06688198447227478,-2.0066285133361816,1
559,1776962312.7994251,1776962312.846908,/home/sylva0/on_board/logs/images/0000000559.jpg,36.1769544,-78.0343611,16.194,-39.52279281616211,-30.0701847076416,-16.194034576416016,0.06129445880651474,-0.12259027361869812,-1.069759488105774,1
560,1776962313.8120546,1776962313.8680797,/home/sylva0/on_board/logs/images/0000000560.jpg,36.1769533,-78.0343682,16.151,-39.64803695678711,-30.70952606201172,-16.151626586914062,0.16201424598693848,-0.07729257643222809,-1.2957007884979248,1
561,1776962314.816908,1776962314.8771694,/home/sylva0/on_board/logs/images/0000000561.jpg,36.17696,-78.0343771,16.2,-38.89712142944336,-31.504682540893555,-16.200061798095703,0.050242386758327484,-0.10841412842273712,-1.254636287689209,1
562,1776962315.8052986,1776962315.8496256,/home/sylva0/on_board/logs/images/0000000562.jpg,36.1769649,-78.0343913,16.098,-38.35273361206055,-32.780609130859375,-16.09870719909668,0.07916108518838882,-0.02643207088112831,-1.2908687591552734,1
563,1776962316.8129387,1776962316.8615582,/home/sylva0/on_board/logs/images/0000000563.jpg,36.1769671,-78.0344014,16.057,-38.11030197143555,-33.68803405761719,-16.057905197143555,0.08843512088060379,-0.07800993323326111,-1.2646790742874146,1
564,1776962317.8206234,1776962317.8747911,/home/sylva0/on_board/logs/images/0000000564.jpg,36.1769682,-78.0344078,16.032,-37.9846076965332,-34.26624298095703,-16.03262710571289,0.08261149376630783,-0.09109869599342346,-1.209390640258789,1
565,1776962318.8299093,1776962318.890901,/home/sylva0/on_board/logs/images/0000000565.jpg,36.1769698,-78.0344146,15.943,-37.80451202392578,-34.87944412231445,-15.943405151367188,0.06947928667068481,-0.11131949722766876,-1.1339375972747803,1
566,1776962319.8136597,1776962319.8562005,/home/sylva0/on_board/logs/images/0000000566.jpg,36.1769744,-78.0344234,15.896,-37.30242919921875,-35.67216491699219,-15.896036148071289,0.03885647654533386,-0.09763765335083008,-1.2391221523284912,1
567,1776962320.8225632,1776962320.8727984,/home/sylva0/on_board/logs/images/0000000567.jpg,36.1769764,-78.0344337,15.941,-37.07814025878906,-36.591712951660156,-15.941463470458984,0.08803170919418335,-0.05581922084093094,-1.1992008686065674,1
568,1776962321.8338485,1776962321.8906307,/home/sylva0/on_board/logs/images/0000000568.jpg,36.176981,-78.034439,15.904,-36.566097259521484,-37.07082748413086,-15.904983520507812,0.11596579104661942,-0.0633881613612175,-0.5479691624641418,1
569,1776962322.8410976,1776962322.9002934,/home/sylva0/on_board/logs/images/0000000569.jpg,36.1769855,-78.0344378,16.088,-36.06070327758789,-36.964942932128906,-16.08839225769043,-0.05194299668073654,-0.04272063821554184,0.6619160175323486,1
570,1776962323.8245783,1776962323.8668423,/home/sylva0/on_board/logs/images/0000000570.jpg,36.176992,-78.0344384,16.068,-35.33384704589844,-37.01689910888672,-16.068302154541016,-0.03460317477583885,-0.09824776649475098,0.5276644825935364,1
571,1776962324.8349519,1776962324.8841918,/home/sylva0/on_board/logs/images/0000000571.jpg,36.1770021,-78.0344339,16.212,-34.20936584472656,-36.60780334472656,-16.21274757385254,-0.01083927508443594,-0.06236609071493149,0.37203434109687805,1
572,1776962325.841269,1776962325.8964233,/home/sylva0/on_board/logs/images/0000000572.jpg,36.1770096,-78.0344309,16.363,-33.37620162963867,-36.34484100341797,-16.363361358642578,-0.019377516582608223,-0.06985782086849213,0.3924356698989868,1
573,1776962326.8254366,1776962326.8637161,/home/sylva0/on_board/logs/images/0000000573.jpg,36.1770137,-78.0344266,16.232,-32.91923522949219,-35.958274841308594,-16.232929229736328,-0.05674351751804352,-0.13466861844062805,0.304993599653244,1
574,1776962327.8509247,1776962327.9132762,/home/sylva0/on_board/logs/images/0000000574.jpg,36.1770187,-78.0344219,16.275,-32.37076187133789,-35.531044006347656,-16.275739669799805,-0.07047945261001587,-0.1573380082845688,0.35806629061698914,1
575,1776962328.8356378,1776962328.8784878,/home/sylva0/on_board/logs/images/0000000575.jpg,36.1770256,-78.034419,16.531,-31.599857330322266,-35.2695198059082,-16.53179931640625,-0.06100092828273773,-0.15424755215644836,0.3311215937137604,1
576,1776962329.8443365,1776962329.8946273,/home/sylva0/on_board/logs/images/0000000576.jpg,36.1770311,-78.0344184,16.335,-30.98841094970703,-35.21632385253906,-16.33555793762207,-0.028871653601527214,-0.17145560681819916,0.3386540114879608,1
577,1776962330.8552508,1776962330.911532,/home/sylva0/on_board/logs/images/0000000577.jpg,36.1770358,-78.0344165,16.148,-30.466217041015625,-35.05196762084961,-16.148530960083008,-0.05299779027700424,-0.1703740954399109,0.3723633289337158,1
578,1776962331.864582,1776962331.9251168,/home/sylva0/on_board/logs/images/0000000578.jpg,36.1770374,-78.0344174,15.997,-30.28885269165039,-35.1312141418457,-15.997745513916016,-0.022434920072555542,-0.2060772031545639,0.3871932029724121,1
579,1776962332.8477776,1776962332.8906395,/home/sylva0/on_board/logs/images/0000000579.jpg,36.177039,-78.034418,15.904,-30.10293960571289,-35.17916488647461,-15.904731750488281,-0.03177717328071594,-0.2325814664363861,0.3964800238609314,1
580,1776962333.85675,1776962333.9052615,/home/sylva0/on_board/logs/images/0000000580.jpg,36.17704,-78.0344167,15.901,-29.99618148803711,-35.062828063964844,-15.901683807373047,-0.05039173364639282,-0.20721855759620667,0.3997124433517456,1
581,1776962334.864746,1776962334.9202616,/home/sylva0/on_board/logs/images/0000000581.jpg,36.1770453,-78.03441,15.884,-29.401874542236328,-34.462032318115234,-15.88404655456543,-0.1066741868853569,-0.18065622448921204,0.37658756971359253,1
582,1776962335.849718,1776962335.8895931,/home/sylva0/on_board/logs/images/0000000582.jpg,36.1770531,-78.0344054,16.061,-28.535099029541016,-34.05150604248047,-16.061172485351562,-0.07546310871839523,-0.1186966747045517,0.36285990476608276,1
583,1776962336.858092,1776962336.9029741,/home/sylva0/on_board/logs/images/0000000583.jpg,36.1770602,-78.0344056,16.043,-27.74974822998047,-34.064945220947266,-16.043346405029297,-0.015630224719643593,-0.19996856153011322,0.3783653974533081,1
584,1776962337.8672705,1776962337.9188375,/home/sylva0/on_board/logs/images/0000000584.jpg,36.1770661,-78.0344028,16.008,-27.091533660888672,-33.817081451416016,-16.00821304321289,-0.06028567999601364,-0.1159738302230835,0.370382159948349,1
585,1776962338.8781257,1776962338.9378357,/home/sylva0/on_board/logs/images/0000000585.jpg,36.1770722,-78.0344007,15.954,-26.412906646728516,-33.630409240722656,-15.954231262207031,-0.019333066418766975,-0.1442275047302246,0.3658006191253662,1
586,1776962339.8622437,1776962339.9024653,/home/sylva0/on_board/logs/images/0000000586.jpg,36.1770777,-78.0343988,15.886,-25.77996063232422,-33.452518463134766,-15.887508392333984,0.02986794523894787,-0.10997775197029114,0.397978276014328,1
587,1776962340.8714771,1776962340.91502,/home/sylva0/on_board/logs/images/0000000587.jpg,36.1770814,-78.034396,15.859,-25.381675720214844,-33.2086181640625,-15.859830856323242,-0.011951502412557602,-0.19620931148529053,0.3643065392971039,1
588,1776962341.880671,1776962341.9308825,/home/sylva0/on_board/logs/images/0000000588.jpg,36.1770889,-78.0343937,15.706,-24.55514907836914,-32.997032165527344,-15.706478118896484,0.026014575734734535,-0.10353948175907135,0.27118849754333496,1
589,1776962342.8877525,1776962342.9438374,/home/sylva0/on_board/logs/images/0000000589.jpg,36.1770942,-78.0343906,15.683,-23.96485137939453,-32.71881866455078,-15.683942794799805,0.0402974933385849,-0.1321726143360138,0.3866463601589203,1
590,1776962343.8819382,1776962343.9298985,/home/sylva0/on_board/logs/images/0000000590.jpg,36.1770976,-78.0343869,15.851,-23.578819274902344,-32.391380310058594,-15.851095199584961,-0.04166132211685181,-0.16962802410125732,0.36870643496513367,1
591,1776962344.8903131,1776962344.9435215,/home/sylva0/on_board/logs/images/0000000591.jpg,36.1771036,-78.034384,15.984,-23.119022369384766,-32.255523681640625,-15.937286376953125,-0.018702883273363113,-0.14291231334209442,0.40805646777153015,1
592,1776962345.8981981,1776962345.95759,/home/sylva0/on_board/logs/images/0000000592.jpg,36.1771094,-78.0343811,16.188,-22.27411651611328,-31.866811752319336,-16.188791275024414,-0.01433459110558033,-0.08205115795135498,0.3586474061012268,1
593,1776962346.884454,1776962346.9254835,/home/sylva0/on_board/logs/images/0000000593.jpg,36.177117,-78.0343801,15.983,-21.418228149414062,-31.77911949157715,-15.983869552612305,0.022919511422514915,-0.1635160595178604,0.3286677598953247,1
594,1776962347.891897,1776962347.9402397,/home/sylva0/on_board/logs/images/0000000594.jpg,36.1771214,-78.0343769,16.126,-20.93670654296875,-31.491365432739258,-16.12647247314453,-0.044928498566150665,-0.15470369160175323,0.3611772656440735,1
595,1776962348.8987496,1776962348.951864,/home/sylva0/on_board/logs/images/0000000595.jpg,36.177127,-78.0343751,16.131,-20.308433532714844,-31.329147338867188,-16.131488800048828,-0.022459883242845535,-0.1382567584514618,0.39217689633369446,1
596,1776962349.910349,1776962349.9716625,/home/sylva0/on_board/logs/images/0000000596.jpg,36.17713,-78.0343727,16.122,-19.970977783203125,-31.11627769470215,-16.122880935668945,-0.011874902993440628,-0.1598045378923416,0.35385391116142273,1
597,1776962350.8911958,1776962350.9330394,/home/sylva0/on_board/logs/images/0000000597.jpg,36.177134,-78.0343724,16.078,-19.534629821777344,-31.085315704345703,-16.07840347290039,0.005579002201557159,-0.17089667916297913,0.35587257146835327,1
598,1776962351.899745,1776962351.9497259,/home/sylva0/on_board/logs/images/0000000598.jpg,36.1771397,-78.0343689,16.054,-18.884307861328125,-30.762107849121094,-16.05535316467285,-0.02691546082496643,-0.1449509859085083,0.3786744475364685,1
599,1776962352.9104667,1776962352.966626,/home/sylva0/on_board/logs/images/0000000599.jpg,36.1771472,-78.0343638,16.087,-18.223209381103516,-30.390697479248047,-16.093149185180664,-0.07713986933231354,-0.037816133350133896,0.35536402463912964,1
600,1776962353.919305,1776962353.9825535,/home/sylva0/on_board/logs/images/0000000600.jpg,36.1771517,-78.0343629,15.958,-17.565608978271484,-30.23171615600586,-15.958955764770508,0.034674763679504395,-0.1420765370130539,0.40041059255599976,1
601,1776962354.9014482,1776962354.9473827,/home/sylva0/on_board/logs/images/0000000601.jpg,36.1771597,-78.0343625,15.865,-16.672080993652344,-30.194438934326172,-15.865209579467773,0.06277457624673843,-0.10597635805606842,0.294048935174942,1
602,1776962355.9102294,1776962355.9627783,/home/sylva0/on_board/logs/images/0000000602.jpg,36.1771659,-78.0343599,15.848,-15.984543800354004,-29.959653854370117,-15.848337173461914,0.03112991340458393,-0.09890912473201752,0.2844901978969574,1
603,1776962356.9203382,1776962356.9792185,/home/sylva0/on_board/logs/images/0000000603.jpg,36.1771698,-78.0343555,15.933,-15.542557716369629,-29.568477630615234,-15.933565139770508,0.008574528619647026,-0.10572995245456696,0.32983022928237915,1
604,1776962357.9045014,1776962357.9423277,/home/sylva0/on_board/logs/images/0000000604.jpg,36.1771754,-78.0343529,16.082,-15.117693901062012,-29.35448455810547,-16.042390823364258,0.013921812176704407,-0.10004647076129913,0.3775942623615265,1
605,1776962358.9145312,1776962358.960111,/home/sylva0/on_board/logs/images/0000000605.jpg,36.1771816,-78.0343497,16.241,-14.236018180847168,-29.046340942382812,-16.241680145263672,0.0025807414203882217,-0.06503565609455109,0.36519503593444824,1
606,1776962359.9219694,1776962359.9722474,/home/sylva0/on_board/logs/images/0000000606.jpg,36.1771864,-78.0343474,16.211,-13.699328422546387,-28.838016510009766,-16.211875915527344,0.019287167116999626,-0.09179286658763885,0.41780588030815125,1
607,1776962360.9318209,1776962360.9875095,/home/sylva0/on_board/logs/images/0000000607.jpg,36.1771917,-78.0343443,16.091,-13.10877513885498,-28.563533782958984,-16.09101104736328,0.013500461354851723,-0.08481192588806152,0.27785128355026245,1
608,1776962361.9151652,1776962361.9540958,/home/sylva0/on_board/logs/images/0000000608.jpg,36.1771954,-78.03434,15.995,-12.738402366638184,-28.291301727294922,-16.029699325561523,-0.01996554434299469,-0.05551624298095703,0.37340596318244934,1
609,1776962362.9259171,1776962362.971075,/home/sylva0/on_board/logs/images/0000000609.jpg,36.1771964,-78.034338,16.079,-12.587367057800293,-27.990737915039062,-16.07985496520996,-0.06201278418302536,-0.08041952550411224,0.4112239480018616,1
610,1776962363.935102,1776962363.9880285,/home/sylva0/on_board/logs/images/0000000610.jpg,36.1771992,-78.0343396,16.185,-12.272194862365723,-28.135351181030273,-16.18586540222168,0.0038404446095228195,-0.10791002213954926,0.35836663842201233,1
611,1776962364.955834,1776962365.029324,/home/sylva0/on_board/logs/images/0000000611.jpg,36.1772048,-78.0343404,16.24,-11.650629997253418,-28.21334457397461,-16.24001121520996,0.0046408530324697495,-0.11805815994739532,0.33858194947242737,1
612,1776962365.943139,1776962366.0014248,/home/sylva0/on_board/logs/images/0000000612.jpg,36.1772123,-78.0343377,16.091,-10.816441535949707,-27.965896606445312,-16.091903686523438,0.008656585589051247,-0.10235762596130371,0.2918453514575958,1
613,1776962366.927314,1776962366.9688303,/home/sylva0/on_board/logs/images/0000000613.jpg,36.177218,-78.0343365,16.013,-10.175202369689941,-27.862655639648438,-16.013504028320312,0.05856165289878845,-0.07996614277362823,0.3233257532119751,1
614,1776962367.9344878,1776962367.9825335,/home/sylva0/on_board/logs/images/0000000614.jpg,36.1772255,-78.0343321,16.021,-9.345366477966309,-27.468738555908203,-16.021757125854492,0.023232391104102135,-0.08827854692935944,0.3427157402038574,1
615,1776962368.9435005,1776962368.9995506,/home/sylva0/on_board/logs/images/0000000615.jpg,36.1772357,-78.03433,15.977,-8.204485893249512,-27.278522491455078,-15.977567672729492,0.04616585373878479,-0.053301285952329636,0.3089005947113037,1
616,1776962369.9511583,1776962370.0112529,/home/sylva0/on_board/logs/images/0000000616.jpg,36.1772414,-78.0343248,15.988,-7.571606636047363,-26.807510375976562,-15.988090515136719,0.032100945711135864,-0.10455216467380524,0.31170931458473206,1
617,1776962370.9454832,1776962370.997631,/home/sylva0/on_board/logs/images/0000000617.jpg,36.1772466,-78.0343205,16.055,-6.999846458435059,-26.423248291015625,-16.055561065673828,0.020754897966980934,-0.09985505044460297,0.33849671483039856,1
618,1776962371.9551597,1776962372.0165374,/home/sylva0/on_board/logs/images/0000000618.jpg,36.1772504,-78.0343169,16.168,-6.558215141296387,-26.088592529296875,-16.171724319458008,-0.008877205662429333,-0.08759026229381561,0.3952290117740631,1
619,1776962372.9435887,1776962372.9928286,/home/sylva0/on_board/logs/images/0000000619.jpg,36.1772545,-78.0343164,16.237,-6.115523338317871,-26.055465698242188,-16.23723030090332,0.03606967628002167,-0.12769855558872223,0.3871680498123169,1
620,1776962373.9506984,1776962374.0058699,/home/sylva0/on_board/logs/images/0000000620.jpg,36.1772587,-78.0343143,16.272,-5.645350456237793,-25.865753173828125,-16.27297592163086,0.020529499277472496,-0.13606277108192444,0.4271818697452545,1
621,1776962374.9349196,1776962374.9739425,/home/sylva0/on_board/logs/images/0000000621.jpg,36.1772659,-78.0343125,16.118,-4.851452827453613,-25.699644088745117,-16.11847686767578,0.057304516434669495,-0.13130296766757965,0.32179632782936096,1
622,1776962375.947568,1776962375.9946225,/home/sylva0/on_board/logs/images/0000000622.jpg,36.177271,-78.0343093,15.971,-4.284941673278809,-25.418678283691406,-15.971956253051758,0.03519333899021149,-0.13514097034931183,0.3228069841861725,1
623,1776962376.9627995,1776962377.020719,/home/sylva0/on_board/logs/images/0000000623.jpg,36.1772753,-78.0343057,15.973,-3.80167293548584,-25.09302520751953,-15.973772048950195,0.008882956579327583,-0.12590065598487854,0.2981036901473999,1
624,1776962377.9461727,1776962377.9852512,/home/sylva0/on_board/logs/images/0000000624.jpg,36.177282,-78.0343026,15.982,-3.0512990951538086,-24.810924530029297,-15.982759475708008,0.00221368670463562,-0.11054353415966034,0.3581305146217346,1
625,1776962378.956483,1776962379.0052133,/home/sylva0/on_board/logs/images/0000000625.jpg,36.1772913,-78.0342987,16.156,-2.0251550674438477,-24.465816497802734,-16.15607261657715,-0.009140543639659882,-0.11567296087741852,0.3683391511440277,1
626,1776962379.9687977,1776962380.0246441,/home/sylva0/on_board/logs/images/0000000626.jpg,36.1772984,-78.0342976,16.073,-1.2163400650024414,-24.362627029418945,-16.07256317138672,0.02260388247668743,-0.12236487865447998,0.3678951561450958,1
627,1776962380.956985,1776962380.996682,/home/sylva0/on_board/logs/images/0000000627.jpg,36.1773024,-78.0342966,16.096,-0.7828493118286133,-24.27741241455078,-16.096553802490234,-0.00928453728556633,-0.173762708902359,0.3986261188983917,1
628,1776962381.9665928,1776962382.0145173,/home/sylva0/on_board/logs/images/0000000628.jpg,36.1773072,-78.0342945,16.077,-0.24307537078857422,-24.08445167541504,-16.07729721069336,-0.0030240314081311226,-0.17139652371406555,0.37401700019836426,1
629,1776962382.9748273,1776962383.030924,/home/sylva0/on_board/logs/images/0000000629.jpg,36.1773149,-78.0342914,16.039,0.6230878829956055,-23.803068161010742,-16.03903579711914,0.011419834569096565,-0.13672228157520294,0.3423274755477905,1
630,1776962383.9808974,1776962384.0415504,/home/sylva0/on_board/logs/images/0000000630.jpg,36.177323,-78.0342856,15.978,1.264693260192871,-23.393991470336914,-15.99630355834961,-0.04362792521715164,-0.1353590488433838,0.3719647526741028,1
631,1776962384.9659119,1776962385.0115275,/home/sylva0/on_board/logs/images/0000000631.jpg,36.1773295,-78.034283,15.962,2.228335380554199,-23.05348777770996,-15.962228775024414,0.01420462317764759,-0.08733059465885162,0.37400445342063904,1
632,1776962385.9727077,1776962386.0238347,/home/sylva0/on_board/logs/images/0000000632.jpg,36.1773356,-78.0342798,16.061,2.910259246826172,-22.76076889038086,-16.06195068359375,-0.05337158590555191,-0.13631005585193634,0.3769115209579468,1
633,1776962386.9809499,1776962387.0395827,/home/sylva0/on_board/logs/images/0000000633.jpg,36.1773434,-78.0342774,15.926,3.7829809188842773,-22.553604125976562,-15.926105499267578,-0.001070970669388771,-0.13561959564685822,0.33134764432907104,1
634,1776962387.9648342,1776962388.004624,/home/sylva0/on_board/logs/images/0000000634.jpg,36.1773492,-78.0342742,16.069,4.419722557067871,-22.258285522460938,-16.069284439086914,0.006407951936125755,-0.11603972315788269,0.3121631443500519,1
635,1776962388.9760756,1776962389.0239334,/home/sylva0/on_board/logs/images/0000000635.jpg,36.1773579,-78.0342728,15.976,5.393387794494629,-22.134719848632812,-15.976314544677734,0.03290241211652756,-0.10488812625408173,0.35572418570518494,1
636,1776962389.9840364,1776962390.0385265,/home/sylva0/on_board/logs/images/0000000636.jpg,36.1773674,-78.0342708,15.83,6.452943801879883,-21.954282760620117,-15.83073616027832,0.06694664061069489,-0.07843613624572754,0.3705677092075348,1
637,1776962390.9921613,1776962391.05263,/home/sylva0/on_board/logs/images/0000000637.jpg,36.1773744,-78.0342674,15.738,7.227260589599609,-21.651044845581055,-15.738189697265625,0.07105757296085358,-0.09414342045783997,0.2846788763999939,1
638,1776962391.9836588,1776962392.0337665,/home/sylva0/on_board/logs/images/0000000638.jpg,36.1773778,-78.0342613,15.923,7.610446453094482,-21.103605270385742,-15.923227310180664,0.0029822904616594315,-0.14482083916664124,0.41068288683891296,1
639,1776962392.9927108,1776962393.0502799,/home/sylva0/on_board/logs/images/0000000639.jpg,36.1773823,-78.0342604,16.094,8.109743118286133,-21.025901794433594,-16.094215393066406,0.034525491297245026,-0.1596725434064865,0.42248979210853577,1
640,1776962393.9774756,1776962394.0167737,/home/sylva0/on_board/logs/images/0000000640.jpg,36.1773878,-78.0342565,16.219,8.727062225341797,-20.671070098876953,-16.219383239746094,0.019666070118546486,-0.1467963308095932,0.38990238308906555,1
641,1776962394.9884937,1776962395.034029,/home/sylva0/on_board/logs/images/0000000641.jpg,36.1773933,-78.0342534,16.224,9.330255508422852,-20.39569854736328,-16.224260330200195,0.01651318371295929,-0.16471560299396515,0.3905312716960907,1
642,1776962395.99572,1776962396.0437658,/home/sylva0/on_board/logs/images/0000000642.jpg,36.1774,-78.0342509,16.039,10.08218002319336,-20.168228149414062,-16.039701461791992,0.012881617993116379,-0.11776196956634521,0.26332056522369385,1
643,1776962397.0190227,1776962397.089259,/home/sylva0/on_board/logs/images/0000000643.jpg,36.1774073,-78.0342481,16.042,10.895214080810547,-19.91535758972168,-16.042226791381836,0.004515625536441803,-0.11364276707172394,0.3471064865589142,1
644,1776962398.006435,1776962398.0596163,/home/sylva0/on_board/logs/images/0000000644.jpg,36.1774125,-78.0342466,16.0,11.471878051757812,-19.78455924987793,-16.000730514526367,0.0221752617508173,-0.13398179411888123,0.3386063277721405,1
645,1776962399.0174985,1776962399.0774188,/home/sylva0/on_board/logs/images/0000000645.jpg,36.177419,-78.0342419,15.982,12.195371627807617,-19.363452911376953,-15.982032775878906,-0.01250446680933237,-0.13771940767765045,0.41055041551589966,1
646,1776962400.0237904,1776962400.0842278,/home/sylva0/on_board/logs/images/0000000646.jpg,36.1774257,-78.0342397,16.079,12.945045471191406,-19.1611328125,-16.079025268554688,-0.06273585557937622,-0.07984836399555206,-0.23455464839935303,1
647,1776962401.0166855,1776962401.0653844,/home/sylva0/on_board/logs/images/0000000647.jpg,36.1774308,-78.0342452,16.022,13.510369300842285,-19.655221939086914,-16.022083282470703,-0.02014016918838024,-0.11206719279289246,-1.2083702087402344,1
648,1776962402.0287604,1776962402.0892758,/home/sylva0/on_board/logs/images/0000000648.jpg,36.1774305,-78.0342553,16.109,13.480658531188965,-20.56699562072754,-16.109201431274414,0.11746955662965775,-0.02952452003955841,-1.4753093719482422,1
649,1776962403.0166235,1776962403.0628505,/home/sylva0/on_board/logs/images/0000000649.jpg,36.1774324,-78.0342585,16.096,13.687065124511719,-20.851001739501953,-16.0968074798584,0.08239081501960754,-0.13133269548416138,-1.2417939901351929,1
650,1776962404.0297556,1776962404.0863345,/home/sylva0/on_board/logs/images/0000000650.jpg,36.1774326,-78.0342667,16.197,13.705306053161621,-21.586383819580078,-16.19747543334961,0.18384814262390137,-0.020034221932291985,-1.3154932260513306,1
651,1776962405.0118976,1776962405.0503063,/home/sylva0/on_board/logs/images/0000000651.jpg,36.1774321,-78.0342765,16.01,13.648731231689453,-22.46727180480957,-16.010255813598633,0.18362803757190704,-0.01222109142690897,-1.2398262023925781,1
652,1776962406.022352,1776962406.0678732,/home/sylva0/on_board/logs/images/0000000652.jpg,36.177434,-78.0342792,15.826,13.865499496459961,-22.71245574951172,-15.826370239257812,0.12839700281620026,-0.08505667746067047,-1.2825809717178345,1
653,1776962407.0309377,1776962407.0835292,/home/sylva0/on_board/logs/images/0000000653.jpg,36.1774376,-78.0342821,15.966,14.265209197998047,-22.97142219543457,-15.966663360595703,0.10323058813810349,-0.05104382708668709,-1.1982640027999878,1
654,1776962408.0537748,1776962408.1273327,/home/sylva0/on_board/logs/images/0000000654.jpg,36.1774402,-78.0342923,16.122,14.556205749511719,-23.889812469482422,-16.12235450744629,0.11563628166913986,-0.02449970878660679,-1.2562592029571533,1
655,1776962409.0375276,1776962409.0931451,/home/sylva0/on_board/logs/images/0000000655.jpg,36.1774424,-78.0343022,16.035,14.80034351348877,-24.777332305908203,-16.03533172607422,0.13793174922466278,-0.03175771236419678,-1.294013261795044,1
656,1776962410.0237103,1776962410.061081,/home/sylva0/on_board/logs/images/0000000656.jpg,36.1774446,-78.0343105,16.018,15.047006607055664,-25.523109436035156,-16.01858901977539,0.11883766204118729,-0.041583508253097534,-1.2448650598526,1
657,1776962411.0335176,1776962411.076114,/home/sylva0/on_board/logs/images/0000000657.jpg,36.177447,-78.0343192,16.2,15.314264297485352,-26.302871704101562,-16.20018196105957,0.05336377024650574,0.015168104320764542,-2.035460948944092,1
658,1776962412.0426214,1776962412.0930138,/home/sylva0/on_board/logs/images/0000000658.jpg,36.177445,-78.0343246,16.064,15.084039688110352,-26.791810989379883,-16.0648193359375,-0.09024553000926971,-0.04339711368083954,-2.8158276081085205,1
659,1776962413.0530915,1776962413.1096668,/home/sylva0/on_board/logs/images/0000000659.jpg,36.177434,-78.0343272,16.07,13.86634349822998,-27.026371002197266,-16.07023048400879,0.013593774288892746,0.14849860966205597,-2.7259719371795654,1
660,1776962414.0477335,1776962414.0956383,/home/sylva0/on_board/logs/images/0000000660.jpg,36.1774274,-78.0343252,16.002,13.131536483764648,-26.845355987548828,-16.002317428588867,0.04390162229537964,0.04957287386059761,-2.7237813472747803,1
661,1776962415.0567102,1776962415.1131597,/home/sylva0/on_board/logs/images/0000000661.jpg,36.1774196,-78.0343277,15.992,12.262746810913086,-27.069568634033203,-15.992656707763672,0.057018160820007324,0.0780855268239975,-2.731569290161133,1
662,1776962416.0464818,1776962416.088824,/home/sylva0/on_board/logs/images/0000000662.jpg,36.1774151,-78.0343309,16.061,11.763849258422852,-27.360572814941406,-16.061521530151367,0.0021671997383236885,0.05952038988471031,-2.825491189956665,1
663,1776962417.0556934,1776962417.1041436,/home/sylva0/on_board/logs/images/0000000663.jpg,36.1774098,-78.0343388,16.025,11.174192428588867,-28.070354461669922,-16.02566146850586,-0.06269649416208267,0.017189819365739822,-2.831622838973999,1
664,1776962418.0634913,1776962418.1180618,/home/sylva0/on_board/logs/images/0000000664.jpg,36.1774033,-78.0343428,16.02,10.443151473999023,-28.427658081054688,-16.020456314086914,0.004234477877616882,-0.013179183937609196,-2.7438178062438965,1
665,1776962419.0764055,1776962419.140362,/home/sylva0/on_board/logs/images/0000000665.jpg,36.1773918,-78.0343441,16.05,9.171043395996094,-28.546409606933594,-16.05084228515625,0.004286995157599449,0.04293043538928032,-2.846464157104492,1
666,1776962420.0651865,1776962420.114627,/home/sylva0/on_board/logs/images/0000000666.jpg,36.1773818,-78.0343469,16.143,8.052116394042969,-28.79389762878418,-16.14337730407715,-0.004262246191501617,0.03152384236454964,-2.7766165733337402,1
667,1776962421.0759027,1776962421.1311076,/home/sylva0/on_board/logs/images/0000000667.jpg,36.1773745,-78.0343497,16.204,7.241812705993652,-29.041759490966797,-16.204370498657227,0.00043255649507045746,0.06112586334347725,-2.747894763946533,1
668,1776962422.0865998,1776962422.1498644,/home/sylva0/on_board/logs/images/0000000668.jpg,36.1773663,-78.0343545,16.14,6.330227851867676,-29.480375289916992,-16.14083480834961,-0.03820091858506203,0.04906102642416954,-2.784785747528076,1
669,1776962423.0692093,1776962423.1125343,/home/sylva0/on_board/logs/images/0000000669.jpg,36.1773581,-78.0343585,16.151,5.414619445800781,-29.840328216552734,-16.15167236328125,0.017533546313643456,0.0814739465713501,-2.741340398788452,1
670,1776962424.0787473,1776962424.1272097,/home/sylva0/on_board/logs/images/0000000670.jpg,36.1773497,-78.0343629,16.124,4.478995323181152,-30.232860565185547,-16.124603271484375,-0.0015798583626747131,0.07490170001983643,-2.7631051540374756,1
671,1776962425.0969117,1776962425.157913,/home/sylva0/on_board/logs/images/0000000671.jpg,36.1773437,-78.0343655,16.048,3.8100147247314453,-30.463924407958984,-16.048175811767578,0.04858294874429703,0.0376875177025795,-2.688656806945801,1
672,1776962426.081842,1776962426.1243346,/home/sylva0/on_board/logs/images/0000000672.jpg,36.1773355,-78.0343701,15.93,2.897674560546875,-30.87714385986328,-15.930809020996094,0.032271869480609894,0.03550519421696663,-2.676400661468506,1
673,1776962427.09052,1776962427.1383848,/home/sylva0/on_board/logs/images/0000000673.jpg,36.1773281,-78.0343743,15.93,2.073709487915039,-31.25818634033203,-15.930486679077148,0.04884888976812363,0.032820507884025574,-2.697812080383301,1
674,1776962428.1016564,1776962428.1569996,/home/sylva0/on_board/logs/images/0000000674.jpg,36.17732,-78.0343773,15.936,1.1689844131469727,-31.526185989379883,-15.936973571777344,0.05485454201698303,0.01180669292807579,-2.6604626178741455,1
675,1776962429.084381,1776962429.1216912,/home/sylva0/on_board/logs/images/0000000675.jpg,36.1773121,-78.034381,16.069,0.2881937026977539,-31.862560272216797,-16.072113037109375,0.0737263634800911,0.018051087856292725,-2.704270839691162,1
676,1776962430.098104,1776962430.1459367,/home/sylva0/on_board/logs/images/0000000676.jpg,36.1773051,-78.034387,16.073,-0.48110294342041016,-32.398780822753906,-16.07331085205078,0.020715268328785896,0.04211115464568138,-2.7125749588012695,1
677,1776962431.1232982,1776962431.1921544,/home/sylva0/on_board/logs/images/0000000677.jpg,36.1772977,-78.034393,16.096,-1.3035097122192383,-32.93233108520508,-16.096309661865234,-0.02141202986240387,0.06449715793132782,-2.7570056915283203,1
678,1776962432.1130776,1776962432.1675246,/home/sylva0/on_board/logs/images/0000000678.jpg,36.1772887,-78.0343973,16.157,-2.3080129623413086,-33.32032775878906,-16.157913208007812,0.0062297433614730835,0.05543048307299614,-2.764718770980835,1
679,1776962433.1226988,1776962433.182539,/home/sylva0/on_board/logs/images/0000000679.jpg,36.17728,-78.0343974,16.212,-3.280259132385254,-33.3327522277832,-16.212581634521484,0.06504342705011368,0.0274345763027668,-2.79618239402771,1
680,1776962434.1080675,1776962434.150363,/home/sylva0/on_board/logs/images/0000000680.jpg,36.1772729,-78.0344009,16.004,-4.067688941955566,-33.64399337768555,-16.004396438598633,0.03484567999839783,0.017984647303819656,-2.7665927410125732,1
681,1776962435.1162176,1776962435.1655426,/home/sylva0/on_board/logs/images/0000000681.jpg,36.1772677,-78.0344053,15.969,-4.6447038650512695,-34.040283203125,-15.969402313232422,0.0005326466634869576,0.03754095360636711,-2.799638509750366,1
682,1776962436.1238751,1776962436.180153,/home/sylva0/on_board/logs/images/0000000682.jpg,36.1772601,-78.0344101,15.835,-5.489062309265137,-34.473392486572266,-15.835290908813477,-0.005789035931229591,0.019579146057367325,-2.7768537998199463,1
683,1776962437.1153073,1776962437.1596682,/home/sylva0/on_board/logs/images/0000000683.jpg,36.1772514,-78.0344122,15.782,-6.465306282043457,-34.6593017578125,-15.782632827758789,0.03645537793636322,0.013686943799257278,-2.7745070457458496,1
684,1776962438.1263862,1776962438.1778483,/home/sylva0/on_board/logs/images/0000000684.jpg,36.1772428,-78.0344166,15.773,-7.421364784240723,-35.05418014526367,-15.773626327514648,0.014563819393515587,0.009040497243404388,-2.8055286407470703,1
685,1776962439.135889,1776962439.1933184,/home/sylva0/on_board/logs/images/0000000685.jpg,36.1772369,-78.0344217,15.907,-8.079306602478027,-35.51594543457031,-15.907398223876953,-0.03836798667907715,0.010158848017454147,-2.8494644165039062,1
686,1776962440.145879,1776962440.2086673,/home/sylva0/on_board/logs/images/0000000686.jpg,36.1772282,-78.0344264,15.805,-9.045754432678223,-35.94146728515625,-15.805353164672852,-0.019117986783385277,0.008735118433833122,-2.829617738723755,1
687,1776962441.128829,1776962441.1711967,/home/sylva0/on_board/logs/images/0000000687.jpg,36.1772175,-78.0344287,15.727,-10.233149528503418,-36.142967224121094,-15.72746467590332,0.0075196679681539536,0.025855261832475662,-2.7395167350769043,1
688,1776962442.1501343,1776962442.2116883,/home/sylva0/on_board/logs/images/0000000688.jpg,36.1772102,-78.034431,15.779,-11.044814109802246,-36.3519287109375,-15.77955436706543,0.014465445652604103,-0.02077304758131504,-2.7324044704437256,1
689,1776962443.1392794,1776962443.1862512,/home/sylva0/on_board/logs/images/0000000689.jpg,36.177201,-78.0344349,15.831,-12.07677936553955,-36.704307556152344,-15.831369400024414,-0.0028749052435159683,0.06594350934028625,-2.8381688594818115,1
690,1776962444.1499014,1776962444.2018657,/home/sylva0/on_board/logs/images/0000000690.jpg,36.1771943,-78.0344427,15.887,-12.820952415466309,-37.40606689453125,-15.887687683105469,-0.04030143469572067,-0.017103634774684906,-2.787579298019409,1
691,1776962445.1585367,1776962445.2184088,/home/sylva0/on_board/logs/images/0000000691.jpg,36.1771876,-78.0344482,16.077,-13.55977725982666,-37.894168853759766,-16.077436447143555,-0.06710588186979294,0.013227056711912155,-2.7760848999023438,1
692,1776962446.1425996,1776962446.1849256,/home/sylva0/on_board/logs/images/0000000692.jpg,36.1771797,-78.0344489,16.21,-14.446375846862793,-37.95623779296875,-16.210172653198242,0.002627621404826641,0.028636466711759567,-2.7790966033935547,1
693,1776962447.1520386,1776962447.1987906,/home/sylva0/on_board/logs/images/0000000693.jpg,36.1771731,-78.0344508,16.197,-15.175345420837402,-38.13142395019531,-16.197994232177734,-0.028954606503248215,0.0507909394800663,-2.775599479675293,1
694,1776962448.1773143,1776962448.246135,/home/sylva0/on_board/logs/images/0000000694.jpg,36.1771648,-78.034452,16.164,-16.099872589111328,-38.234596252441406,-16.164087295532227,0.010496390983462334,0.028385993093252182,-2.798818349838257,1
695,1776962449.164503,1776962449.2163296,/home/sylva0/on_board/logs/images/0000000695.jpg,36.1771579,-78.0344541,16.075,-16.87032699584961,-38.42812728881836,-16.07522964477539,-0.01551428996026516,0.03782729431986809,-2.8457398414611816,1
696,1776962450.1725426,1776962450.2277548,/home/sylva0/on_board/logs/images/0000000696.jpg,36.1771514,-78.0344572,15.976,-17.59164810180664,-38.70555877685547,-15.976224899291992,0.007810195907950401,0.04234283044934273,-2.7683074474334717,1
697,1776962451.1561847,1776962451.193732,/home/sylva0/on_board/logs/images/0000000697.jpg,36.1771443,-78.034461,15.954,-18.37911605834961,-39.04447937011719,-15.954048156738281,0.021183466538786888,0.037753984332084656,-2.827768325805664,1
698,1776962452.1653645,1776962452.210353,/home/sylva0/on_board/logs/images/0000000698.jpg,36.1771357,-78.0344683,15.991,-19.346599578857422,-39.707176208496094,-15.991758346557617,-0.047674909234046936,0.051801469177007675,-2.8090317249298096,1
699,1776962453.1728263,1776962453.223783,/home/sylva0/on_board/logs/images/0000000699.jpg,36.1771288,-78.0344775,15.926,-20.113540649414062,-40.52928924560547,-15.926151275634766,-0.14814090728759766,0.09322644770145416,-2.828465700149536,1
700,1776962454.1819887,1776962454.2402751,/home/sylva0/on_board/logs/images/0000000700.jpg,36.1771203,-78.0344773,15.909,-21.050613403320312,-40.50875473022461,-15.909364700317383,-0.0027883080765604973,0.05947956070303917,-2.83443021774292,1
701,1776962455.1656098,1776962455.2053673,/home/sylva0/on_board/logs/images/0000000701.jpg,36.1771102,-78.0344761,15.828,-22.184612274169922,-40.40330505371094,-15.828773498535156,0.04359602928161621,0.06324781477451324,-2.8336706161499023,1
702,1776962456.1740184,1776962456.220518,/home/sylva0/on_board/logs/images/0000000702.jpg,36.1771034,-78.0344815,15.809,-22.93319320678711,-40.89042663574219,-15.80946159362793,-0.039155084639787674,0.0352027453482151,-2.812232732772827,1
703,1776962457.1842408,1776962457.2348402,/home/sylva0/on_board/logs/images/0000000703.jpg,36.1770943,-78.0344883,15.9,-23.951213836669922,-41.49618148803711,-15.900604248046875,-0.05846913903951645,0.08743222057819366,-2.7670958042144775,1
704,1776962458.1923027,1776962458.249819,/home/sylva0/on_board/logs/images/0000000704.jpg,36.177088,-78.0344911,15.909,-24.652603149414062,-41.74945068359375,-15.90939712524414,0.016904663294553757,0.05432227626442909,-2.7178633213043213,1
705,1776962459.194779,1776962459.251263,/home/sylva0/on_board/logs/images/0000000705.jpg,36.1770789,-78.0344936,16.0,-25.67007064819336,-41.97458267211914,-16.000707626342773,0.009211115539073944,0.052268195897340775,-2.764648675918579,1
706,1776962460.1777318,1776962460.2161896,/home/sylva0/on_board/logs/images/0000000706.jpg,36.1770701,-78.0344979,16.199,-26.641300201416016,-42.36554718017578,-16.199222564697266,-0.018705029040575027,0.041864532977342606,-2.763638496398926,1
707,1776962461.187386,1776962461.2318294,/home/sylva0/on_board/logs/images/0000000707.jpg,36.1770596,-78.0345,16.148,-27.816730499267578,-42.554222106933594,-16.148977279663086,0.07496821135282516,0.03440527990460396,-2.7650208473205566,1
708,1776962462.1973226,1776962462.2468987,/home/sylva0/on_board/logs/images/0000000708.jpg,36.177052,-78.0345065,16.088,-28.65502166748047,-43.133766174316406,-16.088130950927734,0.004569122567772865,0.04802900180220604,-2.801807403564453,1
709,1776962463.206626,1776962463.2605898,/home/sylva0/on_board/logs/images/0000000709.jpg,36.1770469,-78.0345109,16.09,-29.227203369140625,-43.52819061279297,-16.090028762817383,0.011915573850274086,-0.0179350133985281,-2.733274459838867,1
710,1776962464.2227857,1776962464.29064,/home/sylva0/on_board/logs/images/0000000710.jpg,36.177038,-78.0345173,16.02,-30.212066650390625,-44.10124206542969,-16.020784378051758,-0.01015430223196745,0.059606414288282394,-2.7666351795196533,1
711,1776962465.2066364,1776962465.257761,/home/sylva0/on_board/logs/images/0000000711.jpg,36.1770284,-78.0345224,15.926,-31.28845977783203,-44.5596923828125,-15.926689147949219,-0.033050067722797394,0.10339903831481934,-2.8106296062469482,1
712,1776962466.2168093,1776962466.2730398,/home/sylva0/on_board/logs/images/0000000712.jpg,36.1770198,-78.034525,15.795,-32.24287414550781,-44.80054473876953,-15.795391082763672,-0.01492383237928152,0.08457696437835693,-2.7432973384857178,1
713,1776962467.2026978,1776962467.2403505,/home/sylva0/on_board/logs/images/0000000713.jpg,36.1770083,-78.0345265,15.687,-33.52361297607422,-44.92853546142578,-15.687051773071289,0.052405305206775665,0.13002200424671173,-2.7480859756469727,1
714,1776962468.2118497,1776962468.2580535,/home/sylva0/on_board/logs/images/0000000714.jpg,36.1770043,-78.0345291,15.657,-33.974334716796875,-45.16431427001953,-15.657840728759766,0.07401319593191147,0.10148893296718597,-2.511178970336914,1
715,1776962469.2208033,1776962469.270808,/home/sylva0/on_board/logs/images/0000000715.jpg,36.1770004,-78.0345323,15.963,-34.40169906616211,-45.44952392578125,-15.963144302368164,0.14122411608695984,-0.03264862298965454,-1.2189711332321167,1
716,1776962470.2343469,1776962470.2966084,/home/sylva0/on_board/logs/images/0000000716.jpg,36.1769976,-78.034536,16.081,-34.71015167236328,-45.783687591552734,-16.081571578979492,0.19867044687271118,-0.11645539104938507,-1.1937237977981567,1
717,1776962471.219286,1776962471.2663147,/home/sylva0/on_board/logs/images/0000000717.jpg,36.177002,-78.0345434,16.043,-34.221595764160156,-46.45166778564453,-16.04360008239746,0.08641413599252701,-0.10813376307487488,-1.1938354969024658,1
718,1776962472.2292328,1776962472.284687,/home/sylva0/on_board/logs/images/0000000718.jpg,36.177009,-78.0345495,16.028,-33.441062927246094,-46.99809646606445,-16.02878761291504,-0.014299294911324978,-0.10279406607151031,-1.1104918718338013,1
719,1776962473.241292,1776962473.30325,/home/sylva0/on_board/logs/images/0000000719.jpg,36.1770127,-78.0345661,16.032,-33.075462341308594,-48.119300842285156,-16.04224395751953,0.05028862506151199,-0.03532026335597038,-1.150627851486206,1
720,1776962474.224557,1776962474.2662175,/home/sylva0/on_board/logs/images/0000000720.jpg,36.1770141,-78.0345759,15.976,-32.88159942626953,-49.368499755859375,-15.976274490356445,0.06911003589630127,-0.012075462378561497,-1.2466833591461182,1
721,1776962475.2373934,1776962475.290082,/home/sylva0/on_board/logs/images/0000000721.jpg,36.1770167,-78.0345847,16.004,-32.589385986328125,-50.159759521484375,-16.004117965698242,0.06968307495117188,-0.09331260621547699,-1.1448311805725098,1
722,1776962476.2490828,1776962476.308421,/home/sylva0/on_board/logs/images/0000000722.jpg,36.1770163,-78.0345949,15.977,-32.63060760498047,-51.08058166503906,-15.977705001831055,0.14300242066383362,-0.03251202031970024,-1.2307342290878296,1
723,1776962477.2579904,1776962477.3206565,/home/sylva0/on_board/logs/images/0000000723.jpg,36.1770215,-78.0346024,16.179,-32.05266189575195,-51.753936767578125,-16.1792049407959,0.06199948489665985,-0.04939644783735275,-1.1872156858444214,1
724,1776962478.2451708,1776962478.2948754,/home/sylva0/on_board/logs/images/0000000724.jpg,36.1770258,-78.0346126,16.178,-31.57524871826172,-52.66654968261719,-16.178037643432617,0.07693254202604294,-0.03079487383365631,-1.2025505304336548,1
725,1776962479.2526772,1776962479.309838,/home/sylva0/on_board/logs/images/0000000725.jpg,36.1770264,-78.0346171,16.11,-31.503814697265625,-53.07170867919922,-16.110506057739258,0.08536387234926224,-0.030849801376461983,-1.1606876850128174,1
726,1776962480.2361364,1776962480.2749448,/home/sylva0/on_board/logs/images/0000000726.jpg,36.1770309,-78.0346218,15.971,-31.011714935302734,-53.49787902832031,-15.97188949584961,0.12172377854585648,-0.06784413009881973,-0.20760445296764374,1
727,1776962481.2463918,1776962481.2905068,/home/sylva0/on_board/logs/images/0000000727.jpg,36.1770339,-78.0346185,16.064,-30.671363830566406,-53.19892883300781,-16.064096450805664,-0.07803664356470108,-0.10206717252731323,0.6486361026763916,1
728,1776962482.2562895,1776962482.3087134,/home/sylva0/on_board/logs/images/0000000728.jpg,36.1770384,-78.0346201,16.092,-30.176074981689453,-53.34453582763672,-16.092721939086914,-0.011126083321869373,-0.17163631319999695,0.47937649488449097,1
729,1776962483.26251,1776962483.3173192,/home/sylva0/on_board/logs/images/0000000729.jpg,36.1770467,-78.0346168,16.253,-29.244873046875,-53.042816162109375,-16.253576278686523,-0.006174440961331129,-0.041189275681972504,0.41461989283561707,1
730,1776962484.2502384,1776962484.2884727,/home/sylva0/on_board/logs/images/0000000730.jpg,36.1770559,-78.0346125,16.12,-28.55670166015625,-52.777671813964844,-16.121936798095703,0.017724351957440376,-0.1379881650209427,0.46758943796157837,1
731,1776962485.2587657,1776962485.3041906,/home/sylva0/on_board/logs/images/0000000731.jpg,36.1770625,-78.0346089,16.051,-27.4947509765625,-52.3338623046875,-16.051828384399414,-0.0016968529671430588,-0.08431429415941238,0.4056410789489746,1
732,1776962486.2810907,1776962486.344807,/home/sylva0/on_board/logs/images/0000000732.jpg,36.1770667,-78.0346045,15.942,-27.027820587158203,-51.93792724609375,-15.942995071411133,-0.032401468604803085,-0.16598810255527496,0.3905651867389679,1
733,1776962487.2695346,1776962487.3183105,/home/sylva0/on_board/logs/images/0000000733.jpg,36.1770765,-78.0345978,15.851,-25.936840057373047,-51.3408203125,-15.851722717285156,-0.055300794541835785,-0.06568767130374908,0.48286983370780945,1
734,1776962488.2767496,1776962488.3298097,/home/sylva0/on_board/logs/images/0000000734.jpg,36.1770837,-78.0345932,15.867,-25.127132415771484,-50.923622131347656,-15.867238998413086,-0.05105070024728775,-0.07790536433458328,0.507838785648346,1
735,1776962489.2851832,1776962489.345447,/home/sylva0/on_board/logs/images/0000000735.jpg,36.1770907,-78.03459,15.901,-24.348663330078125,-50.64021301269531,-15.901103973388672,-0.04254193603992462,-0.08784021437168121,0.4133058190345764,1
736,1776962490.2711728,1776962490.3125818,/home/sylva0/on_board/logs/images/0000000736.jpg,36.177096,-78.0345834,15.916,-23.75884246826172,-50.045555114746094,-15.91655158996582,-0.12084498256444931,-0.08636584877967834,0.38687664270401,1
737,1776962491.2787974,1776962491.3265765,/home/sylva0/on_board/logs/images/0000000737.jpg,36.1771063,-78.0345838,15.763,-22.613040924072266,-50.08397674560547,-15.763280868530273,0.0003687310963869095,-0.0728493481874466,0.5293633341789246,1
738,1776962492.2884183,1776962492.3435793,/home/sylva0/on_board/logs/images/0000000738.jpg,36.1771163,-78.0345836,15.711,-21.498798370361328,-50.06060028076172,-15.711227416992188,0.020304637029767036,-0.07430988550186157,0.43533116579055786,1
739,1776962493.2977297,1776962493.3586433,/home/sylva0/on_board/logs/images/0000000739.jpg,36.1771271,-78.0345823,15.587,-20.298728942871094,-49.94624328613281,-15.587675094604492,0.07066385447978973,-0.042970236390829086,0.38028258085250854,1
740,1776962494.2810998,1776962494.3245401,/home/sylva0/on_board/logs/images/0000000740.jpg,36.1771318,-78.0345752,15.662,-19.776447296142578,-49.312110900878906,-15.662389755249023,-0.02311648428440094,-0.09634092450141907,0.42189696431159973,1
741,1776962495.2903013,1776962495.34045,/home/sylva0/on_board/logs/images/0000000741.jpg,36.1771364,-78.0345678,15.73,-19.261375427246094,-48.639068603515625,-15.730134963989258,-0.07351751625537872,-0.0716404914855957,0.36160558462142944,1
742,1776962496.2988367,1776962496.354796,/home/sylva0/on_board/logs/images/0000000742.jpg,36.1771433,-78.0345641,15.887,-18.49274444580078,-48.31250762939453,-15.887613296508789,-0.02286241203546524,-0.09079793095588684,0.39839044213294983,1
743,1776962497.2950132,1776962497.3423598,/home/sylva0/on_board/logs/images/0000000743.jpg,36.1771501,-78.0345619,16.001,-17.73992156982422,-48.11067199707031,-16.001239776611328,0.022733496502041817,-0.09553961455821991,0.38790667057037354,1
744,1776962498.2993221,1776962498.3502214,/home/sylva0/on_board/logs/images/0000000744.jpg,36.1771566,-78.0345594,16.284,-17.017868041992188,-47.888458251953125,-16.28412628173828,0.014924541115760803,-0.154306560754776,0.454093337059021,1
745,1776962499.309722,1776962499.3675175,/home/sylva0/on_board/logs/images/0000000745.jpg,36.1771606,-78.0345583,16.323,-16.56930160522461,-47.785491943359375,-16.32306480407715,0.0474594309926033,-0.18120844662189484,0.40351602435112,1
746,1776962500.2938051,1776962500.3320405,/home/sylva0/on_board/logs/images/0000000746.jpg,36.1771666,-78.0345526,16.285,-15.900712013244629,-47.27765655517578,-16.285593032836914,0.0016138823702931404,-0.13994398713111877,0.40721559524536133,1
747,1776962501.3049865,1776962501.3493273,/home/sylva0/on_board/logs/images/0000000747.jpg,36.1771731,-78.0345495,16.141,-15.17630672454834,-47.00127410888672,-16.141759872436523,0.002444474957883358,-0.1838255524635315,0.4070001542568207,1
748,1776962502.3139296,1776962502.362867,/home/sylva0/on_board/logs/images/0000000748.jpg,36.1771769,-78.0345472,15.897,-14.760687828063965,-46.78874969482422,-15.89703369140625,0.0019351430237293243,-0.1896630823612213,0.4000021517276764,1
749,1776962503.3252099,1776962503.3837206,/home/sylva0/on_board/logs/images/0000000749.jpg,36.1771832,-78.0345438,15.678,-14.051819801330566,-46.49056625366211,-15.678443908691406,-0.019360007718205452,-0.14110028743743896,0.3795848488807678,1
750,1776962504.3065686,1776962504.3458729,/home/sylva0/on_board/logs/images/0000000750.jpg,36.1771939,-78.0345337,15.639,-12.8674955368042,-45.58210754394531,-15.639297485351562,-0.09093327820301056,-0.04435615986585617,0.4501177966594696,1
751,1776962505.3153577,1776962505.3587153,/home/sylva0/on_board/logs/images/0000000751.jpg,36.1772016,-78.03453,15.789,-12.001677513122559,-45.24384307861328,-15.789453506469727,0.013741891831159592,-0.10208043456077576,0.4367050528526306,1
752,1776962506.3271952,1776962506.3782706,/home/sylva0/on_board/logs/images/0000000752.jpg,36.1772097,-78.0345308,16.028,-11.10358715057373,-45.316497802734375,-16.028324127197266,0.025231635197997093,-0.14102903008460999,0.43569156527519226,1
753,1776962507.3205109,1776962507.3594127,/home/sylva0/on_board/logs/images/0000000753.jpg,36.1772177,-78.0345277,16.197,-10.2156343460083,-45.03847885131836,-16.197467803955078,0.05439066141843796,-0.15253227949142456,0.4092576801776886,1
754,1776962508.340091,1776962508.3944016,/home/sylva0/on_board/logs/images/0000000754.jpg,36.1772239,-78.0345235,16.18,-9.525139808654785,-44.667236328125,-16.180063247680664,0.002059515565633774,-0.1531517058610916,0.44282642006874084,1
755,1776962509.3476841,1776962509.4061227,/home/sylva0/on_board/logs/images/0000000755.jpg,36.1772307,-78.0345196,16.184,-8.767563819885254,-44.31504440307617,-16.184249877929688,0.01246785931289196,-0.1908889263868332,0.3874702751636505,1
756,1776962510.329854,1776962510.36844,/home/sylva0/on_board/logs/images/0000000756.jpg,36.1772386,-78.034514,16.192,-7.887082099914551,-43.80842971801758,-16.19293212890625,-0.005009936634451151,-0.14242789149284363,0.4114799201488495,1
757,1776962511.3407238,1776962511.3892965,/home/sylva0/on_board/logs/images/0000000757.jpg,36.1772439,-78.0345087,15.969,-7.292548179626465,-43.33221435546875,-15.969470977783203,-0.017538711428642273,-0.14974479377269745,0.4410269558429718,1
758,1776962512.3486457,1776962512.4008334,/home/sylva0/on_board/logs/images/0000000758.jpg,36.1772521,-78.0345086,15.743,-6.381726264953613,-43.32508087158203,-15.743364334106445,0.07866959273815155,-0.21185798943042755,0.45196443796157837,1
759,1776962513.364623,1776962513.4287853,/home/sylva0/on_board/logs/images/0000000759.jpg,36.1772592,-78.0345043,15.817,-5.590630531311035,-42.93498611450195,-15.817573547363281,0.009044233709573746,-0.08744436502456665,0.38089245557785034,1
760,1776962514.3517509,1776962514.3982246,/home/sylva0/on_board/logs/images/0000000760.jpg,36.1772671,-78.0344994,15.805,-4.713332176208496,-42.50138854980469,-15.805871963500977,0.008403697982430458,-0.07445549219846725,0.3997093737125397,1
761,1776962515.3616152,1776962515.4156284,/home/sylva0/on_board/logs/images/0000000761.jpg,36.1772742,-78.0344955,15.856,-3.923398017883301,-42.148536682128906,-15.856439590454102,-0.02670874074101448,-0.102669358253479,0.40067577362060547,1
762,1776962516.3699489,1776962516.4292872,/home/sylva0/on_board/logs/images/0000000762.jpg,36.1772817,-78.0344919,15.963,-3.0892839431762695,-41.8266487121582,-15.96353530883789,0.017388420179486275,-0.13033650815486908,0.42503470182418823,1
763,1776962517.3575845,1776962517.401672,/home/sylva0/on_board/logs/images/0000000763.jpg,36.1772896,-78.0344854,15.977,-2.2131853103637695,-41.239105224609375,-15.977243423461914,-0.07052779942750931,-0.05767956003546715,0.4101213812828064,1
764,1776962518.3710103,1776962518.4259334,/home/sylva0/on_board/logs/images/0000000764.jpg,36.1772956,-78.03448,15.994,-1.5362920761108398,-40.756263732910156,-15.994844436645508,-0.08471130579710007,-0.10984639823436737,0.37927815318107605,1
765,1776962519.356002,1776962519.3951142,/home/sylva0/on_board/logs/images/0000000765.jpg,36.1773028,-78.0344788,15.984,-0.743220329284668,-40.644649505615234,-15.984596252441406,-0.030193841084837914,-0.1648644059896469,0.41041329503059387,1
766,1776962520.3646512,1776962520.407222,/home/sylva0/on_board/logs/images/0000000766.jpg,36.1773085,-78.0344784,15.839,-0.10045242309570312,-40.611961364746094,-15.839847564697266,-0.016671452671289444,-0.14397254586219788,0.4492889940738678,1
767,1776962521.372982,1776962521.4199517,/home/sylva0/on_board/logs/images/0000000767.jpg,36.1773121,-78.0344765,15.717,0.2920093536376953,-40.43727111816406,-15.717214584350586,-0.031620025634765625,-0.17906591296195984,0.424363911151886,1
768,1776962522.3820977,1776962522.4379146,/home/sylva0/on_board/logs/images/0000000768.jpg,36.1773144,-78.0344736,15.778,0.5459270477294922,-40.1826171875,-15.77836799621582,-0.11444734036922455,-0.19507835805416107,0.4578401446342468,1
769,1776962523.3915124,1776962523.452661,/home/sylva0/on_board/logs/images/0000000769.jpg,36.1773204,-78.034469,16.004,1.2205514907836914,-39.76634979248047,-16.00437355041504,-0.06532623618841171,-0.19927936792373657,0.39089396595954895,1
770,1776962524.375778,1776962524.4205246,/home/sylva0/on_board/logs/images/0000000770.jpg,36.1773292,-78.0344664,16.184,2.198552131652832,-39.53327941894531,-16.184329986572266,-0.028254033997654915,-0.2059684842824936,0.3830147683620453,1
771,1776962525.3835266,1776962525.433215,/home/sylva0/on_board/logs/images/0000000771.jpg,36.1773382,-78.0344599,16.081,3.200375556945801,-38.9493408203125,-16.081562042236328,-0.07246080040931702,-0.136790469288826,0.3778688907623291,1
772,1776962526.3939474,1776962526.4479268,/home/sylva0/on_board/logs/images/0000000772.jpg,36.1773466,-78.034456,16.018,4.132687568664551,-38.59747314453125,-16.018966674804688,-0.04173298180103302,-0.16031458973884583,0.43306058645248413,1
773,1776962527.4053826,1776962527.465901,/home/sylva0/on_board/logs/images/0000000773.jpg,36.1773552,-78.0344507,16.03,5.0897321701049805,-38.119041442871094,-16.03085708618164,-0.06791245192289352,-0.13480134308338165,0.388623982667923,1
774,1776962528.388473,1776962528.4306257,/home/sylva0/on_board/logs/images/0000000774.jpg,36.1773612,-78.034449,16.162,5.760133743286133,-37.967437744140625,-16.16216278076172,-0.02513943240046501,-0.1591154783964157,0.38174715638160706,1
775,1776962529.4156694,1776962529.4793246,/home/sylva0/on_board/logs/images/0000000775.jpg,36.1773685,-78.0344438,16.183,6.569943428039551,-37.50050735473633,-16.183866500854492,-0.034927986562252045,-0.15549682080745697,0.33412501215934753,1
776,1776962530.401078,1776962530.4488015,/home/sylva0/on_board/logs/images/0000000776.jpg,36.177378,-78.0344402,16.044,7.630099296569824,-37.17338562011719,-16.044334411621094,-0.036223530769348145,-0.13618512451648712,0.40256738662719727,1
777,1776962531.4100502,1776962531.4613376,/home/sylva0/on_board/logs/images/0000000777.jpg,36.1773865,-78.0344349,16.051,8.580184936523438,-36.69880676269531,-16.051061630249023,-0.04792546480894089,-0.14500506222248077,0.38417699933052063,1
778,1776962532.4175434,1776962532.4746194,/home/sylva0/on_board/logs/images/0000000778.jpg,36.1773932,-78.0344315,15.89,9.320426940917969,-36.394161224365234,-15.890270233154297,-0.006378221325576305,-0.17501360177993774,0.416375994682312,1
779,1776962533.4023654,1776962533.4403613,/home/sylva0/on_board/logs/images/0000000779.jpg,36.1773979,-78.0344264,15.868,9.845924377441406,-35.93717956542969,-15.868040084838867,-0.0490703359246254,-0.19408699870109558,0.39232000708580017,1
780,1776962534.4118333,1776962534.4585068,/home/sylva0/on_board/logs/images/0000000780.jpg,36.1774018,-78.0344245,15.768,10.281570434570312,-35.76354217529297,-15.768672943115234,-0.038252513855695724,-0.17869026958942413,0.41075119376182556,1
781,1776962535.419108,1776962535.4728029,/home/sylva0/on_board/logs/images/0000000781.jpg,36.1774068,-78.0344241,15.794,10.837244987487793,-35.731178283691406,-15.794742584228516,-0.050241224467754364,-0.20841966569423676,0.4461946487426758,1
782,1776962536.4287055,1776962536.4897778,/home/sylva0/on_board/logs/images/0000000782.jpg,36.1774148,-78.0344209,15.783,11.723426818847656,-35.44755554199219,-15.78369140625,-0.025168415158987045,-0.14832714200019836,0.49997636675834656,1
783,1776962537.4121058,1776962537.454994,/home/sylva0/on_board/logs/images/0000000783.jpg,36.177423,-78.0344165,15.938,12.643596649169922,-35.04706573486328,-15.938009262084961,0.003650464117527008,-0.22264371812343597,0.3803768455982208,1
784,1776962538.4203477,1776962538.4702713,/home/sylva0/on_board/logs/images/0000000784.jpg,36.1774282,-78.0344126,16.01,13.218027114868164,-34.693992614746094,-16.01032257080078,-0.07733651250600815,-0.18524864315986633,0.41733014583587646,1
785,1776962539.4289713,1776962539.4842815,/home/sylva0/on_board/logs/images/0000000785.jpg,36.1774355,-78.0344085,15.893,14.034512519836426,-34.328155517578125,-15.893648147583008,-0.07778862118721008,-0.15691214799880981,0.41438034176826477,1
786,1776962540.424965,1776962540.4738579,/home/sylva0/on_board/logs/images/0000000786.jpg,36.1774437,-78.0344024,15.938,14.941853523254395,-33.78179168701172,-15.938194274902344,-0.12136323750019073,-0.1687009185552597,0.41704609990119934,1
787,1776962541.4389145,1776962541.4990814,/home/sylva0/on_board/logs/images/0000000787.jpg,36.1774502,-78.0343978,16.102,15.69991397857666,-33.368629455566406,-16.105302810668945,-0.10839225351810455,-0.19972360134124756,0.36582663655281067,1
788,1776962542.4205008,1776962542.4614177,/home/sylva0/on_board/logs/images/0000000788.jpg,36.1774608,-78.0343948,16.045,16.8560733795166,-33.09640884399414,-16.04583168029785,-0.07614121586084366,-0.1343604326248169,0.41127896308898926,1
789,1776962543.4293542,1776962543.478064,/home/sylva0/on_board/logs/images/0000000789.jpg,36.1774657,-78.0343876,15.981,17.407888412475586,-32.45310974121094,-15.981718063354492,-0.18016166985034943,-0.048096079379320145,0.4159106910228729,1
790,1776962544.4383407,1776962544.4954274,/home/sylva0/on_board/logs/images/0000000790.jpg,36.1774697,-78.034389,15.942,17.850154876708984,-32.57398223876953,-15.942110061645508,-0.03154262155294418,-0.04938334599137306,0.4237251281738281,1
791,1776962545.4478683,1776962545.5107293,/home/sylva0/on_board/logs/images/0000000791.jpg,36.1774689,-78.0343962,16.318,17.755416870117188,-33.226341247558594,-16.318946838378906,0.04658987373113632,-0.13279959559440613,0.3198786973953247,1
792,1776962546.432549,1776962546.4755313,/home/sylva0/on_board/logs/images/0000000792.jpg,36.1774688,-78.0343964,16.238,17.751789093017578,-33.2439079284668,-16.238000869750977,0.036620333790779114,-0.04033346846699715,0.4158400595188141,1
793,1776962547.4443402,1776962547.4936023,/home/sylva0/on_board/logs/images/0000000793.jpg,36.1774689,-78.0343959,16.198,17.765636444091797,-33.198455810546875,-16.19899559020996,0.05117145925760269,-0.08641457557678223,0.39016932249069214,1
794,1776962548.4529529,1776962548.5081873,/home/sylva0/on_board/logs/images/0000000794.jpg,36.1774691,-78.0343991,16.041,17.7844181060791,-33.485557556152344,-16.041227340698242,0.021085208281874657,-0.12967437505722046,0.42581644654273987,1
795,1776962549.4606733,1776962549.5219448,/home/sylva0/on_board/logs/images/0000000795.jpg,36.1774673,-78.0343966,15.996,17.58441734313965,-33.26020050048828,-15.996248245239258,0.015010751783847809,-0.10459481179714203,0.3222772777080536,1
796,1776962550.4443364,1776962550.4857728,/home/sylva0/on_board/logs/images/0000000796.jpg,36.1774661,-78.034396,15.89,17.44878387451172,-33.20573043823242,-15.890493392944336,0.05248992145061493,-0.09435620903968811,0.4041742980480194,1
797,1776962551.4533951,1776962551.5036252,/home/sylva0/on_board/logs/images/0000000797.jpg,36.1774655,-78.0343929,16.13,17.3865909576416,-32.93062210083008,-16.130102157592773,-0.001045585609972477,-0.1108073741197586,0.4099633991718292,1
798,1776962552.461952,1776962552.5193467,/home/sylva0/on_board/logs/images/0000000798.jpg,36.1774658,-78.0343929,16.151,17.411563873291016,-32.92601013183594,-16.15161895751953,0.0017645666375756264,-0.14484615623950958,0.5067717432975769,1
799,1776962553.4471343,1776962553.4850097,/home/sylva0/on_board/logs/images/0000000799.jpg,36.1774652,-78.0343931,16.077,17.345487594604492,-32.943824768066406,-16.077035903930664,0.009588081389665604,-0.11614717543125153,0.3267158269882202,1
800,1776962554.4559422,1776962554.4993756,/home/sylva0/on_board/logs/images/0000000800.jpg,36.1774657,-78.034392,16.059,17.401859283447266,-32.85023498535156,-16.059194564819336,0.012428918853402138,-0.07899041473865509,0.4057703912258148,1
801,1776962555.463618,1776962555.5149455,/home/sylva0/on_board/logs/images/0000000801.jpg,36.177465,-78.0343896,16.098,17.327701568603516,-32.63164520263672,-16.096113204956055,-0.050350531935691833,-0.10002435743808746,0.3296332061290741,1
802,1776962556.4731193,1776962556.529247,/home/sylva0/on_board/logs/images/0000000802.jpg,36.1774663,-78.0343931,16.061,17.473297119140625,-32.94529342651367,-16.061220169067383,0.05552150309085846,-0.04683947563171387,0.4336733818054199,1
803,1776962557.4571118,1776962557.4956717,/home/sylva0/on_board/logs/images/0000000803.jpg,36.1774663,-78.0343906,16.078,17.444290161132812,-32.824954986572266,-16.08766746520996,-0.030109161511063576,-0.12294833362102509,0.3573126494884491,1
804,1776962558.4651973,1776962558.5117998,/home/sylva0/on_board/logs/images/0000000804.jpg,36.1774678,-78.034389,16.054,17.633384704589844,-32.577117919921875,-16.054521560668945,-0.07318972796201706,-0.06716400384902954,0.3501744866371155,1
805,1776962559.4740028,1776962559.5272033,/home/sylva0/on_board/logs/images/0000000805.jpg,36.1774691,-78.0343918,15.999,17.78790283203125,-32.830101013183594,-15.999811172485352,0.014404959976673126,-0.09643155336380005,0.44638633728027344,1
806,1776962560.4822006,1776962560.5395138,/home/sylva0/on_board/logs/images/0000000806.jpg,36.1774687,-78.0343939,15.882,17.739089965820312,-33.01557922363281,-15.877103805541992,-0.006921835243701935,-0.10789287090301514,0.5033751726150513,1
807,1776962561.480023,1776962561.5347157,/home/sylva0/on_board/logs/images/0000000807.jpg,36.177466,-78.0343938,15.954,17.433094024658203,-33.006065368652344,-15.95489501953125,-0.054792359471321106,-0.16429424285888672,0.4955993890762329,1
808,1776962562.4660149,1776962562.5068138,/home/sylva0/on_board/logs/images/0000000808.jpg,36.1774656,-78.0343935,16.172,17.39876365661621,-32.98601531982422,-16.172683715820312,-0.010699227452278137,-0.1677844077348709,0.3858758509159088,1
809,1776962563.4747722,1776962563.5198598,/home/sylva0/on_board/logs/images/0000000809.jpg,36.1774657,-78.0343906,16.278,17.404083251953125,-32.722862243652344,-16.27861785888672,-0.07818710803985596,-0.14008675515651703,0.4316079318523407,1
810,1776962564.4849849,1776962564.5381863,/home/sylva0/on_board/logs/images/0000000810.jpg,36.1774652,-78.0343907,16.201,17.3467960357666,-32.73137664794922,-16.20102882385254,-0.051518119871616364,-0.13932166993618011,0.42593973875045776,1
811,1776962565.4919407,1776962565.5492837,/home/sylva0/on_board/logs/images/0000000811.jpg,36.1774662,-78.0343903,16.232,17.462589263916016,-32.69626235961914,-16.232481002807617,-0.084639772772789,-0.1701141595840454,0.4144374430179596,1
812,1776962566.4800923,1776962566.522764,/home/sylva0/on_board/logs/images/0000000812.jpg,36.1774658,-78.0343909,16.346,17.419204711914062,-32.75042724609375,-16.34630584716797,-0.06546364724636078,-0.16322119534015656,0.3916442096233368,1
813,1776962567.4858942,1776962567.5322258,/home/sylva0/on_board/logs/images/0000000813.jpg,36.1774669,-78.0343928,16.264,17.533288955688477,-32.91687774658203,-16.264204025268555,0.004591340199112892,-0.12111681699752808,0.4681521952152252,1
814,1776962568.4960136,1776962568.5493474,/home/sylva0/on_board/logs/images/0000000814.jpg,36.1774646,-78.0343919,15.912,17.285099029541016,-32.83869934082031,-15.91250228881836,-0.10505468398332596,-0.15746474266052246,0.5236057639122009,1
815,1776962569.5031075,1776962569.5624304,/home/sylva0/on_board/logs/images/0000000815.jpg,36.1774656,-78.0343921,15.789,17.391700744628906,-32.853416442871094,-15.789289474487305,-0.07024886459112167,-0.130562424659729,0.5385746359825134,1
816,1776962570.4888291,1776962570.5312986,/home/sylva0/on_board/logs/images/0000000816.jpg,36.1774668,-78.0343907,16.081,17.53422737121582,-32.7259407043457,-16.095924377441406,-0.042121436446905136,-0.17586329579353333,0.3991466164588928,1
817,1776962571.4950328,1776962571.5421047,/home/sylva0/on_board/logs/images/0000000817.jpg,36.1774728,-78.03439,16.325,18.189739227294922,-32.66886901855469,-16.325918197631836,-0.03123992308974266,-0.017721502110362053,0.39741864800453186,1
818,1776962572.5206172,1776962572.5892413,/home/sylva0/on_board/logs/images/0000000818.jpg,36.1774711,-78.0343902,16.21,17.99292755126953,-32.68653106689453,-16.20596694946289,-0.07532335817813873,-0.11624844372272491,0.37722498178482056,1
819,1776962573.506558,1776962573.5559464,/home/sylva0/on_board/logs/images/0000000819.jpg,36.1774693,-78.0343911,16.164,17.809608459472656,-32.76802444458008,-16.164108276367188,-0.03575717285275459,-0.13593320548534393,0.39025112986564636,1
820,1776962574.517188,1776962574.5750737,/home/sylva0/on_board/logs/images/0000000820.jpg,36.177468,-78.034392,16.115,17.662508010864258,-32.85023498535156,-16.115158081054688,0.0027156583964824677,-0.16210909187793732,0.350679486989975,1
821,1776962575.5023708,1776962575.5407133,/home/sylva0/on_board/logs/images/0000000821.jpg,36.1774669,-78.034392,15.9,17.536924362182617,-32.8424072265625,-15.900726318359375,-0.020960144698619843,-0.15466059744358063,0.3767299950122833,1
822,1776962576.5115232,1776962576.5553982,/home/sylva0/on_board/logs/images/0000000822.jpg,36.1774681,-78.0343926,16.01,17.667221069335938,-32.90092849731445,-16.01091194152832,0.024906909093260765,-0.13230308890342712,0.3802901804447174,1
823,1776962577.5190089,1776962577.5694184,/home/sylva0/on_board/logs/images/0000000823.jpg,36.1774711,-78.034393,15.972,18.02076530456543,-32.93952178955078,-15.974597930908203,0.04298526048660278,-0.10383179783821106,0.34798893332481384,1
824,1776962578.5297873,1776962578.5862167,/home/sylva0/on_board/logs/images/0000000824.jpg,36.1774714,-78.0343942,16.076,18.03775978088379,-33.0435905456543,-16.076997756958008,0.052867598831653595,-0.11377052962779999,0.4332978129386902,1
825,1776962579.512805,1776962579.551865,/home/sylva0/on_board/logs/images/0000000825.jpg,36.177469,-78.0343939,16.057,17.77566146850586,-33.019874572753906,-16.057727813720703,0.0347827672958374,-0.13681621849536896,0.3753760755062103,1
826,1776962580.5222688,1776962580.5659497,/home/sylva0/on_board/logs/images/0000000826.jpg,36.1774651,-78.034393,16.067,17.340972900390625,-32.9360237121582,-16.06766128540039,-0.015855226665735245,-0.19613012671470642,0.46273916959762573,1
827,1776962581.5330029,1776962581.5828521,/home/sylva0/on_board/logs/images/0000000827.jpg,36.1774626,-78.0343882,15.77,17.059864044189453,-32.50087356567383,-15.770490646362305,-0.09445787221193314,-0.1709488332271576,0.4102913737297058,1
828,1776962582.5427961,1776962582.5978663,/home/sylva0/on_board/logs/images/0000000828.jpg,36.1774625,-78.034391,15.916,17.044754028320312,-32.75612258911133,-15.916074752807617,0.006236989051103592,-0.2358456254005432,0.3700271546840668,1
829,1776962583.5523787,1776962583.614035,/home/sylva0/on_board/logs/images/0000000829.jpg,36.1774657,-78.0343923,16.109,17.409868240356445,-32.875545501708984,-16.10969352722168,-0.0029686111956834793,-0.17128534615039825,0.362612247467041,1
830,1776962584.535141,1776962584.5781245,/home/sylva0/on_board/logs/images/0000000830.jpg,36.177466,-78.0343954,16.196,17.433982849121094,-33.14936065673828,-16.196775436401367,0.012821447104215622,-0.21929973363876343,0.405478298664093,1
831,1776962585.5453987,1776962585.596066,/home/sylva0/on_board/logs/images/0000000831.jpg,36.1774672,-78.034396,16.202,17.570411682128906,-33.20193099975586,-16.202743530273438,0.004845159128308296,-0.15812018513679504,0.39413243532180786,1
832,1776962586.5540845,1776962586.610084,/home/sylva0/on_board/logs/images/0000000832.jpg,36.1774673,-78.0343949,16.15,17.579753875732422,-33.11083221435547,-16.150575637817383,0.014312377199530602,-0.18963773548603058,0.38265377283096313,1
833,1776962587.5634422,1776962587.623157,/home/sylva0/on_board/logs/images/0000000833.jpg,36.1774681,-78.0343933,15.954,17.674806594848633,-32.95923614501953,-15.954702377319336,-0.015351912938058376,-0.15769347548484802,0.41292014718055725,1
834,1776962588.551569,1776962588.5973787,/home/sylva0/on_board/logs/images/0000000834.jpg,36.1774687,-78.0343926,15.879,17.74420928955078,-32.8983154296875,-15.87912368774414,0.04681868851184845,-0.10315871238708496,0.2960985004901886,1
835,1776962589.565991,1776962589.6217952,/home/sylva0/on_board/logs/images/0000000835.jpg,36.1774709,-78.0343905,16.209,17.97911262512207,-32.71270751953125,-16.2093448638916,0.05381806194782257,-0.1617473065853119,0.43423473834991455,1
836,1776962590.5757906,1776962590.6386185,/home/sylva0/on_board/logs/images/0000000836.jpg,36.1774674,-78.0343928,16.089,17.595909118652344,-32.914085388183594,-16.08267593383789,0.02868363820016384,-0.14903664588928223,0.3335110545158386,1
837,1776962591.5599322,1776962591.602709,/home/sylva0/on_board/logs/images/0000000837.jpg,36.1774682,-78.0343906,15.862,17.683277130126953,-32.72096252441406,-15.86199951171875,-0.010045528411865234,-0.11064086854457855,0.39847469329833984,1
838,1776962592.5703492,1776962592.6226897,/home/sylva0/on_board/logs/images/0000000838.jpg,36.1774678,-78.0343913,15.984,17.643150329589844,-32.78722381591797,-15.984088897705078,0.025917844846844673,-0.13397523760795593,0.3790415823459625,1
839,1776962593.5878582,1776962593.6553195,/home/sylva0/on_board/logs/images/0000000839.jpg,36.1774671,-78.0343904,15.89,17.564767837524414,-32.699302673339844,-15.89045524597168,-0.012304573319852352,-0.09071820974349976,0.39790627360343933,1
840,1776962594.5702107,1776962594.6167011,/home/sylva0/on_board/logs/images/0000000840.jpg,36.1774684,-78.0343918,15.329,17.70652198791504,-32.82921600341797,-15.329282760620117,0.0037923138588666916,-0.13979266583919525,0.4323480725288391,1
841,1776962595.5787036,1776962595.6298587,/home/sylva0/on_board/logs/images/0000000841.jpg,36.1774674,-78.034392,14.048,17.59183692932129,-32.84547424316406,-14.048102378845215,0.01209009438753128,-0.05476326867938042,0.4597797393798828,1
842,1776962596.5889688,1776962596.6452112,/home/sylva0/on_board/logs/images/0000000842.jpg,36.1774627,-78.0343963,12.143,17.068172454833984,-33.234153747558594,-12.143442153930664,-0.009323053061962128,-0.11305215954780579,0.33037036657333374,1
843,1776962597.5730352,1776962597.6107364,/home/sylva0/on_board/logs/images/0000000843.jpg,36.1774585,-78.0344001,8.722,16.603349685668945,-33.574710845947266,-8.722199440002441,0.03138849884271622,-0.19523437321186066,0.3126453161239624,1
844,1776962598.5842016,1776962598.630089,/home/sylva0/on_board/logs/images/0000000844.jpg,36.1774613,-78.0343959,4.241,16.918859481811523,-33.20011901855469,-4.241992473602295,-0.0014278050512075424,-0.059189531952142715,0.38268065452575684,1
845,1776962599.6038003,1776962599.6655161,/home/sylva0/on_board/logs/images/0000000845.jpg,36.1774656,-78.0343913,0.285,17.40241241455078,-32.770347595214844,-0.1807166337966919,-0.13184167444705963,0.1994687169790268,0.3309895098209381,1
846,1776962600.5890813,1776962600.6355386,/home/sylva0/on_board/logs/images/0000000846.jpg,36.1774677,-78.034382,-6.786,17.622268676757812,-31.948026657104492,6.786360263824463,0.045157819986343384,-0.117202028632164,0.1674155443906784,1
847,1776962601.5978756,1776962601.6509967,/home/sylva0/on_board/logs/images/0000000847.jpg,36.1774722,-78.0343715,-12.904,18.12903594970703,-31.008953094482422,12.904871940612793,-0.09289921820163727,-0.0834544450044632,0.40887898206710815,1
848,1776962602.580389,1776962602.6161144,/home/sylva0/on_board/logs/images/0000000848.jpg,36.1774751,-78.0343664,-16.067,18.443668365478516,-30.544395446777344,16.094440460205078,-0.16733740270137787,-0.05104552209377289,0.39568817615509033,1
849,1776962603.592123,1776962603.6347382,/home/sylva0/on_board/logs/images/0000000849.jpg,36.1774744,-78.0343664,-16.639,18.375244140625,-30.550662994384766,16.639135360717773,-0.20708683133125305,-0.025433532893657684,0.3805046081542969,1
850,1776962604.5999463,1776962604.6500087,/home/sylva0/on_board/logs/images/0000000850.jpg,36.1774691,-78.034367,-16.204,17.784807205200195,-30.596771240234375,16.204761505126953,-0.20362481474876404,-0.024124186486005783,0.3653978109359741,1
851,1776962605.6067522,1776962605.66198,/home/sylva0/on_board/logs/images/0000000851.jpg,36.1774625,-78.034369,-15.172,17.046470642089844,-30.784486770629883,15.17253589630127,-0.12083298712968826,-0.015863602980971336,0.24454353749752045,1
852,1776962606.5911827,1776962606.6299093,/home/sylva0/on_board/logs/images/0000000852.jpg,36.1774605,-78.0343738,-13.652,16.82059669494629,-31.213592529296875,13.6520414352417,-0.1361754983663559,0.014294426888227463,-0.09607164561748505,1
853,1776962607.599606,1776962607.6465886,/home/sylva0/on_board/logs/images/0000000853.jpg,36.177462,-78.0343791,-12.24,16.993152618408203,-31.690767288208008,12.240367889404297,-0.12644167244434357,0.049110088497400284,-0.23095974326133728,1
854,1776962608.6072087,1776962608.6606376,/home/sylva0/on_board/logs/images/0000000854.jpg,36.1774656,-78.0343831,-11.013,17.390989303588867,-32.04820251464844,11.013882637023926,-0.03256543353199959,0.1040581613779068,-0.32167747616767883,1
855,1776962609.6153166,1776962609.6718051,/home/sylva0/on_board/logs/images/0000000855.jpg,36.1774712,-78.0343861,-9.527,18.019004821777344,-32.31324005126953,9.527604103088379,0.08232447504997253,-0.052163444459438324,-0.2876751720905304,1
856,1776962610.602786,1776962610.6414661,/home/sylva0/on_board/logs/images/0000000856.jpg,36.1774804,-78.0343885,-8.086,19.06662940979004,-32.541648864746094,8.05478572845459,0.0827074646949768,-0.05870142951607704,-0.27742812037467957,1
